limit_bal,sex,education,marriage,age,pay_status_1,pay_status_2,pay_status_3,pay_status_4,pay_status_5,pay_status_6,bill_amt_1,bill_amt_2,bill_amt_3,bill_amt_4,bill_amt_5,bill_amt_6,pay_amt_1,pay_amt_2,pay_amt_3,pay_amt_4,pay_amt_5,pay_amt_6,default_payment_next_month
70000,1,2,2,30,1,2,2,0,0,2,65802,67369,65701,66782,36137,36894,3200,0,3000,3000,1500,0,1
90000,1,1,2,23,0,0,0,-1,0,0,4744,7070,0,5398,6360,8292,5757,0,5398,1200,2045,2000,0
360000,1,1,2,33,0,0,0,0,0,0,218668,221296,206895,628699,195969,179224,10000,7000,6000,188840,28000,4000,0
70000,2,1,2,25,0,0,0,0,0,0,67521,66999,63949,63699,64718,65970,3000,4500,4042,2500,2800,2500,0
40000,2,1,2,30,0,0,0,2,0,0,18927,21295,25921,25209,26636,29197,3000,5000,0,2000,3000,0,0
380000,1,2,2,32,-1,-1,-1,-1,-1,-1,22401,21540,15134,32018,11849,11873,21540,15138,24677,11851,11875,8251,0
70000,1,3,2,42,1,2,2,2,2,0,37042,36171,38355,39423,38659,39362,0,3100,2000,0,1500,1500,1
200000,2,1,2,34,-1,3,2,2,2,2,1587,1098,782,1166,700,1414,0,0,700,0,1200,0,0
70000,1,2,1,39,0,0,0,0,0,-1,70800,72060,69938,16518,14096,830,4025,2095,1000,2000,3000,0,0
50000,1,1,2,29,2,2,2,2,2,2,24987,24300,26591,25865,27667,28264,0,2700,0,2225,1200,0,1
200000,2,2,1,32,-1,-1,-1,-1,2,-1,9076,5787,-684,5247,3848,3151,5818,15,9102,17,3165,1395,0
340000,1,1,2,32,-1,-1,-1,-1,-1,-1,3048,5550,23337,4291,80153,25820,5713,23453,4314,80552,25949,2016,0
300000,2,1,1,45,-1,-1,-1,-1,-1,-1,291,291,291,291,291,291,291,291,291,291,291,291,0
360000,2,1,2,26,0,0,0,0,0,-1,23411,27796,30400,33100,180000,196,4796,3400,3100,146900,196,2963,0
360000,2,1,1,45,-1,-1,2,0,-1,-1,390,1170,780,390,390,390,1170,0,0,390,390,390,1
80000,1,2,2,26,2,0,0,0,0,0,14029,15493,16630,17055,17629,18186,2000,1700,1000,1000,1000,1000,1
240000,1,2,1,34,0,0,0,2,2,2,10674,12035,13681,13269,14158,13891,1500,1800,0,1000,0,327,0
210000,2,2,1,33,0,0,0,0,0,0,7166,7997,8792,9189,4404,5708,1500,1500,1000,500,2000,546,0
200000,2,1,2,37,0,0,0,0,0,0,105420,102870,89643,90938,92505,94031,4000,3250,3250,3500,3560,5000,0
110000,2,1,2,27,0,0,0,0,0,0,101640,104795,104855,74737,76058,77254,5500,3900,3000,2900,3000,2800,0
300000,2,1,2,30,-1,-1,-1,-1,-1,-1,688,3280,0,4340,2672,800,3288,0,4340,2672,800,746,0
50000,2,2,2,22,-1,0,0,0,0,0,8567,15273,11650,7457,3115,7725,15000,1000,149,0,5000,10000,0
80000,2,2,1,29,0,0,2,0,0,0,77883,81811,80250,61467,10662,11486,5800,1000,600,400,1000,0,0
80000,2,2,2,24,0,0,0,0,0,0,81625,81554,79599,49552,49509,49568,3200,3000,2038,2000,1800,1800,1
80000,1,2,2,36,2,0,0,0,0,0,79278,78501,78534,80016,76235,78245,3100,3500,3400,3000,3500,3000,0
110000,2,3,3,31,0,0,0,0,0,0,89989,84229,79288,73315,63818,63208,4000,5000,3000,3000,3000,8954,0
20000,1,2,1,37,0,0,0,0,0,0,16455,16511,18902,18768,18650,19175,1609,3000,663,676,834,782,0
80000,1,1,2,35,-1,-1,-1,-1,-1,-1,7988,3977,6848,1719,1378,19942,3983,6853,1719,1378,19942,2418,0
30000,1,2,2,28,0,0,0,0,0,0,29242,29507,29155,25255,22001,0,5006,1244,851,955,0,0,0
160000,2,2,1,33,-1,-1,-1,-1,0,-1,8015,2453,9624,52572,7333,2210,2453,9880,52572,1546,2210,0,0
100000,2,3,1,43,0,0,-2,-2,-2,-2,62170,0,0,0,0,0,0,0,0,0,0,0,0
40000,2,1,2,48,0,0,0,0,0,0,34871,34449,33634,34586,34762,35673,1600,1600,1500,1500,1500,1500,0
50000,1,2,2,27,3,2,2,0,0,-1,13694,14880,14242,13968,14319,2614,1700,0,426,501,2614,1390,1
120000,1,1,1,34,-1,2,-1,0,0,0,1082,632,1350,900,450,0,0,1350,0,0,0,450,0
260000,2,1,2,58,1,-2,-2,-2,-2,-2,0,0,0,0,0,0,0,0,0,0,0,0,1
270000,1,2,1,44,0,0,0,0,-1,-1,127543,109189,92630,69669,44149,43414,10063,5162,10150,44299,43509,31031,0
180000,2,3,2,30,0,0,0,0,0,0,163935,153152,147032,122196,103692,70204,7722,6091,3563,3605,3000,3211,0
210000,2,1,1,46,-1,-1,-1,-1,-1,-1,110346,41986,21874,20076,16171,586,41986,21874,20076,16171,586,19777,0
100000,2,2,2,25,2,0,0,0,0,0,70896,71678,70125,69856,69718,51365,3472,2092,2000,2127,1960,1559,1
280000,2,1,1,36,0,0,0,0,0,0,58983,60788,63225,29701,30172,30771,2755,3463,1300,1100,1100,2000,0
20000,2,1,2,25,0,0,2,0,0,0,11968,14564,27820,15824,15761,12510,2800,0,4000,1700,1000,2000,1
340000,2,1,2,27,0,0,0,0,0,0,172180,180140,166281,155628,145645,103263,21105,5461,5000,5849,2732,50000,0
230000,2,2,1,28,0,0,0,-2,-1,-1,26361,18826,1100,2100,767,6173,1710,1100,1000,767,6173,1000,1
340000,1,2,1,55,-2,-1,-1,-2,-2,-2,50396,44665,8300,2190,24599,7416,44665,8321,2190,24599,7416,77195,0
260000,2,1,2,30,0,0,0,0,0,0,156882,160246,159988,158114,158762,159108,10000,8000,6000,7000,7000,6000,0
120000,2,1,2,34,-1,-1,0,-1,-1,-1,882,6531,6313,1100,1330,830,6900,5037,1100,1330,3800,2037,0
180000,1,1,1,39,0,0,-1,0,0,-1,274731,281713,242063,122295,-1005,1005,11000,145000,26000,0,101005,1898,0
160000,2,1,2,29,-1,-1,-2,-1,0,0,3097,-707,-2697,2303,6182,1654,0,0,5000,5000,1500,13000,0
110000,2,4,2,24,0,0,0,0,0,0,83755,77431,79044,80631,82333,84462,3000,2900,2900,3000,3500,4000,0
110000,1,1,1,40,1,-2,-1,0,-1,-1,0,0,2066,2000,216,216,0,2066,0,216,216,66,1
230000,2,1,2,35,-2,-2,-2,-2,-2,-2,761,300,399,665,576,613,300,399,665,576,613,520,0
50000,2,2,1,61,0,0,0,0,0,0,47166,49396,50476,23319,23171,24774,3000,2237,975,1000,2000,1039,0
20000,2,2,1,32,3,2,0,0,0,0,20631,20010,19703,11084,10918,10985,0,1168,384,390,632,616,1
160000,1,1,2,30,-1,-1,-1,-1,-1,-1,99,2977,15086,8578,13028,21712,2977,15086,9123,13028,29712,50000,0
210000,1,1,2,30,0,0,0,0,0,0,69937,71906,43308,44584,47842,49888,3500,3000,2000,4000,3000,10000,0
130000,2,2,2,29,0,0,0,0,0,0,89055,90780,70947,72367,73875,75355,4200,2575,2600,2674,2701,5750,0
30000,1,2,1,48,0,0,0,0,0,0,27879,28870,27806,25142,25667,26179,1774,1710,1046,1079,1089,2244,0
500000,1,1,1,37,1,2,0,0,0,0,507062,491956,430637,376657,356636,303510,325,15296,12137,12312,14113,10526,0
280000,1,1,2,31,0,0,0,0,0,0,168382,175646,180650,182672,168399,167983,10000,8000,6371,6217,5947,6288,0
60000,2,1,2,23,1,2,2,2,2,2,29332,28577,30805,31601,32349,32965,0,2709,1600,1400,1300,1200,1
230000,2,1,1,32,1,-2,-1,-1,-1,-1,0,0,2809,4595,792,3404,0,2809,4606,792,3404,0,0
230000,2,2,2,27,1,2,0,0,0,0,13668,12647,13135,10596,9218,5068,0,1064,423,313,1000,4641,1
440000,2,1,2,29,0,0,0,0,0,0,169661,167199,158520,156977,157963,151936,8071,9021,7013,6013,6028,6010,0
230000,2,2,2,38,-1,-1,-1,-1,-1,-1,10237,2795,1350,371,2980,0,2795,1350,371,2980,0,2213,0
70000,1,1,2,27,0,0,0,0,0,0,70119,68536,66601,29401,28949,29795,3600,1646,600,28468,1327,1000,0
210000,2,2,2,33,0,0,0,0,0,0,212601,177946,119362,117766,68791,66167,6000,4500,5000,3000,3000,3000,0
50000,2,1,1,25,0,0,0,0,0,0,51044,50231,46677,44982,21399,20859,2500,3008,1000,761,800,704,0
50000,1,2,2,23,-1,-1,-1,-1,0,0,350,350,400,1695,12645,12584,350,400,1695,11300,485,2400,0
180000,2,1,1,53,-1,-1,-1,0,0,-1,46122,1260,29366,5400,0,1599,1260,29366,54,0,1599,0,0
260000,1,2,2,37,0,0,0,-1,0,0,255691,262736,36638,122388,127402,131074,14000,5022,130000,7000,6000,6000,0
200000,2,1,2,26,0,0,-2,-2,-2,-2,156786,179,1443,1443,1443,871,179,1443,1443,1443,871,2015,0
80000,1,2,2,42,0,0,0,0,0,0,78129,28202,78553,49340,48919,48443,2500,51432,1800,1800,1800,1700,0
180000,2,2,1,38,0,0,0,0,0,0,152510,151651,159019,123022,126075,126219,5657,10372,5000,5000,5000,5000,0
290000,2,2,2,26,0,0,0,-1,-1,0,20807,99860,100000,3015,23473,1448,80000,3000,3015,23473,1148,4900,0
180000,1,2,1,34,-1,-1,-1,-1,-1,-1,2927,2790,1140,2144,1180,1382,2790,1140,2144,1180,1382,2440,0
200000,1,1,2,31,-2,-2,-2,-2,-2,-2,0,0,0,0,0,0,0,0,0,0,0,0,0
70000,2,2,2,28,0,0,0,0,-1,2,41264,41799,37887,37876,6736,4162,2112,1200,758,6736,0,0,0
220000,2,2,1,36,-1,-1,-1,0,-1,-1,396,1648,792,396,396,396,1648,792,0,396,396,792,1
250000,2,1,1,49,-1,-1,-2,-1,-1,-1,66,0,0,120,-6,1639,0,0,120,6,1645,0,0
30000,2,2,1,38,0,0,0,0,2,2,20344,21705,22537,24161,25128,24576,2000,1500,2000,1500,0,1200,0
100000,1,3,1,56,0,0,-1,0,0,0,94265,53376,85787,78762,79529,80335,2385,88678,2169,2634,3132,732,0
360000,1,1,2,28,-1,-1,-1,0,0,-1,1210,820,64644,125984,106584,125557,390,75720,62520,17000,132200,167000,1
20000,2,2,2,21,-1,-1,2,2,-1,-1,18763,14410,13771,362,5308,0,14410,0,28,22073,0,0,0
50000,1,2,2,23,0,0,0,0,0,0,34549,18552,19334,18165,19322,19575,2836,1200,13000,1500,9000,1000,0
50000,1,2,3,30,0,0,0,0,0,0,97538,49187,17518,17710,18079,18302,2454,1588,780,803,673,637,0
30000,2,2,1,36,2,3,2,2,0,0,28778,28039,28286,27533,28189,28805,0,1000,0,1100,1100,1500,1
230000,2,1,2,28,-1,-1,0,0,0,0,2403,7357,9752,12608,10797,20539,7357,2566,3000,1000,10000,2000,0
120000,1,1,2,27,0,0,0,0,0,0,52437,50473,45087,35424,31760,31214,5024,5000,5000,4000,5000,3500,0
160000,2,1,1,33,-2,-2,-2,-2,-2,-2,5233,5393,1824,350,150,199,5401,1829,350,150,199,1145,0
360000,2,2,2,52,-2,-2,-2,-2,-2,-2,640,2113,-6,999,944,-3,2231,0,1005,948,0,789,0
360000,1,1,2,28,-1,-1,-1,-1,-1,-1,7071,401,3545,10540,10132,6220,1510,3575,10573,10155,6240,16071,0
290000,1,1,1,53,2,0,0,0,0,0,279610,282024,282508,284660,255892,238266,13000,10200,10265,8803,8300,8546,1
50000,1,2,2,36,0,0,0,0,0,0,5197,6015,6615,7131,6987,6980,1300,1100,1000,500,500,1000,0
80000,2,3,2,53,0,0,0,0,0,0,77766,77954,78512,60452,61556,54022,4000,2374,2007,2500,3000,2000,0
160000,1,1,2,34,0,0,0,0,0,0,83255,83912,85161,85715,86773,87526,4000,3924,3200,3300,3425,3013,0
80000,1,2,1,32,0,0,0,0,0,0,48747,45955,44989,41358,42379,38052,2145,1844,2009,5017,2000,5002,0
170000,1,1,1,53,0,0,0,0,0,0,17862,17927,18800,17647,18015,12930,1323,1196,544,563,629,361,0
50000,1,1,2,34,1,2,2,2,2,2,22746,22099,24121,23437,25101,24549,0,2700,0,2200,0,1030,0
220000,1,1,2,43,0,0,-1,-1,-1,-1,44177,25736,19292,18900,13580,33150,1006,32906,18900,13580,33150,0,0
150000,1,1,2,33,0,0,0,0,0,0,21724,23168,23320,24085,24149,3323,2100,1200,965,64,509,8399,0
200000,2,2,1,39,0,0,0,0,0,0,80833,79100,70764,71629,70805,70718,3315,3088,2572,2559,2526,2620,0
180000,2,2,2,28,-1,-1,-1,-1,-1,-1,340,-120,420,460,460,610,0,1000,500,460,610,460,0
30000,1,3,1,48,0,0,0,0,0,0,29434,28960,29022,29201,29553,29693,1465,2000,1033,1200,1055,530,0
50000,2,3,1,49,0,0,0,0,0,0,5630,6629,5918,6918,6941,4756,1107,1000,1000,1500,2150,0,0
400000,2,1,2,40,-1,-1,-1,-1,-1,0,60125,1981,4521,20472,76933,173599,1981,4521,20500,77000,100000,7700,0
280000,1,2,1,42,0,0,0,0,0,0,148363,148432,151310,141937,144990,147911,6900,6867,5500,5500,5500,5600,0
80000,2,2,2,24,0,0,0,0,0,0,77615,77303,66396,55639,56873,58390,3100,2586,2000,2500,3000,2500,0
240000,2,2,2,26,0,0,-1,-1,-1,-1,14348,7500,7816,7500,7500,14497,1000,7816,7500,7500,14497,500,0
20000,2,1,2,22,0,0,0,0,0,0,20137,20179,18067,18666,19115,19547,1300,1301,900,900,900,1600,0
80000,2,1,2,23,0,0,0,0,0,-1,53261,38091,19744,14556,0,1460,4500,2011,3105,0,1460,0,0
50000,1,1,2,22,0,0,0,0,0,-1,5137,5960,6270,6000,5810,390,1300,1000,120,200,390,1170,0
110000,2,2,3,45,0,0,0,0,0,0,26650,20787,20566,21158,22141,22158,1532,2000,783,3000,2000,2000,0
140000,1,1,1,40,0,0,0,0,0,0,123049,125616,129695,130735,133467,136287,4310,5913,4426,4580,4770,4767,0
280000,1,1,1,41,-2,-2,-2,-2,-1,0,28026,41302,51500,35752,3955,13969,41346,52110,35752,3955,13939,4437,0
50000,2,2,3,30,1,3,2,0,0,0,52515,51424,49967,20036,20076,37615,0,0,2000,1000,1000,1600,1
20000,1,2,2,24,0,0,-1,2,0,0,10476,7279,688,688,688,1320,1000,688,0,0,650,0,0
150000,2,1,1,35,1,-2,-2,-2,-2,-2,0,0,0,0,0,0,0,0,0,0,0,0,0
60000,1,1,2,29,-1,2,-1,-1,2,2,546,255,464,1173,732,1023,0,500,1000,0,582,0,1
160000,2,1,1,37,-1,-1,-1,-1,-1,-1,316,316,0,316,632,0,316,0,316,632,0,316,0
70000,1,1,2,51,0,0,0,2,0,0,43048,43257,44115,41112,39922,40150,3000,4000,0,1500,3000,5000,0
260000,2,2,1,46,-2,-2,-2,-2,-2,-2,29484,28592,16869,12713,10420,12532,10000,3000,12713,10420,12532,12151,0
170000,1,3,2,38,0,0,0,0,0,0,21310,22957,24266,25556,29949,34434,2000,2000,2000,5000,5000,5000,0
50000,1,2,2,26,0,0,0,0,0,0,48036,46787,42011,19147,2845,20041,2100,1227,383,2000,20000,649,1
260000,1,1,2,44,-1,-1,-1,-1,-1,-1,316,316,316,316,316,466,316,316,316,316,466,316,0
60000,2,1,2,26,1,2,0,0,0,0,29649,21657,28736,42733,46404,37993,0,8000,15000,9000,10000,0,0
50000,2,1,1,32,2,0,0,-1,0,-1,47858,49223,42589,639,4639,2312,2500,3000,7000,4000,2413,2000,1
500000,2,1,2,26,1,-2,-2,-2,-2,-2,31421,22150,0,0,0,0,22157,0,0,0,0,0,0
230000,2,1,1,35,-1,-1,-1,-1,0,0,2648,191,1947,11674,16160,32519,200,1950,11692,10000,20000,6000,0
280000,2,3,1,40,1,-2,-2,-2,-2,-2,-288,-288,-288,-288,-288,2124,0,0,0,0,2412,0,0
400000,1,1,2,37,-1,-1,-1,-1,-2,-1,385,12695,1290,0,0,3058,13032,1290,0,0,3058,3768,0
300000,2,1,1,36,0,0,0,0,-2,-1,25239,25001,20800,0,0,65755,1713,1000,0,0,65755,3000,0
700000,2,1,1,39,0,0,0,0,-2,-1,99259,102345,109636,326,2016,61707,5000,10000,326,2016,61707,17785,0
120000,1,3,1,33,1,2,2,2,2,2,66055,67405,68405,69387,70727,72215,3000,2700,2700,2600,2800,0,1
280000,2,2,1,39,0,0,2,0,0,0,213738,228963,223810,158542,162244,108143,20300,0,5600,6300,4000,4000,0
20000,2,1,2,22,0,0,0,0,0,0,20243,20400,19583,19983,20196,19705,1410,1200,534,700,1000,0,0
320000,1,1,2,28,-1,0,0,-1,0,0,2007,3477,3037,1633,3633,0,2000,1000,1633,2000,0,3000,0
30000,2,2,1,32,-2,-2,-2,-2,-2,-2,0,0,0,0,7463,6804,0,0,0,7463,6804,4985,0
150000,1,3,1,37,4,4,4,3,2,0,151117,153787,150320,147989,143355,143131,6500,0,512,0,4388,4221,1
80000,2,3,1,57,-1,2,-1,0,0,0,726,726,15400,15000,15000,15000,0,15400,0,0,0,100,0
30000,2,2,2,25,-2,-2,-2,-2,-2,-2,26957,26269,17036,27497,16098,7300,1333,2256,27497,787,200,0,0
30000,2,3,2,52,2,2,7,7,7,7,2450,2450,2450,2450,2450,2450,0,0,0,0,0,0,1
30000,2,2,1,46,0,0,0,0,0,0,28234,28874,29437,27738,27268,27409,1484,1436,1120,995,989,800,0
100000,1,1,2,35,0,0,-2,-2,-2,-2,29109,0,0,0,0,0,0,0,0,0,0,47970,0
500000,2,3,1,38,-2,-2,-2,-2,-2,-2,13655,8351,2340,2340,11435,189,8351,2340,2340,11435,189,5391,0
20000,2,2,1,43,2,0,0,0,0,2,15294,16340,17359,17776,19293,18844,1300,1300,700,1800,0,1000,0
200000,1,1,2,30,-1,-1,-1,0,0,0,4935,-200,11463,11751,11772,5318,0,11663,9363,3232,3000,1000,0
210000,2,2,1,49,1,-2,-2,-2,-2,-2,0,0,0,0,0,0,0,0,0,0,0,0,1
230000,2,1,2,38,0,0,0,0,0,0,224020,227311,184500,128190,130883,133504,8750,7470,4540,4710,4750,4900,0
200000,1,1,2,31,-2,-2,-2,-2,-2,-2,100,100,100,100,100,100,100,100,100,100,100,100,0
110000,1,1,3,55,1,2,2,2,3,2,92610,94755,92351,101140,99260,101577,4500,0,11300,0,4100,0,1
90000,2,3,3,51,0,0,0,0,2,0,11315,12340,13349,14276,13904,14184,1212,1221,1148,0,510,525,1
360000,2,1,2,27,0,-1,0,-1,-1,-1,79837,27456,68117,39105,54456,46153,27465,50154,39105,54456,46153,40000,0
500000,1,1,2,32,-1,0,0,0,0,0,386405,387910,293177,274539,253443,253671,25016,20018,10000,79377,52778,10000,0
350000,1,1,1,48,0,0,0,0,0,0,54969,47978,48631,48351,47939,33827,2087,1989,1591,1466,2000,1500,0
120000,1,1,2,32,1,-2,-2,-2,-2,-2,0,0,0,0,0,0,0,0,0,0,0,0,1
20000,1,2,1,46,0,0,0,0,0,0,5902,6767,8145,8153,8324,8490,1122,1500,291,302,304,319,0
180000,2,1,2,36,-2,-2,-2,-2,-2,-2,10737,21197,11936,40420,9210,17795,21197,11936,40420,9210,17795,6915,0
50000,2,2,1,36,0,0,0,0,0,0,16906,17645,18478,10279,10646,10776,1314,1147,348,512,435,190,0
200000,2,2,1,32,-1,-1,-1,-1,-1,-1,5150,10190,10190,10190,10594,11193,10190,10190,10190,10594,11193,10190,0
50000,1,2,1,44,-1,-1,-1,-1,-1,-1,1261,1261,1261,1261,1261,1261,1261,1261,1261,1261,1261,1261,0
50000,2,1,2,23,-2,-2,-2,-2,-2,-2,49860,50187,50022,20114,18777,18273,2500,1289,917,1315,5042,2512,0
360000,2,1,2,25,0,0,0,0,0,-2,279846,169426,68810,12800,0,0,7004,1793,2757,0,0,0,1
290000,2,1,2,29,1,-2,-2,-2,-2,-2,0,0,0,0,0,0,0,0,0,0,0,0,1
360000,1,1,1,38,1,-2,-2,-2,-2,-2,0,0,0,0,0,0,0,0,0,0,0,0,1
200000,2,2,2,36,-1,-1,-1,-2,-2,-1,1371,4068,0,0,0,980,4077,0,0,0,980,0,0
140000,2,3,2,57,2,0,0,0,0,0,131795,134083,125360,99313,90623,92425,6743,5421,3926,3290,3310,3424,1
150000,2,2,2,25,0,0,0,0,0,0,142827,126317,75324,78773,95375,57663,5000,4000,5000,40000,3000,2880,0
170000,1,1,2,33,-1,-1,-1,-1,-1,-1,764,1100,500,2499,1500,600,1105,500,2499,1500,600,2100,0
230000,2,2,2,52,2,-1,2,0,-1,-1,1292,3943,1990,1499,593,2553,3951,1,9,594,2560,3759,1
110000,2,2,1,42,0,0,0,0,0,0,55349,52914,49483,49292,49460,49470,2096,2003,1802,1783,1783,1756,0
140000,2,3,2,24,1,2,2,2,0,0,42897,45739,46468,45422,46371,47297,3821,1775,0,1833,1850,2000,1
30000,1,1,1,42,0,0,-1,-1,-1,-1,28033,17085,200,323,29525,0,1525,200,323,29525,0,0,0
230000,1,2,1,53,2,2,-2,-2,-2,-1,1350,0,0,0,0,470,0,0,0,0,470,0,0
100000,1,3,2,47,0,0,0,0,0,0,94925,95130,60003,38500,4681,76728,3889,2412,1698,679,72809,2748,0
110000,2,2,1,43,0,0,2,0,0,0,108616,114854,105275,107561,105502,103813,9600,0,4000,3765,4000,4200,0
70000,2,2,2,38,0,0,0,0,0,0,22578,23606,24619,25107,25634,26143,1397,1410,898,931,936,970,0
210000,2,3,2,46,1,2,0,0,-1,-1,5816,5579,20079,17309,2310,241,13,17309,0,2310,241,4000,1
150000,2,3,2,28,-2,-1,-1,-1,-1,-1,1723,2292,240,683,3486,5390,6876,240,683,3486,5390,1200,0
50000,1,3,1,54,0,0,0,0,0,0,38607,39681,40717,41682,42857,45581,2000,2000,1642,2000,3600,0,0
200000,2,2,1,41,0,0,0,0,0,-1,18012,18367,16996,11461,8150,5584,1385,1020,229,183,5584,888,0
140000,2,2,1,24,-1,-1,-2,-2,-1,-1,2515,0,0,0,2243,5530,0,0,0,2243,5530,4441,0
100000,2,2,1,35,2,0,0,2,2,0,98845,95265,98571,99322,96661,95951,4600,8002,4003,2,4005,4000,1
20000,1,3,1,47,1,2,0,0,0,2,19739,19137,19857,15422,19279,9537,0,1200,0,9537,0,0,0
130000,2,1,2,23,-1,-1,-1,0,-1,0,3820,2640,30403,9630,7120,3940,2640,30403,193,7120,79,9589,0
70000,1,1,2,33,0,0,0,0,-2,-2,70524,70740,46740,0,0,0,2500,2000,0,0,0,0,0
180000,2,2,1,36,0,0,0,-2,-1,0,21494,25600,0,0,36565,37353,5000,0,0,36565,1548,1000,0
140000,2,2,1,29,0,0,0,0,0,0,81764,92071,43777,22806,12643,29707,20167,5000,28800,2000,20007,10009,1
240000,2,1,2,29,0,0,0,0,0,-2,3093,2322,8186,3980,0,0,2000,2020,2500,0,0,85,0
120000,1,1,2,29,0,0,0,0,0,0,30101,31281,30180,30471,31110,31728,2000,2000,1090,1129,1135,1200,0
230000,2,2,1,51,0,0,0,0,0,0,51802,53956,56968,58099,59318,60504,3000,3921,2079,2155,2174,2225,1
30000,2,1,2,24,-1,-1,-1,0,0,0,3019,1479,18860,950,5660,0,1479,18881,0,4710,0,7153,0
20000,1,2,2,21,0,0,-1,0,0,-2,20297,17054,2333,1300,0,0,1240,2333,0,0,0,0,0
240000,2,3,1,41,-1,-1,-2,-1,-1,-1,5325,-5,-5,1074,1972,1876,5,0,1079,1977,1885,1211,0
50000,1,2,2,27,2,2,0,0,0,0,23901,13262,8643,7382,1975,50514,4146,1200,0,0,49800,0,1
60000,1,1,1,33,-1,-1,-1,-1,-1,-1,8308,7565,8373,7565,7565,7565,7565,8373,7565,7565,7565,7565,0
80000,2,2,1,35,-1,-1,-1,-1,-1,0,2890,9796,13443,396,396,396,9796,13443,396,396,0,396,0
20000,2,1,2,22,0,0,0,0,0,0,15829,15299,16262,16749,13764,18732,1600,1550,1000,1000,5283,0,0
230000,1,1,2,26,-2,-2,-2,-2,-2,-2,416,371,416,416,566,416,371,461,416,566,416,0,0
380000,1,2,1,50,0,0,0,0,0,0,385662,294826,220022,154283,35270,332270,12020,9009,6109,3000,332000,12000,1
150000,2,3,1,43,-1,-1,2,0,-1,-1,264,948,632,316,316,1414,1000,0,0,316,1414,0,1
70000,2,2,2,34,1,2,2,2,0,0,24208,25015,27189,26456,28361,31873,1500,2900,0,2500,4000,0,0
10000,2,2,3,46,1,2,0,0,0,0,9532,9236,10047,8775,8984,7628,0,1006,1390,1000,1000,2000,0
140000,2,4,2,36,0,0,0,0,0,0,91226,83650,80037,53055,102587,98251,4182,4000,4000,98000,4000,3500,0
20000,2,3,1,48,1,2,2,3,2,2,14589,16743,17522,17055,10400,0,2700,1400,0,0,0,0,1
80000,2,1,2,29,0,0,0,0,0,0,16936,17963,18976,19660,20343,21003,1303,1316,1000,1000,1000,933,1
70000,1,2,1,37,-1,2,0,0,-1,-1,10323,6659,6740,3559,7086,6979,0,3559,189,7086,3370,0,1
60000,1,3,2,36,3,2,0,0,0,0,56807,55339,55751,37851,34195,33499,0,2141,2000,2000,2000,2000,0
140000,1,2,2,26,2,0,0,0,0,0,133572,135367,113272,115685,118171,120550,6169,4500,4287,4500,4500,9500,1
270000,1,3,1,47,0,0,0,0,0,0,165303,168837,172281,175705,179582,184650,6200,6254,6290,6710,8250,0,0
390000,2,1,1,34,1,-2,-1,-1,-2,-2,0,0,1266,0,0,0,0,1266,0,0,0,0,0
250000,2,1,1,43,-1,-1,-1,0,0,-1,17454,-50,45297,17371,11481,5922,24890,48394,0,5461,15000,6000,0
20000,2,2,1,49,0,0,-1,-1,0,0,13882,13342,808,18910,19306,19809,2018,404,19000,677,800,601,0
300000,2,3,2,29,-2,-2,-2,-2,-2,-2,-140,28092,3572,195,209,990,28232,3589,195,210,994,0,1
70000,2,2,2,26,2,2,2,3,2,2,42583,43600,47550,46487,47298,46384,2000,5000,0,1700,0,3700,1
200000,2,3,2,49,-1,-1,0,0,0,-1,7697,18951,27974,30596,38109,22170,20071,20036,15022,15113,22235,3919,0
220000,2,2,1,49,0,0,0,0,0,0,172184,170697,168041,163783,160806,158866,7583,7461,5809,5608,6500,6100,0
30000,2,3,1,28,0,0,0,2,0,0,23182,19083,19632,15252,14021,13793,2000,2000,0,1500,1353,0,0
70000,2,3,1,38,0,0,0,0,0,0,24758,25581,16105,17571,18330,16268,1273,1534,2000,1000,1000,1000,0
390000,1,1,1,41,0,0,0,0,0,0,495559,248821,216051,208373,199727,186332,10218,8035,7035,6056,8053,5603,0
270000,2,1,1,42,2,2,5,5,4,3,1250,1250,1250,1250,650,350,0,0,0,0,0,0,0
80000,1,3,2,26,1,2,2,2,2,2,71661,69947,74755,75732,74397,80138,0,6000,2800,0,7000,8,0
110000,2,1,2,36,0,0,0,0,0,0,108316,100784,88568,43720,42138,43085,4600,3500,2000,2000,1800,1700,0
20000,2,2,1,39,1,2,2,0,-1,-1,14112,11221,10656,7928,580,0,3520,0,1000,580,0,0,0
20000,2,1,2,23,0,0,0,0,0,0,19990,20038,19571,14362,15127,15872,1438,1300,1000,1000,1000,2000,0
300000,2,1,1,36,-1,-1,-2,-2,-2,-2,8385,-27,-27,-27,-27,-27,27,0,0,0,0,0,0
300000,2,1,1,45,-1,-1,-1,0,0,-1,6608,10009,22456,22056,14020,1230,10017,22456,0,0,1230,0,1
420000,2,2,2,25,-1,0,0,0,0,0,28206,122212,117835,112705,111357,108306,100000,4013,3822,4086,3800,3600,0
130000,2,2,2,24,0,0,0,0,0,0,122750,118319,61466,48288,48898,49699,4966,2034,1710,1765,2000,2672,0
30000,1,2,2,44,-1,0,-1,0,-1,-1,21043,21183,1754,666,1339,1748,1196,1757,2,1443,1949,0,0
100000,1,1,2,31,2,2,2,2,2,2,33752,32928,35572,34700,36942,36196,0,3200,0,2800,0,1511,1
80000,2,1,2,29,0,0,0,2,0,0,81337,80290,82215,80422,78284,77270,2842,20412,0,3000,3000,3000,1
40000,1,1,2,24,1,2,0,0,0,3,28926,28182,28912,29495,33011,32194,0,1500,1064,4000,0,0,1
290000,2,1,2,33,-1,-1,-1,-1,-1,-1,413,486,820,60,1773,3904,486,820,60,1773,3904,0,1
210000,1,2,2,37,0,0,0,0,0,0,142149,139025,50283,159231,155342,156769,6534,3069,110017,5496,6307,5376,0
30000,2,1,2,25,0,0,0,0,0,-2,3924,4972,5873,5993,0,0,1099,1000,120,0,0,0,0
70000,2,1,2,22,0,0,0,0,0,0,71358,70285,28867,29766,26522,27584,3280,1480,1360,960,1500,1000,0
310000,2,2,1,39,0,0,0,0,0,0,7246,6713,9507,8894,7418,12154,1155,4507,1000,283,7482,2473,0
200000,2,2,2,33,0,0,0,0,0,0,184676,178491,169860,165713,168199,160769,7900,6112,6000,6000,5838,5900,0
20000,2,2,2,24,0,0,0,0,0,0,19433,20508,19662,20001,16448,16774,1700,1300,600,600,600,622,0
50000,2,2,2,25,0,0,0,-1,-1,2,46528,47456,36251,438,43367,44305,1794,1021,438,43367,1800,0,0
90000,2,1,2,27,0,0,0,0,0,0,81111,83081,60210,61221,62636,54261,3500,3000,2600,2600,3000,1500,0
30000,2,1,2,27,2,2,2,2,2,2,28207,29261,28497,29862,43148,30603,1800,0,2150,900,3776,0,1
120000,1,1,2,38,1,-2,-2,-2,-2,-2,-284,-610,-936,-1262,-1588,-1914,0,0,0,0,0,0,0
360000,2,2,1,50,-1,-1,-1,-1,-1,-1,147,686,6037,1560,0,275,686,6041,1560,0,275,0,0
20000,1,2,2,25,0,0,2,2,4,3,16508,19638,19030,22033,21109,20474,3400,0,3633,0,0,0,0
230000,2,1,2,29,0,0,0,0,0,0,63184,64667,65888,66645,67865,69231,3100,3000,2300,2300,2500,2300,0
360000,2,2,2,34,1,-2,-2,-1,-1,-2,0,0,0,700,0,0,0,0,700,0,0,0,1
150000,1,1,2,32,0,-1,-1,-1,-1,-2,46272,1079,0,41147,-3,-3,1082,0,41147,0,0,0,0
500000,2,1,2,42,-1,-1,-1,2,-1,-1,30439,1844,844,614,2887,3850,1844,1000,0,3000,4000,6000,1
30000,2,3,1,56,0,0,2,2,0,0,16088,24800,25098,24396,24907,25555,9000,1000,0,903,1061,942,0
50000,2,3,2,40,0,0,0,0,0,0,5538,6563,7422,8292,8465,8650,1271,1130,1000,307,325,436,0
100000,1,3,2,52,0,0,0,0,0,-1,73904,73249,12327,10793,5309,900,2781,2101,216,0,900,500,0
150000,2,1,1,31,1,-2,-2,-2,-2,-2,0,0,0,0,0,0,0,0,0,0,0,0,0
360000,1,1,1,32,-2,-2,-2,-2,-2,-2,10729,2523,-2,-2,-2,-2,2535,0,0,0,0,0,0
90000,2,2,2,33,0,0,-1,-1,0,0,63626,1788,1988,55970,59612,40281,1000,2000,61000,5000,1800,1200,1
50000,2,2,1,47,0,0,0,0,0,0,44624,45128,3837,3913,4146,4225,2355,1064,140,296,296,301,1
200000,1,1,2,34,0,0,0,0,0,0,67002,76429,94564,95859,99593,101834,10000,18900,3000,4524,3084,3242,0
50000,1,2,1,49,0,0,0,0,0,0,49816,49749,48589,59469,20239,20059,3000,2000,1900,1004,1600,700,0
30000,2,3,1,47,-1,-1,-1,-1,-1,-1,1355,5137,1392,696,0,696,5174,1392,696,0,696,696,0
500000,2,1,1,45,-1,-1,-1,-1,-1,-1,36954,-24704,22999,18339,-3876,15586,0,83000,0,0,20000,18000,0
300000,1,1,1,43,1,-2,-2,-2,-2,-2,0,0,0,0,0,0,0,0,0,0,0,0,1
20000,1,3,2,40,0,0,2,3,2,2,12649,15526,16383,15831,15438,17371,3103,1408,0,0,2346,0,0
20000,1,2,2,23,0,0,2,0,0,0,18804,17855,17199,17548,17992,31150,2150,1000,504,600,4000,4000,0
70000,2,1,1,40,0,0,0,0,0,0,51959,40519,31310,28929,29535,28160,1597,1407,972,1007,1028,913,0
320000,2,1,2,29,-1,-1,-1,-1,-1,0,179226,-200,200,0,10000,210000,0,400,0,10000,200000,0,0
180000,1,3,1,33,2,2,0,0,0,2,159999,156038,159924,162775,174719,178651,0,8000,7000,15000,7000,0,1
390000,2,1,1,38,0,0,0,0,0,0,164418,167501,134282,128701,131529,135242,9000,7027,5000,5000,6000,5000,0
20000,2,1,2,26,1,-2,-1,-1,-1,-1,0,0,450,-150,750,568,0,450,0,900,568,1769,0
250000,2,2,1,45,-2,-2,-2,-2,-2,-2,100323,37494,41300,0,0,0,2500,5300,0,0,0,0,0
330000,2,1,2,26,0,0,0,0,0,0,58667,38323,32726,43579,28908,20777,2213,5000,20000,1000,672,1200,0
60000,2,2,1,42,2,2,0,0,0,0,57598,50821,19638,18919,16853,29682,0,2000,2000,1000,20000,10000,1
230000,2,1,2,29,-2,-2,-2,-2,-2,-2,-5,-5,2969,3419,0,1841,0,2974,3425,0,1841,200,0
250000,2,2,1,31,0,0,0,0,0,0,42441,43061,29385,27677,86250,65710,4000,3000,901,63000,2700,2000,0
290000,2,1,1,33,1,2,-1,-1,-1,-1,7064,1875,1814,8537,25576,13475,0,1814,8537,25576,13475,6000,0
120000,2,1,2,28,-2,-2,-2,-2,-2,-2,-8,2046,0,409,872,1539,2054,0,409,872,1539,580,0
30000,2,3,1,48,0,0,0,0,0,0,27947,27035,27876,26640,25896,25481,2000,1800,1500,1500,1500,1500,0
180000,2,1,1,44,1,-1,-1,-1,-1,-1,2788,5646,13647,30848,15520,558,5646,13901,30848,15520,558,26733,0
280000,2,1,1,36,-1,-1,-1,-1,-1,-1,21251,33746,8689,41652,9031,14106,33840,8689,41652,9031,14106,6680,0
100000,2,2,1,58,0,0,0,0,0,0,101249,101476,94893,101301,101451,99319,3642,4230,10000,3582,5000,4133,0
160000,1,1,1,40,1,-1,-1,-1,-1,-1,0,567,4027,3100,2123,4899,567,4059,3100,2123,4899,3165,0
270000,2,1,1,32,-1,-1,-1,0,0,-1,23351,30960,180473,58839,21334,19080,30972,180519,1177,0,19080,133504,0
60000,1,3,2,24,0,0,0,0,2,0,58819,59810,56566,30627,30203,28648,3000,1768,3954,1000,1500,1200,0
20000,2,1,2,22,0,0,0,0,0,0,19760,18570,17604,11973,9517,6799,1376,1383,1000,455,1500,2200,0
50000,1,2,3,53,0,0,0,0,0,0,34664,17242,18417,18877,18985,18184,1500,1500,1000,800,2000,1000,0
150000,1,1,2,28,-1,2,2,-2,-2,-2,1111,820,-311,-602,-893,-1184,0,0,0,0,0,0,1
260000,1,1,1,43,1,-1,-1,-1,-1,-2,0,2000,1620,8010,0,0,2000,1620,8080,0,0,0,0
200000,2,1,2,27,-1,-1,-1,-1,-1,-1,16093,11163,11657,9423,9726,11070,11197,11657,9423,9726,11070,7976,0
540000,2,1,2,34,-1,-1,-1,-1,-1,-1,1784,892,946,946,946,946,892,1000,946,946,946,946,0
280000,1,2,2,30,0,0,0,0,0,0,204773,188704,185257,188344,179764,167051,8038,6000,5083,5000,5036,5000,0
300000,2,1,1,31,-2,-2,-1,0,0,0,0,1110,12192,7639,1722,4064,1110,12192,300,191,4064,390,0
90000,2,3,1,40,0,0,0,0,0,0,89928,81721,76947,46589,47730,49488,3416,4142,1700,1888,2710,1500,0
150000,1,1,1,30,1,-1,2,-1,-1,-1,-819,35457,819,2145,17000,23698,36276,0,2145,17000,23698,411,0
130000,2,1,1,38,0,0,0,-2,-2,-2,64942,66775,0,0,0,0,4000,0,0,0,0,0,1
50000,2,2,1,44,-2,-2,-2,-2,-2,-2,1473,390,390,390,390,0,390,390,390,390,0,780,0
310000,2,1,2,32,0,0,0,0,0,0,35064,38195,39233,39577,42996,46319,4000,2000,2000,4000,4000,4000,0
30000,1,2,2,36,3,2,2,2,3,2,20424,19809,22478,24111,23447,24951,0,3000,2300,0,2500,0,0
360000,1,1,1,38,-1,-1,-1,-1,-1,-1,780,0,390,390,390,390,0,390,390,390,390,390,1
260000,2,1,2,33,-2,-1,-1,-1,0,0,0,204,-810,2190,810,0,204,0,3000,0,0,0,0
240000,2,1,2,29,0,0,0,-1,-1,-1,25700,28677,22081,3428,67,1832,5009,2000,5000,0,3332,0,0
360000,2,1,2,30,0,0,0,0,0,0,139762,143515,147037,146117,145884,147645,6000,6000,4818,5000,5000,4500,0
220000,1,1,2,28,0,0,0,0,0,0,221268,219545,216317,181012,181435,183283,8700,8500,6300,6700,7200,5300,1
70000,2,2,2,22,0,0,0,0,0,0,65793,26665,22630,14573,15127,12596,2000,1400,291,1500,5000,2000,0
180000,2,1,2,26,-1,-1,-1,-1,-1,-1,2049,0,351,631,13359,384,0,351,631,13359,384,487,0
320000,1,1,1,33,0,0,0,0,0,0,325445,202853,57051,161651,182265,0,10000,15000,105000,55000,0,0,0
90000,2,1,2,28,0,0,0,0,0,-1,88345,90260,87535,89335,19715,4709,3360,1947,2000,10000,4709,82400,0
10000,1,2,2,41,1,2,2,2,2,2,8722,9592,9289,10140,10417,10104,1157,0,1008,584,0,198,0
100000,2,2,2,37,0,0,0,0,0,0,107669,107529,73323,51125,46879,45538,3536,2821,3963,3147,2670,725,0
150000,2,1,1,38,1,-2,-2,-2,-2,-2,0,0,0,0,0,0,0,0,0,0,0,0,1
150000,2,1,1,38,1,-2,-2,-2,-2,-2,0,0,0,0,0,0,0,0,0,0,0,0,1
80000,1,1,2,37,1,-2,-2,-2,-2,-2,0,0,0,0,0,0,0,0,0,0,0,0,1
300000,2,2,1,33,1,-2,-2,-2,-2,-2,0,0,0,0,0,0,0,0,0,0,0,0,0
150000,1,1,1,51,0,0,2,0,0,0,128968,138260,134573,136026,97517,47027,12900,0,5399,4224,1830,1889,0
260000,1,3,1,36,-1,0,0,0,0,0,154462,153799,77156,73658,70273,67100,7425,2795,2779,2947,3400,5000,0
20000,2,2,1,42,2,0,0,0,0,0,12426,13143,14152,14435,14802,15256,1225,1234,517,600,700,710,1
30000,2,2,1,24,2,2,0,0,0,0,31214,28983,28301,31072,24147,4007,0,1400,3561,483,80,0,1
120000,2,1,2,29,-1,-1,-1,-1,-1,-1,380,380,380,380,380,380,380,380,380,380,380,2880,0
50000,2,2,2,28,0,0,0,0,0,0,28457,29491,30508,31599,32262,32904,1492,1509,1600,1170,1177,1217,1
130000,1,2,2,32,0,0,-2,-2,-2,-2,27495,0,0,0,0,0,0,0,0,0,0,0,0
30000,2,3,2,40,-1,0,0,-1,2,2,2208,7808,0,196,46,5346,7006,0,196,0,5300,0,0
30000,1,2,1,47,1,2,0,0,2,2,15148,14620,15322,16469,16063,17295,0,1253,1400,0,1500,0,0
140000,1,3,1,37,2,2,2,2,2,2,136184,138932,140185,136438,144979,139314,6400,5000,0,10800,0,5300,0
260000,2,2,1,28,-1,-1,-1,0,-1,-1,711,711,5514,1989,711,8503,711,5514,0,711,8503,3011,0
180000,2,1,2,27,-1,2,-1,-1,-1,2,980,980,376,0,2202,150,0,376,0,2202,0,819,0
210000,2,3,1,39,0,0,0,0,0,0,106028,107312,65968,67307,46511,47583,6000,5000,2697,2000,2012,1172,0
90000,2,2,1,54,-1,-1,-1,-1,-1,-1,692,392,332,14579,2091,506,394,332,14579,2091,506,417,0
90000,2,1,1,41,2,2,2,2,2,2,78700,80348,81630,82890,84709,86252,3500,3200,3200,3300,3100,3100,1
20000,1,1,2,23,2,2,0,0,0,0,15077,15534,16540,17267,17475,17838,1000,1273,1000,631,650,803,0
130000,2,2,1,47,0,0,0,0,0,0,46096,37939,39138,40023,40536,41697,2167,2000,2000,1469,2000,2000,0
260000,2,2,1,34,0,0,0,0,0,0,135489,138509,138076,110044,111906,104073,5007,5003,5004,4052,4010,3835,0
20000,1,1,2,23,-1,2,2,2,2,2,15383,16142,15586,17322,16908,17564,1300,0,2000,0,1240,0,1
210000,2,1,2,30,1,2,0,0,0,0,73903,72153,73634,75095,76886,78604,0,2674,2687,3000,3000,3000,0
250000,1,2,2,27,0,0,0,0,0,0,34799,25831,24448,20492,18812,17663,2027,2000,1007,1031,2000,10000,0
20000,1,3,1,41,2,0,0,0,0,0,18738,18986,20110,19584,16539,19466,1376,1500,593,2701,4261,941,1
150000,2,3,3,55,-1,-1,-1,-1,-1,-1,1080,17493,9160,2939,3396,1870,17498,9160,2939,3396,1870,6800,0
70000,1,2,2,51,0,0,0,0,0,0,67880,66658,58486,29171,17725,17693,3028,3199,1267,642,651,1665,0
80000,2,2,1,38,0,0,0,0,0,0,74236,63120,53897,54292,55430,57011,2125,2000,2000,2010,2500,1336,0
270000,1,1,2,36,-2,-2,-2,-2,-2,-2,15986,16635,15913,14192,10559,7672,2008,1513,1019,515,302,3050,0
30000,2,2,1,33,-1,-1,-1,0,0,0,29568,3663,26539,28352,17596,7576,3701,27209,5024,523,1000,0,0
120000,2,3,2,55,0,0,0,0,0,0,102735,80762,77846,77404,75056,75951,3000,3000,2655,2664,3000,3000,0
270000,1,2,1,27,0,0,0,0,0,0,21256,19819,19200,18527,18413,18010,1618,1569,631,652,637,541,0
100000,1,2,1,50,0,0,0,0,0,0,101430,87429,108011,104261,102451,99947,5001,64401,4000,4500,4200,3200,0
10000,1,3,2,22,0,0,0,0,0,0,9363,5062,6021,6763,7648,8367,1200,1200,1000,1000,1000,0,0
20000,1,2,1,37,0,0,-1,-1,-2,-1,17219,14640,19400,0,0,17666,2000,19400,0,0,17666,0,1
120000,2,2,2,32,0,0,0,0,0,2,15602,16482,16743,17185,18281,17312,2000,1551,2000,1500,457,7000,1
50000,2,2,1,41,0,0,0,0,0,0,21910,23251,24059,24658,25212,25642,2000,1500,1000,1100,1000,1000,0
600000,1,3,1,38,0,0,0,0,0,0,459600,372345,353121,337695,297541,256158,13713,13250,12854,11191,10029,10000,0
170000,2,2,1,38,-1,-1,-1,0,0,-2,521,5360,29271,26511,0,0,6439,29271,0,0,0,2730,0
20000,1,2,2,30,1,2,2,2,0,0,17260,19099,19309,18703,18937,20724,2422,816,0,685,2100,0,0
140000,2,2,1,26,0,0,0,0,0,-1,37283,24748,21854,21711,25999,902,7023,5080,10000,6000,902,18542,0
120000,2,1,2,30,-1,-1,-1,-1,-1,-1,711,878,1131,441,441,441,878,1131,441,441,441,455,1
550000,2,2,1,32,0,0,0,0,0,0,546741,535509,548020,530672,155083,165975,22863,167622,14000,4300,158064,28840,1
140000,2,2,2,33,0,0,0,0,0,0,56426,41717,42823,25224,26855,23783,2000,2000,900,2000,10000,5000,0
220000,1,2,2,26,2,2,2,2,2,0,215477,216099,210839,216988,213824,39819,5516,0,8275,0,800,223833,0
50000,2,2,2,26,0,0,0,0,-2,-2,33428,34385,35796,-229,-229,-229,1800,2100,0,0,0,0,1
50000,1,2,2,27,1,3,2,2,0,0,41322,40383,42413,41434,45567,61595,0,3000,0,5000,20000,0,0
80000,2,3,1,43,2,2,3,3,2,3,68152,71459,73690,71908,76294,74788,5000,4000,0,5700,0,0,1
210000,1,1,2,27,-1,0,0,0,0,0,25025,25336,26029,26816,21116,10721,5000,4000,5000,3000,3000,3500,0
150000,1,2,1,40,0,0,0,0,0,0,54021,55154,56280,57397,58599,60668,2003,2044,2054,2127,3044,3150,0
180000,1,2,2,26,0,0,0,0,0,0,93169,58983,60506,58458,60770,61628,4500,4000,4000,4000,4000,4000,0
30000,1,1,2,56,2,0,0,0,0,0,27033,27772,28740,29313,29019,28916,1480,1448,1021,1040,1216,1270,0
180000,2,1,1,47,1,-2,-1,-1,-1,-2,0,0,1154,2000,0,0,0,1154,2000,0,0,415,0
50000,1,2,1,24,-1,-1,-1,0,0,0,390,918,19583,19593,19364,19893,918,19583,1000,1000,1000,1000,0
90000,1,2,2,30,0,0,0,-2,-2,-2,46927,40000,0,0,0,0,4000,0,0,0,0,85000,0
200000,2,2,2,23,-1,-1,-1,-1,-2,-1,964,-36,1000,0,0,43527,0,1036,0,0,54677,872,0
140000,2,2,2,26,0,0,0,0,-1,-1,12436,14910,13780,13710,488,-1450,3380,1200,2000,500,0,0,0
130000,1,2,2,27,0,0,0,0,-1,0,131406,125858,118536,34394,66701,58437,5000,3572,3153,69200,2500,10000,1
300000,1,2,2,35,0,0,0,0,0,0,276536,206885,169901,170540,152188,101485,26531,10017,9123,10259,5079,3816,0
40000,1,2,1,38,2,2,2,2,2,2,33152,33623,34773,33917,36704,40404,1300,2000,0,3500,4471,0,1
110000,2,2,2,28,0,0,0,0,0,0,81449,83241,84960,86045,88060,93394,4000,4000,3400,3400,7000,3450,0
390000,1,1,1,47,-1,-1,-1,0,0,-1,9361,-25,18401,13200,6385,7088,0,18426,34,31,7088,0,0
50000,1,3,1,32,2,3,2,2,2,2,39589,40160,40796,41526,42209,44960,1500,1600,1700,1500,3600,0,1
20000,2,3,2,49,0,0,2,0,-1,-1,8503,11352,10198,10400,1150,0,3008,0,600,1150,0,0,0
180000,1,2,1,30,-1,-1,-1,-1,-1,-1,220,4680,0,7500,4100,0,4686,0,7500,4100,0,4500,0
50000,2,3,2,43,2,2,7,7,7,7,2400,2400,2400,2400,2400,2400,0,0,0,0,0,0,1
50000,1,2,2,27,1,-1,0,0,0,0,-697,48266,47194,48224,49416,50126,49900,1800,1700,1857,2474,469,0
280000,2,2,2,24,-1,-1,0,0,-1,-1,1006,1853,2657,1416,2706,1229,1855,1422,7,2719,1235,3831,0
130000,1,1,2,27,1,2,2,2,-2,-1,60024,58104,54976,-3518,-1285,1601,4000,0,1580,1580,3202,0,0
50000,2,2,2,41,2,2,2,2,2,2,5025,4805,46295,46885,47535,45994,0,42000,1600,1500,2000,2000,1
340000,1,3,1,40,0,0,0,0,0,0,77181,59873,60396,63720,65211,60053,5305,3000,5000,3000,5000,6000,0
30000,2,2,2,26,2,2,2,2,2,2,25615,29849,31034,28071,29978,29365,5000,2000,0,2500,0,600,1
170000,2,2,2,26,0,0,0,0,0,0,141476,143850,134502,122186,122506,117121,5113,4514,4376,4432,4142,3455,0
300000,1,1,1,47,-2,-2,-2,-2,-1,-1,0,225,4019,4509,7155,5778,225,4019,3860,5000,5778,23978,0
340000,2,1,2,26,0,0,0,0,0,0,337871,311076,156674,129651,126192,94722,11208,5000,23809,4136,3600,3169,0
30000,2,1,2,24,2,2,2,0,0,0,31202,32801,30092,30148,30222,28949,2415,0,1045,915,1063,409,1
420000,2,1,1,37,-1,-1,-1,-1,-1,-1,38386,316,9894,13811,12141,11820,316,9894,13811,12141,11820,38800,1
500000,2,1,1,33,2,2,-1,-1,-2,-1,1569,1379,1800,0,0,4012,0,1800,0,0,4012,0,0
50000,1,2,2,26,-1,-1,-1,-1,-1,-1,1530,750,1140,1530,750,1140,750,1140,1530,750,1140,1530,0
260000,2,2,1,36,0,0,0,0,0,0,200593,206178,208601,213025,214931,219001,8500,7000,7508,7500,7595,7000,1
50000,1,3,2,23,2,2,2,0,0,0,44470,51192,48506,18524,19239,19283,7800,173,1000,1000,1000,1000,0
210000,2,1,2,26,0,0,0,0,-1,-1,9899,6000,4100,0,10790,7373,1008,1000,0,10790,7373,0,0
200000,1,1,2,27,-1,0,-1,-1,-1,-1,9747,17230,198,875,1977,2052,10051,198,877,1982,2058,2939,0
20000,2,3,2,22,1,2,0,0,2,2,18590,17838,18680,19788,22265,21629,0,1307,1580,3100,0,1000,1
360000,2,2,2,31,0,0,-2,-2,-2,-2,17582,0,0,0,0,0,0,0,0,0,0,0,0
100000,1,2,2,25,0,0,0,0,-2,-2,76222,79564,49000,-1000,0,0,4700,1500,0,31000,0,0,0
210000,2,2,1,35,2,2,2,0,0,2,61189,62721,61115,62334,66196,64979,3100,0,2235,4870,0,2563,1
30000,2,2,2,22,1,2,2,0,0,-2,22167,22474,18180,15900,0,0,1000,150,0,0,0,0,0
500000,1,1,1,43,-1,-1,-1,-1,-1,-1,640,600,1490,1822,1740,0,600,1490,1822,1740,0,1486,0
50000,2,2,2,23,-2,-2,-2,-2,-2,-2,0,0,0,0,0,0,0,0,0,0,0,0,0
30000,2,2,1,32,2,2,0,0,0,-1,28156,27422,28335,20946,15525,7422,0,1542,1024,1000,7422,281,1
240000,1,1,2,32,0,0,0,0,0,0,240790,224497,213580,191771,166239,146584,6892,7866,5602,6118,6023,27064,0
80000,2,3,1,35,2,2,2,2,2,0,70002,71389,73788,74463,72834,74190,3100,4204,2790,0,3043,2625,1
310000,2,1,2,25,2,0,0,0,0,0,266270,273719,235796,188031,170898,68369,11677,8406,6000,5074,3000,3000,1
140000,1,2,1,37,0,0,0,0,0,0,90186,74504,72358,48081,45543,26788,2805,2877,1360,1400,1026,1200,0
170000,1,1,1,40,-1,-1,-1,-1,-1,0,2000,2210,3000,2000,5000,3000,2210,3000,2000,5000,0,4000,1
170000,2,1,2,26,0,0,0,0,2,0,99387,102141,103972,108405,102303,99767,5250,5100,7500,0,3900,3600,0
320000,2,2,1,53,0,0,0,0,0,0,33589,34608,38544,44486,52319,51764,3000,6000,8000,10000,1900,2000,0
150000,2,1,2,37,1,-2,-1,0,0,0,0,0,584,596,596,0,0,584,12,0,0,0,0
200000,2,2,2,43,0,0,0,0,0,0,180680,184436,188181,190775,196449,192085,8155,8302,7225,10153,6987,5262,0
60000,1,1,1,42,2,0,0,0,0,2,39986,41036,42449,43243,48537,47606,2000,2100,1800,6000,0,2000,1
160000,2,1,2,31,-2,-2,-2,-1,-1,-1,0,0,0,150,150,150,0,0,150,150,150,178,0
50000,1,2,1,47,0,0,0,0,0,0,22923,23264,23879,23960,24067,24253,1400,1400,850,871,974,962,0
450000,2,1,1,36,1,-1,-1,-2,-2,-2,0,2500,2500,0,0,0,2500,2500,0,0,0,0,0
50000,2,2,1,31,1,2,0,0,0,0,34644,33669,19124,18117,18496,18880,0,1597,649,671,691,700,0
310000,1,1,2,44,1,-1,-1,-2,-2,-2,-42,7281,0,0,0,0,7323,0,0,0,0,0,0
100000,2,1,2,33,0,0,0,0,0,0,75374,44796,47294,38712,39304,40479,2000,5000,1521,1595,2000,2716,0
140000,1,1,2,41,2,2,2,0,0,0,138379,143684,139902,142729,142406,142694,9000,0,6800,40000,5600,5900,1
200000,2,2,1,39,0,0,0,0,0,0,178665,133266,95836,85635,66137,30410,3677,2441,1854,1567,5000,1953,0
140000,2,1,1,37,0,0,0,0,0,0,135134,139178,139900,109665,108129,108067,6703,6120,4015,4042,4057,4012,0
220000,2,1,1,40,-2,-2,-2,-2,-2,-2,0,0,0,0,0,0,0,0,0,0,0,12096,0
310000,2,3,2,28,0,0,-1,-1,-1,-1,19610,14746,28216,4245,3500,396,10000,28216,4245,3500,396,396,0
20000,1,1,2,22,0,0,0,0,0,0,3281,4325,5341,5751,6500,7386,1100,1100,500,1000,1000,1000,0
240000,2,2,2,25,0,0,0,0,0,0,175764,178600,182639,186275,190337,193961,6500,7000,6680,7070,6954,14870,0
200000,1,2,1,31,7,6,5,4,3,2,254266,240966,228663,217600,208432,200057,0,328,0,0,600,2500,1
160000,2,2,1,35,0,0,0,0,0,0,17742,12939,7035,4596,4635,2744,2000,1000,500,1000,1000,2000,0
310000,1,2,1,35,0,0,0,0,0,0,7589,9463,12296,15083,17840,20376,2000,3000,3000,3000,3000,3003,0
80000,2,2,2,24,0,0,0,0,0,0,81908,83597,157646,79061,79834,81257,5501,3450,3000,3059,2915,2758,1
350000,2,2,1,41,0,0,0,0,0,0,85339,84393,86793,84406,73976,75497,5000,5016,5000,3000,3000,4000,0
50000,2,2,1,47,0,0,0,0,-2,-2,32547,33481,26775,0,0,0,1582,1800,0,0,0,0,0
200000,2,3,1,41,0,0,0,0,-2,-2,98184,103228,119034,0,0,0,5143,19034,0,0,0,0,0
150000,2,1,1,33,1,-2,-2,-2,-2,-2,0,0,0,0,0,0,0,0,0,0,0,0,1
50000,1,1,2,23,1,-2,-2,-2,-2,-2,0,0,0,0,0,0,0,0,0,0,0,0,1
220000,1,2,1,38,0,0,0,0,0,0,147048,137560,131090,121259,117003,116902,6364,5892,5000,4369,4178,5000,0
100000,1,2,2,43,0,0,0,0,0,0,47730,47525,47184,46836,46529,47070,1808,1728,1641,1673,1689,1754,0
20000,1,3,3,46,0,0,0,0,0,-2,15523,17264,18325,15680,0,0,2000,1500,500,0,0,0,0
20000,2,2,1,45,0,0,0,0,2,0,14296,15321,16333,17434,17013,17500,1262,1274,1375,0,771,805,0
180000,2,1,2,27,0,0,0,0,0,0,174546,175121,150710,135981,136064,137343,8269,6606,5000,4900,4900,4900,0
240000,2,1,1,38,1,-2,-2,-2,-2,-2,0,0,0,0,0,0,0,100000,0,0,0,0,0
30000,2,3,1,60,-1,3,2,0,0,3,5867,5621,4090,2829,2108,1801,0,0,0,1801,0,0,1
40000,2,2,1,29,-1,0,0,-2,-2,-1,8801,9544,0,0,0,7922,1000,0,0,0,7922,158,1
220000,1,2,1,32,0,0,0,0,0,0,202010,103124,105226,107476,109746,111920,3746,3820,4000,4000,4000,4500,0
230000,2,1,1,37,-1,-1,0,0,0,0,400,20123,20590,20029,17198,5177,20123,1256,1000,1000,500,801,0
130000,2,1,2,26,0,-1,-1,-1,-2,-2,20054,1298,6712,-884,-6332,-9333,1298,6730,900,5448,0,25000,0
160000,2,1,2,34,0,0,0,0,0,0,43729,43535,40799,41255,31766,32570,2045,1809,1265,1154,1333,1313,0
100000,2,1,2,29,-1,-1,-1,-1,-1,-1,5466,5652,9690,5286,8191,11272,5652,9690,6916,8191,6412,0,0
50000,1,1,3,37,1,2,0,0,0,0,49457,47080,45833,45310,6313,5009,0,1200,1000,126,1000,0,0
500000,1,1,1,40,-2,-2,-2,-2,-2,-2,5255,721,17252,7388,6069,0,721,17252,7421,6069,0,0,1
50000,1,2,1,37,0,0,0,0,0,0,15175,16505,17516,17926,18487,19029,1579,1590,1000,1000,1000,1200,0
50000,2,2,1,46,2,2,2,2,2,2,28390,29639,30854,30062,32705,33519,2000,2000,0,3300,1500,0,0
170000,2,2,1,42,0,0,0,0,-2,-2,4600,6519,7360,2437,2881,2659,2000,1000,2437,3103,2659,2659,0
20000,1,2,2,25,0,0,0,0,0,0,13610,14160,15200,14800,17800,10000,1360,1400,0,3000,200,0,0
160000,2,2,2,23,0,0,2,2,0,0,122339,137278,136572,95115,96847,101443,18518,3358,0,3200,8000,4366,0
210000,1,1,2,35,-1,-1,-1,0,-1,-1,6808,4954,8739,5420,4450,4064,4960,8747,8,4450,4064,3870,0
210000,2,1,2,31,-1,-1,-1,0,0,-1,15332,10000,19875,57751,25456,10625,10000,19875,50000,15456,10625,213,0
500000,2,1,1,36,-1,-1,-1,0,0,0,24170,8051,77908,50297,43679,49749,8091,78192,65,33766,37945,37947,0
50000,1,3,2,46,0,0,0,0,0,-1,5942,5444,2464,2521,-1,167,1056,1000,57,0,168,1002,0
450000,1,2,2,37,0,0,0,0,0,0,136655,146400,156049,164076,170885,177483,13492,13641,12168,9650,9650,9650,0
110000,1,3,1,40,0,0,0,0,0,0,93357,94938,79368,74778,75996,77423,4100,2612,2666,2700,2659,2694,0
200000,1,1,1,43,1,2,0,0,0,0,203393,198272,120005,121023,128387,130960,0,5812,4500,9352,4700,5000,1
320000,1,1,2,36,0,0,0,0,0,-1,146201,129311,112151,84218,76058,24068,5465,3137,52,2384,25094,30011,0
130000,2,2,2,29,-1,-1,2,0,0,-1,1110,1170,780,390,0,780,1170,0,0,0,780,0,0
60000,2,3,1,36,1,2,2,0,0,0,47987,48716,47632,48738,49601,52773,1788,0,1894,1801,3997,0,1
50000,2,1,2,29,-1,-1,-1,0,-1,-1,2459,2471,6015,5625,3056,2439,2471,6015,0,3056,2439,3026,1
320000,2,2,2,50,-1,0,-1,-1,-1,-1,5714,7870,342,-6,1252,0,3000,342,2,1500,0,10701,0
450000,1,2,2,29,1,2,0,0,0,-1,16524,12624,11239,10569,3868,5000,676,1204,264,19,5000,0,0
20000,1,3,2,26,8,7,6,5,4,3,43340,42619,35381,31539,27409,23567,0,0,0,0,0,300,0
50000,1,3,1,53,0,0,0,0,0,0,49466,50544,25381,9652,9464,9248,2442,1669,330,1342,330,430,0
20000,2,2,1,35,1,2,2,-2,-2,-2,22382,20650,-15000,-15000,-15000,-15000,0,0,0,0,0,0,1
90000,2,2,2,26,0,0,0,0,0,0,92472,92518,91504,91706,91801,91753,4600,4100,3900,4000,3700,3700,0
120000,2,3,2,32,0,0,-1,-1,-1,2,5152,4529,890,890,3040,1000,1015,890,890,3040,0,1580,0
20000,2,2,1,36,1,-2,-2,-2,-2,-2,-25,-25,-25,-25,-25,-25,0,0,0,0,0,0,0
170000,2,2,2,38,0,0,0,0,2,2,86401,88991,91571,94045,97965,101176,3991,4071,4000,5600,5000,4000,0
180000,2,3,1,40,-1,-1,-2,-1,-1,-1,1903,0,0,3155,1173,1021,0,0,3155,1173,1021,0,0
50000,1,1,2,27,0,0,0,0,-1,-1,50459,36307,27713,3807,2746,625,1600,3071,500,2800,900,100,0
180000,2,2,2,43,0,0,0,-2,-2,-1,4819,5240,999,495,1776,79785,1010,1003,496,1781,81032,3600,0
210000,1,3,2,32,-2,-1,-1,-1,-1,-1,1649,1000,0,1761,675,752,1000,0,1761,675,752,1104,0
100000,2,1,1,33,-1,-1,-2,-2,-2,-2,3976,0,0,0,0,0,0,0,0,0,0,402,1
80000,2,2,1,32,-1,-1,-1,-1,-1,-1,199,199,199,199,0,22109,199,199,199,0,22109,45352,1
330000,2,1,2,34,-1,-1,-1,-1,-1,-1,1406,1467,2599,17064,70464,-6053,1488,2599,17064,70464,0,232972,0
30000,1,3,1,44,4,3,2,2,-2,-2,7221,6962,6700,0,0,0,0,0,0,0,0,0,1
220000,1,1,2,37,2,2,0,0,0,0,185955,181587,186054,188465,192758,196493,0,9000,7000,7500,7100,7500,0
180000,2,1,2,28,-2,-2,-2,-2,-2,-2,584,1133,572,803,916,1189,1133,572,803,916,1189,375,0
180000,2,1,2,30,0,0,-1,0,0,-2,15743,9814,9161,8252,0,0,1205,9402,0,0,0,0,0
120000,2,3,1,49,0,0,0,0,0,0,44244,44075,44823,44683,45537,50293,2000,3000,2000,3000,7000,3000,0
210000,2,2,2,30,-1,0,0,0,0,0,1654,33257,34395,35321,36249,37047,32000,2000,1500,1500,1400,1600,0
300000,1,1,2,36,0,0,0,0,0,0,295433,301521,308038,306154,295664,290329,13000,13116,11000,11000,12000,9300,0
170000,1,1,2,39,0,0,0,0,0,0,171160,187853,171095,137986,141319,139463,13000,6154,15000,6000,7000,5000,0
60000,1,1,1,38,2,0,0,0,2,2,30013,31226,32396,34657,35456,34736,2000,2000,2800,1500,0,1500,1
200000,1,3,3,36,-2,-2,-2,-2,-2,-2,5644,82620,14129,41359,9140,0,89187,14178,41359,9140,0,0,0
150000,1,2,2,26,0,0,0,0,0,0,10111,9847,10870,12189,12836,13828,1158,1181,1500,836,1200,2000,0
180000,1,3,2,31,2,2,0,0,0,0,36864,35587,35989,36013,36164,31637,0,1800,1230,1200,1350,2310,0
280000,2,2,1,36,0,0,0,0,0,0,101803,100836,96333,97475,100652,1823,5005,7066,10000,5000,1823,4225,0
320000,2,2,1,41,0,0,0,0,0,0,49846,53811,38717,35409,35036,35939,5000,2000,2000,3000,3000,1500,0
60000,1,2,2,27,0,0,0,2,2,0,23439,26042,29182,29906,29292,29729,3300,3900,1500,0,1074,1200,0
230000,2,1,2,30,2,2,2,2,2,2,216409,221419,224753,228022,232724,260472,10000,8500,8500,8500,32000,200,0
280000,2,1,1,37,-1,-1,-1,-1,-1,-1,3915,6686,3719,11013,21011,29459,6691,85,11045,21012,29460,10284,0
360000,2,2,2,41,0,0,0,0,0,0,158277,203726,293675,196475,2475,0,50000,100000,0,0,0,0,0
70000,1,3,1,47,0,0,0,0,0,0,67670,62529,59024,26008,28210,18296,2730,2490,1000,5746,2000,143,0
30000,2,2,2,25,0,0,0,0,0,0,24458,29022,28230,22204,21954,22606,5000,1518,529,535,750,347,0
210000,2,2,1,37,0,0,-2,-2,-2,-2,22908,32513,6192,2885,8419,2810,32513,9,8,8444,3118,0,1
80000,2,2,2,24,-2,-2,-2,-2,-2,-2,0,0,0,0,0,0,0,0,0,0,0,400,0
30000,1,2,2,30,0,0,0,0,0,0,22221,23248,24260,24743,25261,25763,1391,1403,886,917,922,955,0
20000,2,2,2,26,2,0,0,0,0,0,19366,19297,20023,19625,15188,0,1800,1500,500,500,0,0,1
300000,2,1,1,38,-1,-1,-1,-2,-2,-2,1008,228,0,0,0,0,228,0,0,888,0,0,0
50000,2,1,2,26,0,0,0,0,0,0,26808,44361,32088,20100,15117,18501,30040,2037,592,5003,5012,2023,0
20000,1,2,2,33,-1,0,0,0,0,0,3010,1603,19980,19983,20066,19855,1272,19288,681,917,1000,889,0
10000,1,1,2,24,2,0,0,0,0,2,7554,8287,9580,9267,10096,9415,1500,2000,700,1500,0,1000,1
90000,2,1,1,43,-1,-1,2,-1,-1,-1,16139,7199,4367,7660,21175,4009,4367,9,7660,21175,4009,7452,0
70000,2,2,2,23,1,2,0,0,2,2,17461,16892,18013,19315,19859,19390,0,1400,1600,1000,0,1000,1
150000,2,1,2,25,0,0,0,0,0,0,42437,35082,19538,13277,3200,0,2265,2538,277,200,0,0,0
60000,2,2,1,26,0,0,2,0,0,0,60597,61332,58787,58472,57777,60985,5504,0,2304,2261,4600,2100,1
100000,2,1,2,25,-1,-1,-1,-1,0,0,12660,5000,0,6272,10135,11958,5000,0,6272,4000,2000,0,0
420000,1,2,2,28,0,0,0,0,0,0,22872,23309,24612,25400,26333,27887,1700,2000,1500,1500,2000,1567,0
360000,1,1,1,39,-2,-2,-2,-2,-2,-2,0,0,0,0,0,0,0,0,0,0,0,0,0
140000,2,2,2,24,0,0,0,0,0,0,35806,36823,36285,36683,37150,41210,3000,1580,1294,1355,5000,5000,0
200000,2,2,1,29,0,0,0,0,0,0,70422,67991,56909,56841,51245,42268,3500,2472,1683,1755,1658,3579,0
30000,2,2,1,26,2,2,2,2,2,2,30954,30670,29856,30584,27883,29334,2074,0,2304,0,2400,0,0
200000,2,2,1,33,1,-2,-2,-2,-2,-2,0,0,0,0,0,0,0,0,0,0,0,0,0
310000,1,1,1,33,-2,-2,-2,-2,-2,-2,0,0,0,0,0,0,0,0,0,0,0,0,0
290000,2,2,1,34,0,0,0,0,0,0,16196,17220,18231,18593,18986,19967,1292,1303,665,692,1300,636,0
10000,2,2,2,40,0,0,0,0,0,0,6160,6787,7377,7127,6931,6660,1123,1103,243,296,280,16,0
10000,1,3,2,22,0,0,0,0,0,0,5757,6706,7715,7873,8742,9551,1200,1128,286,1000,955,0,0
160000,1,1,1,40,0,0,0,0,0,0,27563,28350,25186,36100,21707,7928,5002,5000,14400,10000,4000,0,0
50000,2,2,2,23,0,0,0,0,0,2,48725,51175,50115,33814,34423,31988,4987,1661,2000,3000,0,3213,0
110000,2,3,1,52,1,-2,-1,-1,-2,-2,0,0,1000,0,0,0,0,1000,0,0,0,0,0
50000,2,2,2,28,0,0,0,0,0,0,48010,40668,30361,22266,18469,21551,5000,2000,5000,6560,10000,13694,0
80000,2,2,2,24,-1,-1,-2,-2,-2,-2,2346,0,0,0,0,0,0,0,0,0,0,0,1
120000,1,3,1,53,-1,-1,-1,-1,-1,-1,291,291,0,582,291,0,291,0,582,291,0,582,0
80000,2,2,1,37,2,2,2,0,0,0,80508,81731,78772,76818,70319,-1560,3100,0,2000,3000,0,75003,1
20000,2,2,2,26,0,0,0,0,0,0,17938,18798,19347,8007,4890,0,1456,1005,160,98,0,0,0
370000,1,2,2,39,2,0,0,0,0,0,334394,337272,340152,345904,322168,272461,14005,12004,12362,12006,9555,11005,1
100000,2,2,2,39,0,0,-1,0,0,-1,24110,10497,20159,7053,0,1120,2000,20159,500,0,1120,1909,0
110000,2,1,1,31,2,2,2,0,0,0,107507,108067,83164,79428,80235,79412,7960,0,3000,3000,3100,3000,1
500000,2,1,2,31,0,0,0,0,0,0,258257,247282,197247,188044,210940,201108,25239,18011,13014,45049,20102,89442,0
10000,2,2,1,44,0,0,0,-2,-2,-2,4125,5275,0,0,0,0,1275,0,0,0,0,0,0
80000,1,1,2,31,1,2,2,2,2,2,21004,20384,22231,21576,23229,22708,0,2500,0,2000,0,1000,1
10000,1,3,2,24,1,2,2,2,2,2,7826,8745,8440,9229,8969,8819,1200,0,900,0,2000,0,0
50000,2,2,2,25,1,-2,-2,-2,-2,-2,0,0,0,0,0,0,0,0,0,0,0,7700,1
10000,2,2,2,25,0,0,0,0,0,0,9150,9206,10051,9850,8214,8054,1185,1030,1000,1000,2000,2000,0
100000,1,1,1,33,0,0,2,2,2,2,38219,42604,44607,45576,46495,47182,5000,3000,2000,1800,1600,2000,0
120000,1,2,2,34,0,0,0,0,0,2,131773,58259,54699,54832,53693,48731,3000,1944,5000,3692,0,2000,0
420000,1,2,1,37,0,0,0,0,0,0,415257,411624,388363,390003,398229,409615,16850,15522,14000,14500,18007,12733,1
90000,2,2,1,48,-1,-1,-1,-1,-1,-1,316,316,316,316,316,316,316,316,316,316,316,316,1
120000,2,1,2,31,-2,-2,-2,-2,-2,-2,-66,-33,-33,-33,-33,-33,0,0,0,0,0,0,0
100000,1,3,1,48,-2,-2,-2,-2,-2,-2,6345,0,0,0,0,0,0,0,0,0,0,0,0
50000,1,2,1,26,0,0,0,0,0,0,48992,49689,31368,9454,6020,5000,1769,1003,189,120,100,3710,0
30000,2,1,2,28,2,2,4,4,4,4,37,37,37,37,37,37,0,0,0,0,0,0,0
20000,1,2,2,44,1,2,0,0,0,0,6535,6285,7672,8390,9101,9796,0,1500,1000,1000,1000,1000,1
90000,1,1,2,33,-1,-1,2,-1,-1,2,1650,721,421,2754,309,159,721,0,2833,1000,0,2000,0
80000,2,2,1,25,1,-2,-2,-2,-1,-1,0,0,0,0,13369,0,0,0,0,13369,0,0,0
180000,2,3,2,24,1,-1,-1,-1,-2,-1,0,35300,1000,0,0,1245,35300,1000,0,0,1245,0,0
170000,2,1,2,26,0,0,0,0,0,0,47642,40779,34570,33153,24969,22893,4000,2006,1000,1000,1000,1000,0
30000,2,3,1,63,-1,-1,-1,0,-1,-1,8866,5884,11146,7779,8092,1565,5884,11146,0,8092,1565,2620,0
500000,2,2,1,37,-1,-1,-1,-1,-1,-1,7325,355,355,1204,2378,6344,355,355,1204,2378,6344,14889,0
300000,2,2,1,37,1,-2,-2,-1,-1,-1,0,0,0,363,0,944,0,0,363,0,944,2000,1
120000,2,1,2,35,-1,-1,-1,-1,-1,-1,500,2483,250,1579,223,421,2483,252,1579,223,421,8228,0
20000,2,2,1,50,2,0,0,0,0,0,17393,18119,19413,19704,19563,20391,1315,2401,900,709,1548,0,0
80000,2,3,1,37,0,0,0,0,0,0,63185,62209,61991,30597,30794,30684,5021,10036,3000,2000,2000,2000,0
520000,2,1,2,35,0,0,0,0,0,0,60912,56728,55758,57911,54152,43108,7000,5000,5004,5000,5000,5031,0
130000,2,2,2,25,-1,-1,-1,0,0,0,390,390,36659,23150,27376,33104,780,36659,5000,5000,7000,5000,0
50000,1,1,2,28,0,0,0,0,0,0,31170,20413,13738,6326,1452,1612,2005,1206,1000,600,500,1000,0
200000,1,2,1,45,0,0,0,0,0,0,200378,162374,154234,143953,147834,147373,6061,7048,5016,10294,5136,5225,0
100000,2,2,2,25,2,2,2,0,0,0,98499,101051,98503,98949,48552,49545,5000,0,3900,1801,1800,2000,0
100000,2,3,1,59,1,-1,0,-1,-1,-1,0,7240,7702,1550,12079,35920,7240,1000,1558,12079,35920,0,0
260000,2,2,1,34,-2,-2,-2,-2,-2,-2,8214,2149,3065,750,0,0,2151,3065,750,0,0,377,1
30000,2,3,1,56,2,2,2,2,2,2,17643,18564,17969,20645,21666,21170,1500,0,3000,1500,0,1900,1
50000,2,2,1,36,0,0,0,0,0,0,44510,42564,38181,30805,28252,28783,3000,3000,3000,2000,2000,5000,0
50000,2,2,2,27,2,2,2,2,0,0,47760,45064,45744,43123,42343,43020,0,3400,0,1528,3038,0,1
440000,1,1,2,29,-2,-2,-1,0,0,0,26430,23509,278956,274859,99618,103884,1249,279048,10758,5000,5080,2515,0
360000,1,1,1,34,-1,-1,-1,-1,-1,-1,997,1267,3935,2437,2797,256,1270,3946,2444,2805,258,1,0
550000,2,2,1,34,0,0,0,0,0,0,383973,380082,389694,342198,344808,347188,15000,20000,20000,12000,12000,13000,0
140000,1,1,2,28,0,-1,-1,0,-1,-1,3234,4324,5477,4490,1500,-51183,4340,5491,2013,1510,18,89898,0
360000,1,1,2,33,1,-2,-2,-2,-2,-2,0,0,0,0,0,0,0,0,0,0,0,0,0
100000,2,3,1,40,0,0,0,0,0,0,48923,48404,46266,45405,44723,42934,2084,1973,1708,1728,1621,1359,0
100000,2,2,1,40,1,2,2,-1,0,-1,4535,3546,-2106,8538,390,150,0,0,10644,0,150,780,1
20000,2,2,2,31,0,0,-1,-1,-1,-2,5526,5561,2935,5909,0,0,1032,2938,6039,0,0,0,0
140000,1,1,1,41,0,0,0,0,0,0,19853,22525,25141,29701,34197,38615,3000,3000,5000,5000,5000,3000,0
80000,2,2,1,46,-1,-1,-1,0,-1,-1,2350,2350,4700,2350,2350,2350,2350,4700,0,2350,2350,350,0
480000,1,2,1,39,0,0,0,0,0,0,398380,394515,393648,330221,296004,279768,20091,25370,15203,12013,12013,10135,0
20000,2,2,1,24,1,2,0,0,2,2,18817,18227,19632,20298,20337,19863,0,1720,1754,893,0,400,0
100000,2,2,1,40,1,-2,-2,-2,-2,-2,0,0,0,0,0,0,0,0,0,0,0,0,0
50000,2,2,1,37,2,2,2,0,0,0,40994,43594,38222,13026,13268,13497,5500,0,580,600,600,600,0
240000,1,1,1,35,1,-1,-1,0,0,0,0,11901,5736,1000,650,7574,11901,5758,0,150,7424,0,0
200000,1,1,1,59,0,0,0,2,2,2,27119,28081,30299,29516,31378,31914,1700,3000,0,2500,1200,0,0
310000,1,1,2,32,0,0,0,0,0,-1,53340,85711,69195,59169,12056,10032,69220,3095,5000,2000,10058,23219,0
390000,2,3,1,46,-2,-2,-2,-2,-2,-2,14315,7097,6548,8976,909,17682,7097,6548,8976,909,17682,12710,0
350000,2,1,1,33,-2,-2,-2,-2,-2,-2,16414,693,693,1144,-4618,-8026,693,0,1144,4279,0,0,1
80000,1,3,2,27,0,0,0,0,0,0,47163,86021,44400,23954,24574,24772,1821,3600,1000,1000,1000,1000,0
230000,2,2,1,36,0,0,-1,2,-1,2,52689,0,150,150,921,771,0,150,0,921,0,51362,0
500000,2,1,2,27,0,0,0,0,0,0,73798,74781,75559,76426,56197,42998,4794,5560,2426,3521,1641,913,0
360000,2,2,2,29,1,-2,-2,-2,-2,-2,0,0,0,0,0,0,0,0,0,0,0,0,0
130000,2,1,2,29,-1,-1,0,0,0,-1,13194,9403,15383,9189,8499,1738,9403,10007,184,170,1738,5256,0
30000,1,1,2,36,0,0,0,0,0,0,9934,10305,1394,1594,566,0,1000,1000,200,0,0,0,0
430000,2,2,1,30,2,0,0,0,0,0,332721,277080,219739,210142,179350,130328,10896,8123,7522,7003,4700,5000,1
140000,2,2,1,26,0,0,0,0,0,0,129996,132004,127275,48724,48875,49667,7000,5000,2000,2000,2000,2000,0
80000,1,2,1,28,2,2,2,2,2,0,65499,63882,67741,69355,65139,60345,0,5000,3200,7,2309,3862,0
80000,1,1,2,29,1,-1,-1,-1,-2,-2,-54,36656,5114,0,0,0,36710,5114,0,0,0,0,0
20000,2,1,3,22,0,0,0,0,0,-2,14993,16244,18300,18100,-1900,0,1800,2800,0,0,1900,0,1
80000,2,3,2,34,1,-2,-2,-2,-2,-2,0,0,0,0,0,0,0,0,0,0,0,0,0
60000,2,2,1,36,1,-2,-2,-2,-1,2,0,0,0,0,982,832,0,0,0,982,0,1500,0
100000,2,2,1,38,1,2,0,0,2,0,12893,12447,14967,16773,16427,19053,0,3000,2000,0,3000,2000,0
160000,1,1,2,33,-1,-1,-2,-2,-2,-2,100,0,0,0,0,0,0,0,0,0,0,0,0
80000,1,2,2,33,1,2,0,0,0,0,19073,16106,57525,54990,52458,54093,3895,50000,2000,2000,2344,1235,0
430000,2,1,2,31,-2,-2,-1,0,0,0,10226,5671,52983,70672,52378,56360,5873,52983,35002,10203,7500,10000,0
40000,1,2,1,45,2,2,2,2,2,0,33547,36991,35965,37246,36781,20650,4000,0,2000,0,1200,0,0
500000,2,1,1,45,-1,-1,-1,-1,-1,-1,3852,2395,4730,4628,5127,3400,2403,4730,4628,5127,3400,1720,0
20000,2,2,2,22,0,0,0,0,0,0,18011,19389,17628,16694,19040,18631,2000,1494,2000,5000,2000,1094,0
340000,2,2,1,30,0,0,0,0,0,0,338272,339191,325675,285417,284834,284549,15000,15000,15000,12000,12500,11000,0
500000,2,1,2,32,-1,-1,-1,-1,-1,-1,103880,39356,301441,37945,104491,35234,39560,302961,38139,104673,35387,177258,0
200000,2,1,1,37,1,-2,-2,-2,-2,-2,0,0,0,0,0,0,0,0,0,0,0,0,0
80000,1,3,1,45,1,-1,0,0,-1,-1,-1213,35789,36751,390,390,390,38677,3000,0,390,390,1170,0
240000,2,1,1,34,-1,2,-1,-1,-1,-1,652,326,326,326,326,326,0,326,326,326,326,711,1
230000,2,2,2,37,-2,-2,-2,-2,-2,-2,0,0,0,0,0,0,0,0,0,0,0,0,0
60000,2,1,2,26,0,0,2,0,0,0,22921,23044,17660,13104,8722,17976,5000,0,0,174,13810,0,0
180000,2,1,2,24,0,0,0,0,0,0,64800,66747,67227,68398,70409,71408,4000,2600,2000,3000,2025,4791,0
200000,1,2,1,36,1,-2,-1,-1,-1,-1,-1,-1,296,299,278,4575,0,297,303,279,4597,0,0
60000,2,3,1,39,2,0,0,2,0,0,29565,31123,34134,23552,24020,26615,3000,3638,0,1000,3000,0,1
20000,1,2,1,26,2,2,3,3,3,3,1050,1050,1050,1050,1050,1050,0,0,0,0,0,0,1
90000,1,2,2,52,0,0,0,0,0,0,87186,87526,88924,88735,87521,85699,3505,3962,2909,3107,3127,3032,0
50000,1,2,2,24,0,0,0,0,0,0,33715,22824,17144,18104,19205,19014,6600,1900,1500,1500,1500,1500,0
200000,2,1,1,37,-1,0,0,0,0,0,97821,97934,44716,42073,42867,33876,4220,2029,2073,2867,3876,2295,0
50000,2,1,2,29,0,0,0,0,0,0,50187,51318,47091,41660,47368,49317,3000,23000,1120,6000,2675,0,0
50000,1,2,2,30,0,0,2,0,0,-2,2496,4533,4279,4592,0,0,2254,0,313,0,0,0,0
140000,1,2,2,43,0,0,0,0,0,0,128947,106671,101362,87420,88774,81869,4039,7010,2359,7617,2760,2366,0
360000,1,1,2,26,1,-2,-2,-2,-2,-1,-1917,-1917,-1917,-1917,-1917,18083,0,0,0,0,20000,1000,0
230000,2,1,2,35,-1,-1,-2,-2,-2,-2,2630,0,0,0,0,0,0,0,0,0,0,0,1
20000,2,3,1,42,0,0,0,0,0,0,17775,18974,18586,18957,19374,19583,1500,1285,656,699,2000,1286,0
20000,1,1,2,25,0,0,0,0,0,0,8226,9281,10325,10378,7085,6542,1349,1393,446,390,422,2093,0
50000,2,2,1,29,0,0,0,0,0,0,26052,27631,29128,29707,28825,29022,2000,2000,2500,1033,1053,1034,0
500000,1,2,1,40,0,0,0,0,0,-2,30415,31645,32556,36642,-8,-8,2006,3000,5080,8,0,0,0
170000,1,3,1,44,1,-2,-2,-2,-2,-2,0,0,0,0,0,0,0,0,0,0,0,0,0
130000,1,2,1,42,-1,-1,-1,-1,-1,-1,1048,1048,1048,1048,390,390,1048,1048,1048,390,390,390,0
320000,2,2,1,44,-1,-1,-1,-1,-1,-1,3493,12444,46163,1373,6064,2145,12498,46185,1387,6094,2155,1273,0
380000,1,1,2,33,0,0,0,0,0,0,70591,76715,80080,81162,89571,96627,10000,5000,5000,10000,10000,10000,0
260000,2,1,2,31,0,0,0,0,0,0,181679,187642,190152,186696,188632,190948,8900,7200,6800,7100,7200,6500,0
450000,2,2,1,44,0,0,0,0,0,0,10716,12254,12815,17782,9074,8490,8000,5000,7000,3000,2000,1626,0
210000,2,1,1,34,0,0,0,0,0,0,146756,150057,153238,156384,160056,163188,5500,5510,5500,6000,6000,6000,0
240000,1,1,1,47,1,2,2,2,2,2,138103,134976,137251,144457,147604,145071,500,6000,11000,5600,0,11077,1
220000,1,3,2,33,1,-1,-1,0,0,0,-117,487,2879,4483,6087,-273,1000,3000,2000,2000,0,2000,0
30000,2,1,2,29,2,-1,-1,-1,2,0,2030,1533,3897,6978,4081,3686,1533,3897,4081,0,155,96,0
20000,2,3,1,42,-1,-1,-1,-1,-1,-1,10665,637,11869,7312,1868,1470,637,11869,7314,2274,1470,2200,0
130000,2,2,2,24,1,-2,-2,-2,-2,-2,0,0,0,0,0,0,0,0,0,0,0,0,0
140000,2,3,2,31,0,0,0,0,0,0,92636,94641,96667,98883,79972,81642,3500,3600,3900,3000,3000,3200,0
100000,1,2,2,33,5,4,3,2,2,2,90822,88562,86256,87150,85636,91007,0,0,3200,0,6803,6950,1
30000,2,2,1,27,2,2,2,2,2,2,27896,26835,28690,27633,29184,28776,0,2659,0,2309,1087,0,1
270000,2,2,2,31,-2,-2,-2,-2,-2,-2,0,0,0,0,0,0,0,0,0,0,0,0,0
120000,2,2,1,24,1,-2,-2,-2,-1,0,0,0,0,0,4629,5551,0,0,0,4629,1000,1915,0
240000,1,2,1,39,2,0,0,0,0,0,234661,234364,235982,239281,244329,249130,10200,10200,8725,9068,9068,15000,0
160000,2,2,1,34,-1,-1,-1,-1,-1,-1,2734,0,625,406,338,0,0,625,406,338,0,0,1
180000,2,2,1,30,0,0,0,0,0,0,27225,28245,26743,28943,30943,0,1765,1000,2200,2000,0,0,0
200000,2,2,1,29,0,0,0,0,0,0,73700,73624,73928,72060,72393,72969,3304,3815,3004,3006,4012,3012,0
230000,1,1,2,28,0,0,2,0,0,0,70966,70366,66633,56055,22935,17354,5606,1050,1634,3000,3203,1000,0
80000,2,1,2,23,0,0,0,0,0,0,23998,17442,15948,17118,9883,8689,3150,2000,6000,500,304,500,0
250000,1,1,1,39,1,-1,-1,-1,-1,-1,0,93,5354,167,908,0,93,5354,167,908,0,0,0
450000,2,4,1,51,-1,-1,-1,-1,-1,-1,144396,150396,396,396,396,546,6396,396,396,396,546,396,0
120000,1,1,2,32,-1,-1,-1,-1,-1,-1,890,390,390,1480,0,6477,390,390,1480,0,6477,0,1
240000,2,1,2,36,-1,-1,2,0,-1,2,5367,6959,6649,5149,13750,5777,6959,15,0,7013,0,726,1
290000,1,1,1,63,0,0,0,0,0,2,183800,187658,193030,195356,207180,211614,6820,8500,7020,15000,8000,0,1
390000,1,1,2,29,0,0,2,0,0,0,43062,47142,46088,47016,48332,62205,5100,0,2000,2071,15000,2300,0
230000,2,2,1,34,-1,-1,-1,-1,-1,-1,2007,3220,6163,2765,2050,1197,3229,6191,2782,2055,1200,1710,0
140000,1,1,1,47,0,0,0,0,0,0,109259,108015,107209,106353,100653,99546,5400,5211,4000,4000,4000,3600,0
170000,2,1,1,52,-1,-1,2,-1,-1,-1,2939,5447,416,7509,6387,1516,3000,5,7509,6387,1666,3023,0
50000,1,2,1,51,0,0,0,0,0,0,42462,43684,42256,6501,6638,7027,1928,1200,300,242,500,500,1
230000,2,4,1,29,0,0,0,0,0,0,123436,127873,129832,133273,139818,65649,7000,6000,6000,10000,30000,3044,0
500000,2,2,1,27,0,0,0,0,0,0,174725,178556,182274,185523,183530,187150,6630,6831,6500,6500,6500,5900,0
450000,2,1,2,33,-1,-1,-1,-1,-1,-1,30627,3693,6696,2461,4192,4378,4008,6696,5000,4192,4378,71100,0
50000,2,1,2,26,0,0,0,0,0,0,48150,47684,47528,48525,45790,46764,1797,2113,2500,1742,1817,2000,0
200000,2,1,2,42,-1,-1,2,-1,-1,-1,660,1320,660,1320,1320,1710,1320,0,1320,1320,1710,27077,1
20000,1,3,1,26,3,2,3,2,0,0,10135,11926,11448,10970,11636,12442,2100,0,0,1000,1000,0,1
320000,2,1,1,34,-2,-2,-2,-2,-2,-2,11317,2612,1265,3031,13001,8807,2617,1265,3031,13001,8807,4003,0
200000,1,1,1,35,1,2,0,0,0,0,204441,198879,202466,168015,169799,171981,0,8555,10000,6500,7103,6000,0
320000,2,1,1,29,0,0,0,0,-1,-1,95322,98787,97996,27996,1712,-216,5000,2000,2000,2000,0,10000,0
380000,1,1,2,42,0,0,0,2,-1,0,1837,4791,6697,2700,1218,1533,3000,2000,0,1218,700,500,0
60000,1,2,3,46,0,0,2,2,2,2,24677,26963,28210,27473,29176,28242,3000,2000,0,2289,0,1500,1
140000,2,1,2,34,0,0,2,0,0,0,30996,33690,33430,32768,29701,24377,3200,1500,1800,2000,2000,1000,1
80000,1,2,2,28,0,0,0,0,0,0,49302,35916,25528,26034,26615,28173,1412,1425,931,1000,2000,2000,0
240000,1,1,2,33,1,-2,-2,-2,-2,-1,0,0,0,0,0,41300,0,0,0,0,41300,868,0
230000,1,2,1,46,0,0,0,0,0,0,170354,131022,108061,87461,69221,57462,7200,3348,2510,5000,3500,6500,0
210000,2,1,2,44,0,0,0,0,0,0,125615,77485,79668,92326,30500,25265,5000,4000,3402,2013,1026,1000,0
80000,2,3,1,36,-1,-1,-1,-1,-1,-1,5587,6906,1470,1720,2890,7678,6906,1470,1720,2890,7678,1730,0
80000,2,3,1,41,0,0,0,0,0,0,54074,50967,29143,33520,19060,14275,10000,10000,5000,3000,3000,5000,0
180000,1,2,2,24,-2,-2,-2,-2,-1,2,2294,1290,2109,600,476,326,1296,2120,901,476,0,326,0
50000,1,2,2,33,1,2,2,2,2,2,40159,41323,40364,42781,41966,48865,2100,0,3400,0,7800,0,1
300000,2,2,2,33,0,0,0,0,0,0,351232,298709,268531,157953,161183,163942,9198,7668,4429,4821,4684,3152,0
300000,2,1,2,26,0,0,0,0,0,0,10545,10421,15196,19406,23260,15423,3000,5000,5000,4000,5000,5000,0
60000,2,2,1,30,-1,0,0,0,0,0,54379,55029,54422,19843,19095,19495,2269,1385,1000,693,717,661,0
260000,2,1,2,32,-2,-2,-2,-2,-2,-2,-34,6846,1479,173,6326,369,6880,1486,174,6357,370,2500,0
210000,2,2,1,35,0,0,0,0,0,0,64740,66692,68579,70036,71706,73162,3000,3000,2600,2800,2800,2900,0
580000,2,2,1,57,-1,-1,-1,-1,-1,-1,20498,2290,4968,4481,5574,14240,2290,4968,4485,5583,14242,9986,0
200000,1,2,1,33,0,0,-2,-2,-2,-2,205150,0,0,0,0,0,0,0,0,0,0,0,0
360000,1,1,2,29,0,0,0,0,0,0,205119,209680,213527,174907,126309,97746,8270,8423,6753,5139,5000,4000,0
10000,1,2,2,21,0,0,0,0,-1,-1,6703,8422,9205,9393,4176,0,2000,1000,188,2538,0,0,0
60000,1,4,2,23,-1,-1,-1,-1,-1,-1,5363,262,-144,450,202,196,1000,0,1000,0,400,300,0
310000,2,2,2,26,0,0,0,0,0,0,87717,93707,83632,81133,75499,73540,9156,2782,4013,2688,2651,2652,0
490000,2,2,1,30,0,0,0,0,0,-1,26088,24092,24488,16995,-1527,62491,2003,2041,1092,4,64895,3003,0
200000,2,1,2,32,-1,-1,-1,-1,0,0,3450,12113,16152,19443,19189,13947,12174,16239,19446,529,400,277,0
50000,2,2,2,28,0,0,-1,0,0,-1,47132,22104,983,23594,7428,29039,1651,984,23001,5001,30001,8599,0
200000,2,1,2,32,1,-1,-1,-1,-2,-2,0,2300,15093,0,0,0,2300,15093,0,0,0,0,0
20000,2,2,2,26,0,0,0,0,0,0,6690,8628,8515,6584,3403,3748,2600,1500,1500,1000,402,0,0
420000,2,1,2,34,-1,-1,-1,-1,-1,-1,13207,6184,6692,1039,1039,1503,6222,9723,1045,1042,1509,9215,1
280000,2,1,2,30,0,0,0,0,0,0,161001,136271,131048,119654,115808,115116,5000,6000,4000,4000,5000,5270,0
150000,2,2,2,24,1,-2,-1,-1,-1,-1,0,0,3230,1085,10000,0,0,3230,1085,10000,0,0,0
300000,2,3,1,39,0,0,2,2,2,2,37672,40743,41226,40263,42788,41947,4000,1446,0,3179,0,3462,0
330000,1,1,1,57,-1,-1,-1,-1,-2,-1,3166,-206,3429,0,0,749,552,5726,0,0,749,799,0
160000,2,2,2,27,0,0,0,0,0,-2,78592,80240,39835,41150,0,0,3700,1700,2000,0,0,0,0
30000,2,3,1,44,-1,-1,2,0,0,0,1072,5122,4440,4050,3660,3660,4440,0,0,0,0,0,0
370000,1,2,1,33,1,-2,-2,-1,2,2,0,0,0,361,211,3659,0,0,422,0,3448,0,0
20000,1,2,2,34,-1,-1,-1,-1,0,0,13936,8643,1973,17711,13747,13901,8735,1973,17711,2000,5000,5000,0
50000,2,1,2,25,0,0,0,0,2,2,35427,36307,36989,38559,39958,38313,2000,2000,3000,3000,0,3090,0
50000,2,1,2,25,1,-2,-2,-2,-2,-1,0,0,0,0,0,550,0,0,0,0,550,0,1
180000,1,1,2,35,-1,-1,-1,-1,-1,-1,326,326,10726,24104,326,326,326,10726,24104,326,326,326,0
280000,1,1,2,33,-2,-2,-2,-2,-2,-2,640,-160,32060,3901,1276,-2,0,32220,3920,1282,2,3446,0
360000,2,2,1,49,0,0,0,0,0,0,338321,329178,320709,310208,289883,279709,12323,22023,12023,10023,10823,7523,0
50000,2,2,1,25,0,0,0,0,0,0,49772,50261,50630,30192,30297,28541,2082,1726,1013,1061,1135,886,0
90000,2,1,1,36,-1,-1,-2,-2,-2,-1,9999,0,0,0,0,1980,0,0,0,0,1980,0,0
100000,1,1,1,52,1,2,2,2,0,0,21509,20877,24122,23440,28843,31353,0,3600,0,6000,3000,0,1
180000,2,2,1,34,2,2,2,2,2,2,95008,97088,98093,99578,101828,103986,4500,3500,4000,4000,4000,4000,1
10000,2,2,2,21,0,0,0,-1,-1,-2,8660,9756,8560,780,0,0,1800,1300,800,0,1900,0,1
80000,2,1,2,25,-1,-1,2,-1,0,-1,390,5640,390,780,390,390,5250,0,780,0,390,390,0
220000,2,1,2,32,0,0,0,0,0,0,33710,33702,31682,33407,35128,37826,8959,1300,2000,2000,3000,20000,0
50000,1,3,2,54,-2,-2,-2,-2,-2,-2,0,0,0,0,0,0,0,0,0,0,0,0,0
360000,1,2,2,28,-1,-1,-1,-1,-1,-1,9780,6672,11201,9718,8781,11846,6712,11244,9747,8806,11872,19035,0
360000,2,2,2,46,1,2,0,0,0,0,361863,343268,285707,271529,276759,279953,0,11426,9781,10370,13899,9952,0
140000,1,3,1,39,0,0,0,0,0,0,136918,128636,127237,94159,95794,89345,5000,5900,4000,3000,5000,3000,0
270000,2,3,1,37,1,-1,0,0,0,0,265044,60052,68660,77184,85591,101945,73000,10000,10000,10000,20000,25000,0
240000,1,1,1,47,-1,-1,-2,-2,-2,-2,207,99,0,0,0,0,99,0,0,0,0,0,0
500000,2,1,2,41,-1,-1,2,0,0,-1,10386,34000,28854,92952,50089,2165,28854,0,70000,32000,2165,41242,0
210000,2,1,2,35,-2,-2,-2,-2,-2,-2,552,-18,-18,-18,-18,-18,0,0,0,0,0,0,0
100000,1,2,2,36,8,7,6,5,4,3,110072,108478,105931,104554,102360,100413,0,0,1170,0,0,0,0
30000,2,1,2,25,0,0,0,0,0,0,8341,10039,11560,16611,18179,19712,2000,2000,5611,2000,2000,1500,1
50000,1,3,1,45,-1,-1,-2,-2,-2,-2,1189,0,0,0,0,0,300,0,0,0,0,0,0
450000,2,2,1,39,-1,0,0,-2,-2,-2,810,1810,0,0,0,0,1000,0,0,0,0,1040,0
140000,2,2,1,32,0,0,0,0,0,0,129653,116582,112170,102931,100179,102417,5820,4920,3600,3700,3900,3602,0
20000,1,2,2,36,2,0,0,-1,-1,-1,19597,35869,9066,309,3019,16496,1503,2036,309,3100,16890,500,0
380000,2,3,1,38,0,0,0,0,0,0,380781,389354,373512,304594,305275,303402,16750,14100,11000,11000,11100,13500,0
240000,2,1,2,26,1,-1,-1,-2,-1,-1,-11,3919,-23,-23,7859,-2,3930,0,0,7882,0,805,0
240000,2,1,1,44,0,0,0,0,0,0,188307,179988,184976,188934,196884,199267,6600,8000,7000,11000,7181,7236,0
300000,1,1,2,45,0,0,0,0,0,0,62296,64460,56439,53637,55981,58270,3000,3000,3000,3000,3000,3000,0
50000,1,2,1,39,0,0,0,0,0,0,39323,45625,38157,15966,15733,17703,7031,2013,3005,2007,5007,1003,0
500000,1,1,2,39,-1,-1,-1,-1,0,-1,83528,-24702,23804,92715,6655,3966,472,113935,108041,33,3984,2122,0
280000,2,1,2,39,-1,-1,-1,-1,-1,-1,1726,325,2001,1364,1313,1242,350,2001,1400,1320,1300,1500,0
30000,1,2,2,21,0,0,0,0,0,0,26587,25917,17072,15994,12017,5614,1385,1270,367,336,112,0,0
140000,1,1,2,32,0,0,0,2,0,0,50890,59395,73225,56999,61050,67086,9395,15000,0,5000,7086,6505,0
130000,1,3,2,27,0,0,0,0,0,0,89956,61868,63766,65839,67908,63530,2317,3000,3000,3000,5000,2305,0
100000,2,2,2,23,0,0,0,0,0,0,13530,14564,15561,18306,20594,26368,1258,1255,3000,3000,7000,1225,0
360000,1,1,2,31,1,-2,-1,-1,-2,-1,0,0,1650,0,0,1650,0,1650,0,0,1650,0,0
10000,1,2,2,24,2,0,0,0,0,0,223,3035,4810,7546,9260,10000,3000,2000,3000,2000,1000,0,0
70000,2,2,2,23,0,0,0,0,0,0,39935,40973,41989,42823,43718,45203,1683,1699,1533,1585,2210,1875,0
40000,1,1,2,29,1,-2,-2,-2,-2,-2,0,0,0,0,0,0,0,0,0,0,0,0,0
280000,1,1,2,34,0,0,0,0,0,0,212093,220586,214180,226277,216716,232367,18685,15038,23084,11001,20000,10000,0
300000,1,1,1,34,0,0,0,0,0,0,66176,68108,70306,99217,142188,145013,3000,3500,30049,50000,5200,5000,0
470000,2,2,2,40,0,0,0,0,0,0,277185,282983,290274,294508,300646,306652,10257,11982,10536,10879,10971,11326,0
50000,1,2,1,46,0,0,0,0,0,0,49566,49483,48495,28641,28846,29024,1968,1644,1013,1044,1045,1034,0
50000,1,2,2,25,0,0,0,-1,-1,-2,11391,8081,16297,1000,0,0,1286,10048,1003,0,0,0,0
270000,1,1,1,37,0,0,0,0,0,0,156346,159223,165480,76144,77944,76577,7000,9000,5000,3000,3000,3000,1
120000,2,2,2,25,0,0,0,0,-1,-1,5259,4290,5192,380,441,425,1290,1261,300,441,425,989,0
20000,1,2,1,29,0,0,0,0,0,0,14275,15335,16223,15594,15920,15338,1297,1185,492,510,557,324,0
30000,1,3,1,64,2,2,2,0,0,0,13594,14078,14547,15304,16056,20196,1000,1000,1000,1000,4600,0,1
90000,2,1,2,29,1,-1,-1,-2,-2,-2,0,194,0,0,0,0,194,0,0,0,0,217,0
40000,2,2,2,23,-1,2,-1,-1,0,0,652,326,326,26370,24572,24918,0,326,26370,886,1075,830,1
150000,2,1,1,31,1,-2,-2,-2,-2,-2,0,0,0,0,0,0,0,0,0,0,0,0,0
110000,2,2,2,24,0,0,0,0,0,0,94597,96263,61195,28154,24773,21620,4260,2310,1010,980,900,750,0
10000,2,2,1,46,1,2,-1,-1,-1,-1,9841,9628,4060,4530,2140,1875,121,4060,4530,2140,1875,0,1
160000,2,2,2,51,-1,-1,-1,-1,-1,-1,6136,5932,4353,3746,5487,2702,5932,4353,3835,6934,3370,2276,0
150000,2,1,2,23,0,0,0,0,0,0,151669,152794,147323,112904,77642,78542,5900,5598,4440,2800,3000,3000,0
30000,2,2,1,42,0,0,0,0,0,2,27276,30470,27699,28257,30695,30059,3671,1500,1018,2900,0,869,0
50000,1,2,2,39,0,0,0,0,0,0,47206,8464,9799,10054,9736,9955,1500,1500,400,344,371,314,0
20000,1,2,2,24,1,2,2,2,2,2,11893,12906,12902,12398,13297,12934,1500,500,0,1100,0,1500,0
240000,2,2,1,37,0,-1,-1,0,-1,-1,1854,1346,3195,1932,7363,1546,1346,3195,0,7383,1546,4390,0
160000,1,2,2,27,0,0,2,2,0,0,109405,118110,119697,116284,119248,122228,12000,5000,0,5000,4958,36000,0
50000,1,1,2,45,0,0,0,0,0,0,48719,49966,32538,20270,19992,20054,2212,2503,693,1000,1000,1000,0
280000,2,1,2,36,-1,-1,-1,-1,-2,-2,27290,0,720,0,0,0,0,720,0,0,0,0,0
500000,2,1,1,37,0,0,0,0,0,0,315816,267100,277636,287998,298343,308378,10000,15000,15000,15000,15000,15200,0
80000,1,2,1,34,1,-2,-1,-1,-1,-2,0,0,862,41300,0,0,0,862,41300,0,0,10000,0
120000,2,1,2,24,0,0,0,0,0,0,78304,79348,81881,82628,84404,86096,2900,3850,3000,3100,3088,3151,0
80000,1,2,2,42,0,0,0,0,0,0,75264,75919,78078,28868,29174,29444,3200,4613,1100,1500,1500,966,0
150000,2,4,1,53,0,0,0,0,0,0,135903,137719,144913,135063,134417,134490,7474,14004,4876,4750,5090,4594,0
70000,2,3,1,33,0,0,0,0,0,0,71230,65305,50178,29969,30081,29380,2500,3108,2000,1048,1095,940,1
180000,1,1,1,45,2,2,2,0,0,0,106462,113728,98314,94552,92422,63022,10000,0,10000,3000,5000,4000,0
50000,2,2,2,32,1,-1,0,0,-1,-1,30382,45888,48599,-250,12122,3685,54608,7060,112,32132,11304,52681,0
250000,2,3,1,39,-1,-1,-1,0,-1,-1,5086,14180,49453,10989,2975,4099,14180,49453,0,2975,4099,6470,0
30000,1,3,2,46,3,2,0,0,0,0,13784,13277,13984,14350,14650,15156,0,1234,600,532,750,825,1
320000,1,2,2,52,-1,-1,-1,-1,-1,-1,1122,5000,396,1176,396,396,5000,792,1176,396,396,39316,0
290000,2,2,2,24,0,0,0,0,0,0,145341,136849,122627,115857,101472,98069,7000,6000,5024,5000,5000,10000,0
480000,1,3,1,56,0,0,0,0,0,0,103497,105310,107013,106039,108188,109691,5300,5300,4000,5000,4000,5200,0
80000,1,1,2,24,-1,0,-1,2,-1,0,2130,3100,173,173,3435,11962,1010,173,0,3438,10004,5500,0
260000,2,1,1,44,1,-1,-1,-2,-1,2,0,6500,0,0,2223,2056,6500,0,0,2223,0,60934,0
680000,2,1,1,42,0,0,0,0,0,0,189514,188883,190076,181957,182226,177731,8000,9000,7000,7000,7000,7000,0
50000,1,2,2,25,-1,-1,2,0,0,0,1789,50005,48731,46882,500,0,48731,0,2102,0,0,0,0
210000,2,2,1,37,-1,-1,-1,0,0,0,326,326,978,652,326,0,326,978,0,0,0,652,1
500000,1,1,1,51,-2,-2,-2,-2,-2,-2,10063,10166,11579,68712,26476,8974,10395,11888,88612,26476,8974,11522,0
180000,2,1,1,45,0,0,0,2,0,0,18472,20546,24956,24262,24782,26208,2690,5100,0,1058,2000,3000,0
230000,2,2,1,44,0,0,0,0,0,0,205938,209941,173679,92937,94552,76849,8476,6593,2966,3135,2956,2040,0
30000,1,3,2,22,2,0,0,0,0,0,28328,29505,25362,19493,5765,0,1704,1250,390,115,0,0,0
230000,2,1,2,36,1,-2,-2,-2,-2,-2,0,0,0,0,0,0,0,0,0,0,0,0,0
250000,1,1,2,44,0,0,0,0,0,0,98727,102134,106434,107673,109780,113961,5000,6000,4500,4000,6000,4500,0
230000,2,2,2,25,0,0,0,0,-1,0,19225,16375,11864,10004,62349,52791,2000,2000,5000,65349,2000,2000,0
50000,1,3,1,22,0,0,0,0,0,0,46450,47599,48456,44546,43256,13342,2200,2016,2009,2092,1020,1018,0
190000,1,2,1,35,6,5,4,3,2,0,254951,237094,218603,202639,199480,188113,0,0,0,0,142000,7000,1
50000,2,2,2,29,2,2,2,0,0,0,8281,8998,9695,11521,12331,13125,1000,1000,2000,1000,1000,1000,1
190000,1,1,2,27,1,-1,0,0,0,0,-4370,82387,83701,85035,86482,88164,87998,3017,3029,3127,3433,3356,0
50000,2,3,1,27,-1,0,0,0,3,2,29321,30048,31396,35045,34203,34743,1503,1851,4500,0,1250,0,1
120000,2,1,2,27,0,0,0,0,0,0,70835,59986,60779,62958,57763,53004,3000,2500,3000,2000,2000,2500,0
130000,2,2,1,39,0,0,0,0,0,0,131657,129859,128714,128962,131873,131482,5000,6208,4700,5000,5000,4800,0
230000,1,1,2,33,0,0,0,0,0,0,57171,56150,57074,50670,50652,51267,2100,2300,2000,2000,2000,2000,0
50000,1,3,1,54,1,2,2,0,0,2,49271,24982,25142,15498,16613,16197,1000,1000,1000,1366,0,1552,0
140000,2,1,2,27,-1,-1,-2,-2,-2,-2,390,0,0,0,0,0,0,0,0,0,0,2943,0
200000,1,3,1,33,0,0,0,0,0,0,199343,200070,200852,197426,196341,197787,10021,10036,7126,6508,6011,5537,1
50000,2,1,2,35,0,0,0,0,0,0,48585,49134,50203,10042,20085,9578,2220,2289,483,350,334,400,1
50000,2,3,1,32,1,2,2,2,0,0,45652,44646,47619,46455,47432,48442,0,4000,0,1432,3100,0,1
140000,2,2,1,55,0,0,0,0,0,2,22662,23306,21048,22332,30228,316,2500,2500,2000,12988,2168,932,0
490000,1,2,2,34,-2,-2,-1,0,0,0,0,0,244033,224216,212123,214715,0,244033,15011,9003,9019,8000,0
210000,2,2,3,52,-1,-1,-1,-1,0,0,815,815,815,910,58095,37684,815,815,910,58000,1500,2000,0
80000,2,1,2,27,-1,-1,-1,0,-1,-1,3199,1205,917,917,702,3099,1325,917,0,702,3099,0,0
250000,2,1,2,43,0,0,0,0,0,0,93163,96024,90901,69927,71403,69948,4409,3023,2600,2700,2801,2500,0
360000,2,2,1,33,0,0,0,0,0,0,325839,300726,252603,253759,255424,253826,11083,8948,8727,9118,9026,8997,0
210000,2,2,1,34,-1,-1,-1,-1,-1,-1,3402,4774,375,3498,3517,4567,4774,375,3498,3517,4567,2488,0
290000,2,1,1,34,-1,-1,-1,0,0,-2,111,0,904,904,0,0,0,904,0,0,0,6397,0
50000,1,2,2,23,-2,-2,-2,-2,-2,-2,-29,9881,10188,2277,18488,10263,9910,10294,2284,18546,11294,7752,0
60000,2,1,2,34,2,-1,-1,0,-1,-1,493,240,823,683,240,998,240,823,0,240,998,223,0
160000,2,2,1,35,2,2,2,2,2,2,131104,133828,135146,136520,139432,141971,6300,5000,5100,5252,5000,6000,1
370000,1,2,1,38,2,0,0,0,0,0,376014,377594,355120,315740,322540,319195,16000,13217,12000,12000,12000,15000,1
30000,2,2,1,29,1,2,2,2,2,2,16609,16057,18089,17504,18727,18279,0,2300,0,1500,0,1500,1
140000,2,2,2,24,0,0,0,0,0,0,38483,43627,35893,40883,16256,14354,10169,20000,15000,628,1392,1200,0
20000,1,1,2,24,-1,-1,-1,-1,-1,-2,390,390,390,780,0,0,390,390,780,0,0,0,0
180000,1,1,1,37,0,0,0,0,0,-2,15288,16534,18100,19900,-100,-100,1500,2000,2000,0,0,0,0
30000,1,2,2,35,0,0,0,0,0,0,20180,21827,20723,19523,4294,3974,2000,2032,0,1000,3000,1000,0
50000,2,2,2,31,0,0,0,0,0,0,20451,20426,19894,20294,20145,20175,1600,1600,1000,900,1000,1000,0
20000,2,1,2,24,-1,-1,-1,-1,-1,-1,3305,2296,14059,9140,1073,500,2296,14777,9140,1073,500,0,1
280000,1,1,2,33,-1,-1,0,0,0,0,8814,151643,153190,147589,149291,151357,151650,5546,6007,5507,6007,4184,1
210000,2,1,1,34,0,0,0,0,0,0,200239,195025,165356,116351,95854,91173,9510,7000,10079,4500,3532,3500,0
50000,2,2,2,22,0,0,0,0,0,0,50186,49061,43528,29606,30305,28895,1994,1500,1009,1124,1100,2000,1
80000,2,1,1,39,0,0,0,0,0,0,36444,33840,31768,28223,25557,18220,3015,4012,1013,2010,655,1007,0
320000,1,1,1,44,-1,-1,-1,-1,-1,-1,7500,8500,7500,7500,7500,7500,8500,7500,7500,7500,7500,7500,0
100000,2,2,1,36,0,0,0,0,0,0,92688,94925,96865,99196,101000,0,3000,2746,3156,3000,0,0,0
130000,2,2,1,32,1,2,0,0,0,2,51559,50465,51531,52076,55432,56571,0,2500,2000,4200,2200,0,1
20000,1,3,1,44,0,0,2,3,2,2,11007,15010,15767,15223,14837,16083,4525,1300,0,0,1495,3198,0
30000,2,2,2,26,0,0,0,0,0,0,12479,10100,10923,10549,4747,4864,1233,1056,500,500,1000,2000,0
80000,2,3,1,53,-2,-2,-2,-2,-2,-2,0,0,0,0,0,0,0,0,0,0,0,0,0
500000,1,1,1,40,-1,-1,-1,-1,-1,-1,11640,12831,11520,12486,11609,12660,12836,11525,12489,11614,12665,543,1
20000,2,1,2,23,0,0,0,0,0,0,14605,14532,15700,16346,16837,18298,2000,2000,1000,1000,2000,2000,0
320000,2,2,1,32,0,0,0,0,0,0,160832,164750,168370,169371,172868,150827,8000,8000,5500,6100,6000,5000,0
270000,1,1,2,36,0,0,0,2,0,0,78630,68921,46512,40335,37165,22156,10076,4018,14,2051,2000,0,0
220000,2,2,2,52,0,0,0,0,0,0,127624,125718,125917,124683,127890,131520,6046,5600,5000,8000,6000,3736,0
140000,2,2,1,24,-1,-1,-1,-1,-1,-1,696,696,696,696,696,696,696,696,696,696,696,696,0
350000,2,3,1,49,-2,-1,2,-1,-1,-1,10658,8598,3816,4223,1414,5941,9004,0,4223,1414,5941,2720,0
50000,2,3,1,40,0,0,0,0,0,2,20831,21592,22571,23024,25567,24463,1400,1360,810,2900,0,1100,1
150000,1,2,1,35,-1,-1,-1,-1,-1,-1,4030,592,2483,4556,1606,2047,593,2490,4573,1610,2053,4349,0
120000,2,2,2,27,1,-2,-2,-2,-1,-1,0,0,0,0,940,170,0,0,0,940,170,2018,1
200000,2,2,1,43,2,2,2,2,2,2,171647,167478,178983,180784,184201,187467,0,14500,6400,7000,7000,7000,0
50000,2,1,2,31,0,0,0,0,0,0,30291,31498,32205,32846,33535,34201,2000,1534,1175,1218,1224,1281,0
360000,1,1,2,26,0,-1,-1,0,-1,-1,11910,1356,4073,17812,2981,1936,1500,5000,15000,3000,2000,1033,0
70000,2,3,2,40,0,0,0,0,0,0,60525,60932,60190,25126,24718,27726,14011,14494,6019,7010,8007,5008,0
80000,1,2,2,25,0,0,0,0,0,0,63771,62642,60005,53384,55060,54583,2500,2500,1900,2500,2500,2000,0
180000,2,1,1,30,1,-2,-2,-2,-2,-2,0,0,0,0,0,0,0,0,0,0,0,0,1
20000,1,2,2,31,5,4,3,4,3,2,21763,21145,20930,20182,19836,11998,0,549,0,0,0,0,0
210000,2,2,2,34,1,-1,-1,-1,-1,-2,0,1075,229,799,0,0,1075,229,799,0,0,2247,1
20000,1,2,1,37,0,0,0,0,0,-2,16436,17584,18166,8190,8190,0,1418,1000,3144,0,0,0,0
200000,1,3,1,43,0,0,0,0,0,0,146206,150404,154977,157166,160870,164101,5404,5854,5000,5000,4600,5000,0
330000,2,2,2,30,-1,-1,-1,-1,-1,-1,13204,12500,865,15387,5945,896,12500,865,15500,6000,896,0,1
160000,1,1,2,31,0,0,0,0,0,0,136809,77080,160336,92820,91449,89559,6000,5000,15000,5000,7000,10000,0
500000,1,2,2,32,-1,-1,-1,-1,0,-1,10339,6405,-4617,16879,5195,290,6405,99,22480,0,580,36753,0
20000,1,1,2,22,0,0,2,0,0,0,18523,17889,16473,19004,19254,16287,3500,0,3000,574,539,342,1
50000,1,3,1,58,-2,-2,-2,-2,-2,-2,4025,5318,4151,4186,3545,2659,5318,4151,4186,3545,2860,2702,0
200000,2,2,1,47,-1,-1,0,0,0,0,528,13921,14943,14692,14733,14820,13921,1528,500,528,655,284,0
230000,1,1,2,39,0,0,0,0,-2,-2,38395,39943,20650,0,0,0,2500,2000,0,0,0,0,0
30000,1,2,2,24,0,0,0,0,0,0,26931,27791,28792,29121,29368,13174,1598,1599,928,600,627,1500,0
100000,2,2,2,30,1,-2,-2,-1,2,0,0,0,0,1378,1209,3174,0,0,1378,0,2000,2000,0
50000,2,2,1,42,0,0,0,0,0,0,47971,47627,47750,48194,48111,48664,2087,2100,1900,1900,1900,1900,0
500000,2,1,1,35,-1,-1,-1,-1,-1,-1,2153,9869,4055,3000,3000,8063,9869,4065,3000,3000,8063,6000,0
30000,2,3,1,45,-2,-2,-2,-2,-2,-2,0,1930,1930,2072,4072,0,1930,1930,2072,4072,0,0,0
50000,2,2,1,43,-1,-1,-1,-1,-1,-1,560,1121,195,197,197,197,1121,195,197,197,197,197,0
20000,1,1,2,25,1,-2,-2,-2,-2,-2,0,0,0,0,0,0,0,0,0,0,0,0,1
400000,1,3,2,49,0,0,-2,-2,-1,0,36560,0,0,0,1757,21667,0,0,0,1757,20000,10158,0
60000,2,1,2,24,0,0,0,2,0,0,57693,55760,59007,56492,57565,56569,2700,4800,0,2100,2200,2500,0
250000,1,1,1,46,-1,2,-1,-1,-1,-2,5379,992,12738,2310,0,0,0,12738,2310,0,0,840,0
140000,2,1,2,31,0,0,0,2,2,2,41314,42377,43923,43051,44109,43253,1732,2278,3000,1892,0,1572,0
260000,2,3,3,55,0,0,0,0,0,0,185441,190942,194161,197287,172561,165409,10000,8000,7150,7057,7396,4060,0
80000,2,3,2,25,-1,-1,-1,-1,-1,-1,571,3948,4695,390,1289,935,3952,4695,390,1289,935,390,0
230000,1,1,1,41,-1,-1,-1,-2,-2,-2,9360,9650,0,0,0,0,9650,0,0,0,0,0,0
60000,1,3,2,34,2,0,0,0,0,0,58501,59225,59592,58654,58664,59323,2300,2578,2039,2088,2767,1750,0
50000,2,3,1,55,0,0,0,0,0,0,37234,37942,38003,11625,18442,9743,1963,2025,562,339,1200,600,0
140000,2,2,1,33,0,0,0,0,0,0,133094,132777,131672,133496,128509,124035,5005,4603,5002,4505,4400,4300,0
200000,2,2,1,35,1,-2,-1,-1,-1,-1,0,0,5825,0,3217,8273,0,5825,0,3217,8273,5158,0
20000,1,1,2,33,0,0,0,0,0,0,17593,38478,19703,19697,17303,1554,1472,1400,394,346,31,0,0
350000,1,2,2,31,0,0,0,0,0,0,360347,357139,272072,267277,255680,261573,13100,10000,10000,8200,9000,9000,0
80000,2,2,2,23,-1,-1,-2,-2,-2,-2,309,-77,-77,-270,-463,-656,0,0,0,0,0,0,1
60000,2,1,2,26,-1,-1,2,-1,0,-1,3437,16932,2301,6220,2227,10416,16960,0,6227,0,10416,0,0
20000,2,2,1,34,2,2,2,0,0,0,17151,16887,17302,18029,18362,18669,300,1000,1000,1000,1000,1000,0
200000,1,1,1,45,-1,-1,-1,-1,-1,-1,577,0,2470,0,1350,1006,0,2470,0,1350,1006,0,0
50000,1,3,1,42,0,0,0,0,0,0,47838,49246,50376,9408,9605,9806,2180,2310,336,348,360,349,0
20000,2,2,3,52,0,0,2,0,0,0,8586,10041,10571,10995,11169,11979,1600,1000,600,500,1000,500,0
80000,2,3,2,25,0,0,0,0,0,0,80012,78748,76722,70370,64510,51695,3010,2700,2300,2500,2000,1400,0
40000,2,3,1,48,2,2,-1,-1,-1,2,780,0,390,540,1080,540,0,390,540,1080,0,780,0
80000,2,3,1,27,1,2,2,0,0,0,79108,78637,75688,46378,46175,41118,3200,0,1806,2124,1599,1500,0
200000,2,1,1,41,-1,-1,-1,0,0,-1,10529,1936,25483,16767,19941,19665,1940,25513,4767,7541,19665,5633,0
50000,2,2,3,28,1,2,0,0,0,0,51068,46027,45769,46677,47668,50764,0,3154,1669,1741,3900,0,0
220000,1,1,2,28,2,0,0,2,2,2,205130,212060,225462,116915,116021,114001,9975,19254,0,8500,0,8000,1
150000,1,2,1,39,1,-2,-2,-1,-1,-2,-7,4422,367,3287,0,0,4429,367,3691,0,0,0,0
230000,2,2,2,30,0,0,0,0,0,0,74664,63540,66131,58430,72617,66787,3000,10000,10000,20145,11745,686,0
50000,1,3,3,55,0,0,0,0,0,0,45555,41372,41544,13007,16233,14952,1968,1843,434,5000,582,679,1
200000,2,1,1,40,-2,-2,-2,-2,-2,-2,6549,9389,18475,1016,4934,7749,9421,14068,3,4948,7770,23918,0
10000,1,3,1,40,1,2,2,3,2,2,7229,6968,8881,8594,8312,9241,0,2035,0,0,1069,1000,1
50000,2,2,2,28,0,0,0,0,0,0,19969,27267,19833,24014,27429,29189,8000,3302,5000,6500,10000,20000,0
150000,1,2,2,44,0,0,-2,-2,-1,-1,143650,0,0,0,1000,0,0,0,0,1000,0,5000,0
40000,2,2,1,38,0,0,0,0,0,0,38491,36881,37968,36155,36933,37666,3000,2000,1500,1500,1500,2000,0
20000,1,1,2,25,1,2,3,2,0,0,16688,18427,17843,17259,17781,18034,2300,0,0,800,700,800,1
200000,2,1,2,35,0,0,0,0,0,0,75203,77949,74865,72766,70444,69003,4000,4000,5012,4000,3000,4000,0
90000,1,2,2,28,2,0,0,0,2,2,18978,20675,23329,24940,24404,27227,2000,3000,2000,0,3400,0,1
500000,1,1,1,58,-1,-1,-1,0,-1,-1,7285,28390,13138,6653,7081,4651,28730,14587,28,7114,4672,3114,0
50000,1,1,2,34,0,0,0,0,0,0,48559,47008,15435,10235,9119,8237,2573,2000,500,459,500,500,0
150000,2,3,2,27,0,0,2,0,0,0,3081,7997,8710,9559,10401,11069,5000,1000,1000,1000,1000,1398,0
200000,1,1,2,36,-1,-1,0,0,0,0,1801,9483,60571,57990,9568,82,9556,60025,5032,5054,5000,3000,0
80000,2,3,1,41,0,0,0,0,0,-1,52456,20925,15115,12465,6925,6049,11500,3000,4000,1260,6100,0,0
50000,2,2,1,49,-1,-1,-1,-1,-1,-1,12515,9115,1198,198,1198,11198,9115,1198,198,1198,11198,29358,1
180000,2,2,1,40,0,0,0,0,0,0,23820,22749,21221,18190,17919,18402,2005,2000,2004,2500,3000,4000,0
120000,2,2,2,39,0,0,2,0,0,0,22033,24067,24372,24670,25617,26535,2400,1000,1000,1500,1500,1500,0
100000,2,3,1,28,3,4,3,2,0,-1,110946,106423,101256,48876,28468,3875,0,0,0,1603,3875,55,1
180000,1,2,2,38,2,2,0,0,0,-2,21564,20939,22182,12382,-18,-18,0,2100,200,0,0,0,1
260000,1,1,2,32,0,0,0,0,0,0,122423,123006,122956,123709,120603,122674,5940,6000,4500,4500,4546,4510,0
200000,2,3,1,30,-1,-1,2,-1,-1,-1,1120,1100,740,740,890,740,1100,0,740,890,740,740,0
20000,2,3,3,55,1,2,3,2,2,2,18558,20358,19743,19128,20560,20082,2400,0,0,1744,0,600,1
550000,2,1,2,35,0,0,0,0,0,0,83707,49676,49196,37784,35317,7433,3023,5070,3017,7148,2037,14243,0
20000,2,2,2,21,0,-1,-1,-2,-2,-2,20000,1685,0,0,0,0,1685,0,0,0,0,0,0
80000,2,3,1,47,0,0,0,0,0,0,33590,34524,34038,33231,33440,5513,2079,1200,0,816,365,5000,0
50000,1,2,2,23,0,0,-1,0,0,-1,96234,44882,1270,880,390,390,1052,1270,0,0,390,0,0
100000,2,1,2,36,0,0,2,0,0,2,10672,11025,5791,3623,5554,5309,2355,0,500,2000,0,1000,0
150000,1,1,2,66,0,0,0,2,2,2,131027,135519,147692,149166,151934,137885,6600,16200,5200,5110,0,5300,0
180000,1,2,2,34,0,0,0,0,0,0,22387,23453,20171,20245,20769,23770,1500,1500,1000,1000,3490,1000,0
100000,2,2,2,36,0,0,0,0,0,0,87656,90341,92244,93316,95158,97776,5000,4300,3500,3500,4200,4500,0
200000,1,1,2,30,-2,-2,-1,-1,-2,-1,1488,2493,5261,993,2494,3890,2505,5268,996,2501,3896,5189,0
200000,2,3,1,69,2,2,2,2,2,-2,2500,2500,2500,2500,0,0,0,0,0,0,0,0,1
340000,2,1,2,40,0,-1,0,-1,-1,2,68616,6691,10961,8722,4776,2812,7355,10012,8740,4776,0,6000,0
20000,2,2,2,56,0,0,0,0,0,0,17091,17596,15524,14807,13667,16271,3000,3006,3506,3500,7011,7125,1
80000,1,1,2,27,-1,-1,-1,-1,-2,-1,6544,4924,1990,0,0,4350,4924,1990,0,0,4350,0,0
120000,1,2,1,40,0,0,0,0,0,0,94166,73086,62511,36996,30311,26414,3500,2347,5000,3000,2000,10000,0
70000,2,1,2,30,0,-1,-1,2,0,0,6749,64626,47161,27534,26660,27022,64626,3000,0,946,1424,1000,0
290000,1,1,2,35,-2,-2,-2,-2,-2,-2,184910,118701,97606,76053,53994,31812,4166,3400,2588,1696,1113,1647,1
200000,1,1,2,27,1,-2,-1,0,-1,-1,0,0,6331,6460,630,500,0,6331,129,630,500,0,0
100000,2,2,2,28,0,0,0,0,0,0,106750,76374,68584,66901,63261,64409,3004,47000,2540,3000,3000,3000,0
50000,1,2,1,33,0,0,0,0,0,0,21460,12570,13530,14876,14157,18888,1300,1200,5000,1000,5000,8000,1
210000,2,1,2,25,-1,-1,-1,0,0,0,4576,1837,141555,140550,153587,153278,1837,141555,4272,20150,6000,9749,0
150000,1,1,2,33,0,0,0,0,0,-2,26739,32939,34300,35100,-1200,-1200,7000,2500,1000,0,0,0,0
140000,2,2,1,62,0,0,0,0,0,0,142250,142172,141738,141524,141845,142150,5200,5100,5000,5200,5100,5200,0
20000,2,2,2,25,0,0,0,0,0,0,19223,18206,19195,38040,20009,20138,1293,1397,836,1653,565,206,1
230000,2,3,2,38,0,0,0,0,0,0,14887,23751,52698,101007,103598,150430,10000,30000,50000,4691,50000,4000,0
70000,1,2,2,29,0,0,0,2,0,0,56626,58512,61926,60332,61658,65561,2800,5000,0,2300,4950,2700,1
20000,2,3,1,43,-1,-1,-1,0,-1,-1,390,0,780,390,390,0,0,1170,0,390,0,780,0
60000,1,2,2,33,1,-2,-2,-2,-2,-1,-64,-64,-64,-64,-64,16759,0,0,0,0,17000,13000,0
90000,2,2,2,23,0,0,0,0,0,0,19204,12681,14155,14916,15673,17404,2000,2000,1000,1000,2000,2000,0
80000,2,3,1,39,-2,-2,-2,-2,-2,-2,0,0,0,0,0,0,0,0,0,0,0,0,0
140000,2,2,2,36,0,0,0,0,0,0,134183,136457,97395,99249,77188,71675,8144,6812,5036,3000,15000,10000,0
200000,2,1,1,40,-1,-1,-1,-1,-1,-1,316,316,316,316,316,316,316,316,316,316,316,316,0
170000,2,3,2,42,0,0,0,0,0,0,77795,66420,83733,89389,97696,101063,5000,20000,8000,10000,5000,4000,0
200000,1,2,2,29,0,0,0,0,0,2,7468,34399,36792,49648,33498,30895,30035,10008,15011,5010,153,14100,0
50000,2,1,2,25,1,2,0,0,0,0,43099,42133,43127,44210,45844,49869,0,2000,1800,2500,5500,1801,0
130000,2,2,2,42,0,0,0,0,0,0,42946,43969,44975,45723,46515,47450,1676,1682,1430,1318,1331,1525,0
80000,2,2,2,41,-1,2,2,2,2,2,66053,67397,68193,69465,70545,72233,3000,2500,3000,2500,3000,0,0
360000,1,1,2,36,0,0,0,0,0,-1,256324,246283,211725,49064,19272,18609,12009,9530,2116,9291,18718,19333,0
50000,2,1,2,28,0,0,0,0,0,0,6608,4571,6260,6760,4762,5684,2000,2000,500,2000,2000,1000,0
200000,2,3,1,29,1,-2,-1,-1,-1,-1,0,0,1000,34614,749,0,0,1000,34614,749,0,0,0
270000,2,2,1,42,-1,-1,2,-1,-1,-1,1138,11899,5794,19857,3681,3188,11921,329,20218,3699,3204,13193,0
200000,2,2,1,33,-1,-1,-1,-1,0,0,7770,3266,200,15845,15845,-39,5846,200,15845,0,0,0,0
400000,1,1,2,33,0,0,0,-2,-2,-1,201800,205150,0,0,0,91057,9150,0,0,0,91057,100000,0
30000,2,2,1,23,2,2,2,2,2,2,11851,14416,13887,14564,15183,14790,2762,0,910,1000,0,1200,1
200000,1,2,2,37,-2,-2,-2,-2,-2,-2,162,536,0,495,0,0,536,0,495,0,0,546,0
80000,1,1,2,38,-1,-1,-1,0,-1,-1,780,259,7544,390,390,332,259,7544,0,390,332,780,1
210000,1,1,1,39,-2,-2,-2,-1,-1,-2,980,0,650,3446,0,0,0,650,3446,0,0,0,1
200000,2,1,2,26,0,0,0,0,0,0,121830,91216,93099,94949,96929,98909,3311,3400,3400,3512,3586,3148,0
180000,2,1,1,30,-1,-1,-2,-2,-2,-2,2743,0,0,0,0,0,0,0,0,0,0,0,1
300000,2,1,1,40,-1,-1,-1,-1,0,0,10920,3939,10184,115184,63758,19813,3939,11082,115184,19800,0,2356,0
360000,2,1,2,29,-1,-1,-2,-2,-2,-1,2868,0,0,0,0,629,0,0,0,0,629,2475,1
80000,1,1,2,28,-2,-2,-2,-2,-2,-2,8598,9467,-270,3697,9455,4144,9467,0,3967,9455,5000,2900,1
90000,1,3,1,62,0,0,0,0,-1,-1,86200,81995,16985,12985,285,-4715,2500,1000,1000,500,0,31000,0
40000,2,1,2,27,-1,-1,0,0,0,-1,32540,14163,30107,31567,32583,31309,14163,20000,3000,3000,31749,0,1
310000,2,1,2,27,1,-1,-1,-2,-1,-1,0,113,0,0,6960,6008,113,200,0,6960,6008,0,1
260000,2,1,2,33,2,-1,-1,-1,-1,2,1381,491,491,1132,1711,1070,493,493,1134,1072,2,3103,0
90000,1,2,1,41,-1,-1,0,0,0,0,-1750,76674,77974,80064,81747,86611,79786,2836,3657,2972,6228,0,0
50000,2,1,2,25,2,2,2,2,2,2,45708,48862,47748,50799,49904,49978,3900,0,3800,0,4000,0,1
380000,1,3,2,33,-1,-1,-1,-1,-1,-1,2989,3731,3003,69127,33815,115854,3742,3012,69294,33827,115860,64486,0
200000,2,2,2,30,0,0,0,0,0,0,155768,156041,157356,123271,123831,124070,7325,7470,4460,4583,4376,4533,0
470000,1,2,2,34,-2,-2,-2,-1,-1,0,23747,23305,0,1632,141186,143916,1116,0,1632,141190,6000,7004,0
200000,2,1,2,26,0,-1,-1,-1,-1,-1,6242,1776,3587,0,2160,900,1776,3598,0,2160,900,1850,0
380000,2,2,1,30,0,0,0,0,0,0,295543,299922,307166,311716,306830,303453,11000,12602,11500,10500,11000,10152,0
10000,2,2,2,33,0,0,0,0,0,-1,15004,8663,9437,9630,8399,1697,2452,1000,193,168,1734,770,1
120000,2,3,2,31,-1,-1,-1,-1,-1,-1,1769,390,390,390,390,390,390,390,390,390,390,1079,0
190000,2,2,2,26,-1,-1,-1,-1,-1,-1,11613,10000,10000,10000,10000,10941,10000,10000,10000,10000,10941,79027,0
50000,2,1,2,23,-2,-2,-2,-2,-2,-2,807,0,0,0,0,0,0,0,0,0,0,0,0
90000,2,3,1,53,0,0,0,0,0,0,65237,62521,60363,58142,55896,53525,2255,2200,2100,2014,1876,1901,1
640000,1,1,2,36,0,0,0,0,0,0,192325,68891,71564,32968,37541,42064,4000,4000,3000,5000,5000,3000,0
140000,2,1,2,25,3,2,0,0,0,0,21593,14021,10084,89223,58280,44593,0,2000,83000,3000,32000,2000,1
170000,2,2,2,30,0,0,2,0,0,0,121009,136552,132655,134140,115892,116653,19078,0,5000,5000,4500,4500,0
20000,2,2,2,24,2,2,2,2,-1,-1,6270,8284,8000,0,186,3314,2284,0,0,186,3314,3515,1
50000,1,3,1,50,2,0,0,0,0,0,48607,49540,49583,19695,20004,19904,2100,1500,1000,1000,1000,700,0
50000,1,2,2,42,2,2,2,0,0,0,51614,52034,50151,20448,20464,20456,2000,39,718,800,800,800,0
140000,1,1,1,34,2,2,2,2,0,0,104651,105162,104207,100326,102740,103444,5000,3600,0,4000,4000,3603,1
110000,2,2,2,26,0,0,0,0,0,0,65800,67251,70065,72017,77943,79694,2510,4000,3000,7000,3100,1377,0
180000,2,1,2,27,0,0,2,0,0,0,99137,119635,115839,105643,119358,116097,22500,121,10000,20000,25000,0,0
110000,1,1,2,30,0,0,0,0,0,0,110800,112008,96347,49506,49142,49251,4404,2826,1880,1805,2182,2000,0
280000,2,3,1,61,0,0,0,0,0,0,162734,146990,149201,152377,155764,148302,7000,6000,5500,5800,5200,6000,0
180000,2,1,2,31,-1,-1,-1,-1,-1,-1,3920,1020,0,860,13335,15248,1020,0,860,13335,15248,17676,0
20000,1,1,2,27,1,-2,-2,-2,-2,-2,0,0,0,0,0,0,0,0,0,0,0,0,0
50000,1,3,2,41,0,0,0,0,-1,-1,47384,48814,49771,19375,71,19661,2194,2151,755,71,19837,792,0
30000,1,2,2,24,1,2,2,3,2,0,20985,20393,20399,19945,19645,11229,0,2403,0,0,2000,0,0
260000,1,2,2,31,-1,-1,-1,-1,-1,-1,326,326,326,326,326,326,652,326,326,326,326,144,0
180000,2,1,1,30,0,0,0,0,0,2,149069,152317,156282,161163,172190,148963,7500,8000,9000,14000,0,5500,1
110000,2,3,1,53,-2,-2,-2,-2,-2,-2,1457,745,0,0,0,0,745,0,0,0,0,0,0
20000,2,2,1,23,2,0,0,0,2,0,16219,17626,18398,19052,15429,9199,1674,1446,1100,0,379,1085,1
150000,2,2,2,28,0,0,0,0,0,0,85118,88844,92345,82866,76412,80259,5000,5000,5000,5000,5000,5000,1
80000,1,2,3,39,2,0,0,0,0,0,76123,54669,28674,28240,28540,27934,2000,1500,1200,1300,1200,1200,0
150000,2,2,1,44,0,0,0,0,0,0,17723,19440,14945,12966,14882,8105,2019,2020,2000,2000,2000,1000,0
80000,2,3,1,39,-1,-1,-1,-1,-1,-1,715,2012,3550,7529,0,3228,2012,3550,7529,0,3228,0,0
200000,2,2,1,36,-1,-1,-1,-1,-1,-1,1070,4078,1099,1099,1099,1099,4107,1099,1099,1099,1099,1099,0
300000,2,2,1,42,-1,-1,-1,-1,-1,-1,38913,319,8157,21228,326,1518,319,8157,21228,326,1518,47374,0
290000,2,1,2,31,0,0,0,0,0,-1,44193,15950,15315,14199,9681,162,1380,1212,284,5000,162,380,0
80000,2,2,1,36,0,0,0,0,0,0,69760,60445,50857,39813,40248,40935,2500,2061,1413,1460,1751,1958,1
100000,2,2,1,41,0,0,0,0,0,0,95326,97972,99147,74548,76284,77841,4825,4600,3000,2940,3000,3000,0
50000,2,2,2,24,1,2,0,0,0,0,34069,23196,22883,18069,19273,19929,0,1636,700,1500,1000,500,0
100000,1,2,2,26,0,0,0,0,0,0,60077,62438,49234,50521,51820,53056,4000,3000,2000,2000,2200,1700,0
50000,2,2,1,26,-1,-1,-1,-1,-1,-2,1902,782,0,4699,0,0,782,0,4699,0,0,0,0
200000,1,1,2,47,-1,-1,-1,-1,-1,-1,696,696,696,696,846,696,696,696,696,846,696,696,0
130000,2,2,2,25,1,2,0,0,0,0,52180,49874,52000,53590,54606,51033,0,5000,4000,3000,3500,13000,0
200000,1,3,2,33,0,0,0,0,0,0,181542,173731,152447,119730,122537,109504,7100,5354,4363,4816,4381,3330,0
500000,2,1,2,37,-1,-1,-1,-1,-1,-1,6364,1625,517,0,1450,2668,1625,517,0,1450,2668,1480,0
500000,1,1,2,36,-1,-1,-1,0,0,0,2450,1038,34741,20409,23804,22697,1100,35157,3000,5000,5000,5000,0
120000,2,1,2,30,-1,-1,-1,-1,-1,-1,416,416,416,0,832,416,416,416,0,832,416,416,1
280000,2,1,1,30,1,-2,-2,-2,-2,-2,0,0,0,0,0,0,0,0,0,0,0,0,0
20000,1,2,1,49,0,0,0,0,0,-2,16348,10535,10720,10120,0,0,2010,1508,1000,0,0,0,1
20000,1,3,3,57,1,2,0,0,0,0,20442,20141,19888,20318,20364,20134,1200,1300,1000,1000,1000,1000,0
210000,2,1,2,39,1,-2,-2,-2,-2,-2,0,0,0,0,0,0,0,0,0,0,0,0,0
210000,2,2,2,29,1,1,-2,-2,-1,0,1767,-3355,-3987,-1987,1697,4347,0,0,2000,4000,3000,5000,0
110000,1,1,1,36,0,0,0,0,0,0,104498,107819,109836,44356,45932,47473,5000,4823,2000,2000,2000,2000,0
200000,2,1,2,36,0,0,-2,-2,-2,-2,120869,0,0,0,0,0,0,0,0,0,0,0,0
20000,2,2,1,26,1,-2,-2,-2,-2,-2,0,0,0,0,0,0,0,0,0,0,0,0,1
400000,1,2,2,29,1,2,0,0,0,0,21092,19756,19058,15146,15064,12774,0,1510,1010,1000,2000,2000,0
210000,2,1,1,36,1,-1,-1,-2,-1,-1,0,799,0,0,4150,0,799,0,0,4150,0,0,1
50000,2,1,2,49,2,2,4,4,4,4,150,150,150,150,150,150,0,0,0,0,0,0,1
170000,2,4,1,33,0,0,0,0,0,0,143737,129898,124370,112589,26958,8535,6247,6375,4468,1000,1306,110000,0
90000,2,2,1,27,-1,-1,0,0,0,0,1767,17684,18382,21415,6654,10323,17684,3000,5000,3000,5000,7000,0
230000,2,2,1,41,0,0,0,0,0,0,166988,170603,172056,172615,174555,177010,8000,7500,6500,6500,7000,7068,0
220000,2,1,2,42,-1,-1,-1,-1,-1,-1,26340,31523,35718,24288,25720,48759,31533,20600,24288,25720,48759,23303,0
100000,2,2,2,26,0,0,0,-1,0,0,22320,15193,13516,1541,8805,11329,1227,1150,1600,8000,5000,0,0
200000,2,3,1,35,0,0,0,0,0,0,188096,171535,167877,128550,131511,127781,8000,6700,5000,5100,4700,4800,1
170000,2,2,1,37,1,-2,-2,-2,-2,-2,0,0,0,0,0,0,0,0,0,0,0,0,0
250000,2,2,1,29,2,2,2,0,0,2,128413,124320,108995,84196,95286,93613,5300,0,3100,12500,0,2100,1
30000,2,3,1,47,-2,-2,-2,-2,-2,-2,6911,10507,4785,4567,11762,4209,10523,4790,4736,55762,4209,22815,0
480000,1,1,1,47,0,0,0,0,0,0,69046,70490,71931,73362,74897,76461,2548,2602,2618,2709,2800,6098,0
360000,1,2,1,57,1,-2,-2,-2,-2,-2,0,0,0,0,0,0,0,0,0,0,0,0,1
470000,1,1,2,35,0,0,0,0,0,0,393780,371511,318025,248281,254175,256613,15107,13111,10000,10014,9598,10044,0
20000,1,2,1,42,0,0,0,0,0,0,21431,19745,19943,19235,19245,13670,1386,1189,570,589,600,200,1
330000,2,2,2,40,2,2,0,0,0,0,131096,127564,130167,132754,135691,139646,0,4725,4752,5077,6366,8550,0
30000,1,3,2,28,2,2,2,0,0,0,22323,25961,25141,22272,22844,19436,4000,9,1000,1013,1300,10000,1
90000,1,3,2,29,0,0,0,0,0,0,83683,65192,46273,46979,48139,44432,4000,3000,1700,2000,1591,2647,0
150000,2,1,1,29,-1,-1,-1,-1,-1,0,598,3188,33850,4625,1035,520,3188,33850,4625,1035,0,0,1
100000,2,2,1,35,3,3,2,2,0,0,61089,59556,60486,58296,33247,34118,0,2525,0,1206,1423,3400,1
50000,2,2,1,44,0,0,0,0,0,0,45578,41906,35703,22360,23659,27421,3016,5003,3000,3000,5000,924,0
30000,1,1,2,30,1,-2,-2,-2,-2,-2,0,0,0,0,0,0,0,0,0,0,0,0,1
50000,2,3,2,55,0,0,0,0,0,0,51682,37869,27114,29625,32788,28668,3960,7232,11000,15788,13668,4490,0
200000,2,1,2,29,0,0,0,0,0,0,7523,8445,9090,3270,774,0,3000,1000,0,700,0,0,0
50000,1,1,1,56,-1,0,0,0,0,0,5433,12906,7044,6787,6534,6277,1117,1098,231,234,238,175,1
100000,2,1,2,26,0,0,0,0,0,0,91857,78797,70936,68104,68055,68084,3572,2600,5600,2600,2600,2510,0
510000,2,1,1,35,0,0,0,0,0,0,62382,55076,113654,104449,95937,96634,5000,70000,3500,4000,3500,5000,0
90000,2,3,2,28,0,0,0,0,0,2,86493,86960,87187,86669,90391,87207,4200,4000,3200,6700,0,4000,0
190000,2,2,1,34,0,0,2,0,0,2,138628,156232,152251,153820,163265,166627,21440,0,5600,11950,6200,0,0
390000,2,2,2,28,-1,-1,-1,-1,0,-1,19081,1170,6512,14122,7894,3927,1170,6512,14122,0,3927,200,0
80000,1,2,1,31,0,0,0,0,0,0,70664,62223,26400,27201,27363,-4000,2036,1500,1201,1500,2000,2000,0
40000,1,2,1,36,0,0,2,2,2,0,34871,37999,37089,39464,38698,40051,3700,0,3000,0,2000,800,0
80000,1,2,2,32,1,2,0,0,0,-2,82212,79682,28242,21400,0,0,7,1200,1408,0,0,0,0
200000,2,3,1,38,0,0,0,0,0,0,97584,75187,72556,63524,49914,18068,3600,2500,3000,2000,2000,2000,0
90000,2,2,1,38,0,0,0,0,0,0,88758,89680,89876,49922,46302,45430,3900,3487,1629,4000,3000,813,0
140000,2,2,1,39,-1,-1,-1,0,0,0,1007,3680,4214,3790,3357,3426,3685,4214,76,67,69,1376,0
80000,2,2,1,48,0,0,0,0,0,0,79518,77757,32325,25670,30089,29395,2264,1420,1002,6005,2000,970,0
110000,1,2,2,27,0,0,0,0,0,0,103550,105089,107164,105988,108617,103497,6000,6000,4000,5000,4000,4000,0
440000,2,2,2,27,-1,0,0,0,0,0,25154,27028,29098,21447,13547,16008,10011,5052,3163,5010,5000,5000,0
440000,2,1,1,33,-2,-2,-2,-2,-2,-1,0,0,0,0,0,100,0,0,0,0,100,300,0
450000,2,2,1,38,-2,-2,-2,-2,-2,-2,10972,15005,13887,17255,17515,0,15008,1200,5255,4566,0,3648,0
80000,2,2,2,25,0,0,0,0,0,0,78401,76930,77977,58469,58722,59770,3562,3112,2076,2279,2175,2300,0
450000,2,2,2,36,1,-2,-2,-2,-2,-2,0,0,0,0,0,0,0,0,0,0,0,0,1
80000,1,1,2,34,2,2,2,2,2,2,62423,63827,64682,65614,67007,68349,3000,2500,2600,2600,2600,2000,1
50000,1,1,2,27,0,0,0,0,0,0,17541,18716,19098,3291,1855,540,1762,1144,66,37,158,390,0
100000,2,2,1,28,2,0,0,0,0,2,73073,74739,70844,63924,57326,59654,3500,3003,1910,2400,3300,0,1
40000,2,1,2,26,0,0,0,2,2,2,20936,20647,21561,18438,20619,17582,3000,4000,0,5000,0,8000,0
120000,1,1,2,34,1,2,2,-1,-1,-1,650,625,300,475,300,325,300,0,500,300,500,300,1
20000,2,2,2,22,0,0,0,0,0,0,17807,18520,39053,20055,19606,19925,1298,1909,1666,5000,703,775,0
130000,2,2,2,34,0,0,-2,-2,-1,-1,42063,0,0,0,150,1000,0,0,0,150,1000,0,0
50000,1,2,2,23,0,0,0,0,0,0,48025,47611,44249,29321,29309,29739,2122,1815,1184,1206,1411,904,0
240000,2,1,2,38,-1,-1,-1,-1,-1,-1,6916,2098,9927,3633,3603,926,2106,9951,3633,3603,926,7199,1
80000,1,2,2,48,0,0,0,0,0,0,74658,72885,47663,48350,47208,46292,2500,2000,2000,2000,2000,2000,0
210000,2,1,1,43,-2,-1,-1,-1,-2,-2,0,981,2148,0,0,0,981,2148,0,0,0,0,0
110000,2,2,1,39,2,2,0,0,2,2,110109,106656,104407,108689,106342,111575,0,5200,7700,0,7800,0,1
50000,1,2,2,25,0,0,-1,0,0,-2,17355,5934,16637,4000,0,0,1000,24677,0,0,0,0,0
30000,2,2,2,27,0,0,2,0,0,0,28392,31439,30394,29994,29834,15960,3500,0,0,0,0,0,0
300000,2,2,1,35,0,0,0,-1,-1,-1,10911,18463,16022,10880,2558,2324,12042,6191,10892,2558,2332,4099,0
200000,2,1,1,45,-1,-1,-1,-1,-2,-1,15127,1890,3699,367,-1530,4812,1896,3712,379,1217,9652,16,1
330000,1,1,1,46,-1,-1,-1,-1,0,0,7401,4567,6242,24353,20219,23163,4567,6443,24353,10219,13163,5909,0
50000,1,2,1,43,0,0,0,0,0,0,28287,28924,29521,29876,30201,15611,1485,1472,1217,1347,558,550,0
380000,2,1,2,32,-1,0,0,0,0,0,91806,100291,108245,109006,117195,121246,10000,10000,10000,10001,6000,38000,0
210000,2,4,2,25,0,0,0,0,-2,-2,179248,21612,5259,-243,-243,-243,3151,2000,0,0,0,0,0
50000,1,3,1,34,0,0,0,0,0,0,6808,6198,22456,19776,9433,7487,1318,19776,1096,572,645,0,0
180000,2,2,2,35,-2,-2,-2,-2,-2,-2,-117,2573,-77,-77,1823,227,2690,0,0,1900,230,0,0
10000,1,3,1,47,0,0,2,0,0,2,6817,9119,8826,8849,9567,9265,2588,0,318,862,0,502,1
60000,2,3,2,24,0,0,0,0,0,0,60491,61319,56550,43279,28289,28013,2560,1593,1348,1012,1016,1007,1
20000,2,1,2,24,-1,2,-1,0,0,-1,632,316,948,632,316,1096,0,948,0,0,1096,0,0
360000,1,3,1,32,0,0,0,0,0,0,89120,191329,92915,52341,51739,55079,105484,4500,2000,2100,4400,2934,0
20000,2,1,2,46,0,0,0,0,0,0,12146,7698,6005,6411,3125,3164,1273,1039,1000,123,101,48,0
170000,1,3,1,43,-1,-1,-1,-1,-2,-2,19247,1230,2910,0,0,0,1230,2910,0,0,0,0,0
30000,1,1,2,38,1,2,0,0,0,2,24172,23497,24817,25602,26535,26947,0,1715,1500,1500,1000,4670,0
180000,2,3,2,30,-1,-1,-1,-1,-1,-2,1730,6792,0,3180,2682,0,6792,0,3180,2682,0,5593,0
120000,2,2,3,43,0,0,0,0,0,0,46889,47496,48307,49272,49016,43127,1856,1667,1632,1664,1880,1059,0
270000,2,2,2,29,0,0,0,0,0,0,150185,141926,135741,126197,118340,110557,4988,7000,5000,5000,5000,5000,0
60000,2,2,2,48,-2,-2,-2,-1,0,0,53044,51158,29452,1696,38585,38884,1607,1675,1696,38000,1500,1400,0
50000,2,2,2,38,0,0,0,0,0,0,33801,27027,24459,23161,22282,20537,1433,1319,773,787,757,615,0
20000,2,2,2,27,4,3,2,0,0,0,21750,21127,20332,19932,19932,7080,0,0,0,0,0,0,0
70000,2,3,2,52,0,0,0,0,0,0,105991,67243,67533,28653,29253,26185,2777,1751,969,1004,938,1122,0
150000,1,1,2,29,-2,-2,-2,-2,-2,-2,4583,6917,831,6469,5138,7810,6989,833,6488,5153,7833,7130,0
10000,2,2,2,37,-1,0,0,0,0,-1,7841,7400,6770,5163,3575,390,1157,1000,103,72,400,0,0
180000,2,3,2,27,1,-2,-2,-1,-1,-2,0,0,0,8081,0,0,0,0,8081,0,0,0,0
20000,1,1,2,29,0,0,2,0,0,0,14897,17512,16926,17368,17959,19023,3170,0,1000,1000,3000,0,0
50000,2,2,1,36,0,0,0,0,0,0,47404,48786,49768,27838,84810,27785,2148,2130,1200,1012,2034,973,0
10000,1,2,2,44,1,2,2,0,0,0,6898,7642,5381,3791,3791,0,1019,0,0,0,0,0,0
180000,1,2,2,30,0,0,0,0,0,0,145563,147348,143548,133408,136481,140008,10035,5096,5000,5200,6024,5015,0
50000,1,2,2,39,1,2,2,2,2,2,39966,37584,38423,37212,39319,36082,0,3000,0,3007,7,3119,0
50000,1,3,1,51,0,0,0,0,0,0,42257,44243,64104,33406,34104,34869,3000,2500,1985,1163,1256,1316,0
240000,2,2,1,32,1,-2,-1,-1,-1,-1,0,0,493,-5,574,3509,0,493,0,579,3509,1198,0
230000,1,2,1,31,0,0,2,0,-1,-1,60528,49036,31226,15568,10000,0,5000,0,5000,10000,0,10000,0
200000,2,2,2,30,6,5,4,3,2,0,71310,69676,67976,68468,67439,56163,0,0,2000,0,1925,1130,1
30000,1,1,3,27,0,0,0,0,0,0,25107,26312,28102,29078,29201,24122,2000,3000,2000,1000,1500,1000,0
160000,2,2,2,35,1,-2,-2,-1,-1,-2,-200,-200,0,6171,0,0,0,200,6171,0,0,0,0
20000,2,2,2,23,0,0,0,0,0,-1,17772,19058,19681,19507,14656,756,1877,1500,500,0,756,23750,0
50000,2,2,2,25,1,-1,-1,-1,-1,-1,0,870,590,3700,1999,7300,870,590,3700,1999,7300,17120,0
10000,2,2,2,32,0,0,0,0,0,0,9463,9338,10073,10059,9760,10048,1165,1200,400,520,600,500,0
150000,2,1,1,32,1,-2,-2,-2,-2,-2,0,0,0,0,0,0,0,0,0,0,0,0,0
50000,1,3,1,48,0,0,0,0,0,0,11839,13240,14015,14293,14763,14968,1600,1300,511,700,600,800,1
250000,2,1,2,30,0,0,2,0,0,2,77245,84828,82228,83116,87990,86564,8722,0,3010,6249,0,3212,0
20000,2,2,1,44,8,7,6,5,4,3,16942,16721,16193,16445,15624,15096,0,0,780,0,0,0,1
240000,2,1,1,45,1,-2,-2,-2,-2,-2,0,0,0,0,0,0,0,0,0,0,0,0,0
500000,1,1,1,32,1,1,1,1,0,0,48169,53197,63010,64178,64992,50722,20000,20012,10036,15000,10000,50000,0
260000,1,2,1,35,-2,-1,-1,-1,-2,-2,-48,4001,5975,0,0,0,4261,6000,0,0,0,0,0
110000,1,2,2,31,0,0,0,0,0,0,61050,62663,62425,59118,49449,38047,2600,2100,2000,2000,1500,1000,0
140000,2,2,1,27,0,0,0,0,0,0,126771,132730,124689,105447,106704,97725,10000,5000,5000,5000,5000,5000,0
10000,1,2,1,42,-1,2,0,0,2,2,9860,9169,9055,9908,9611,10059,0,1200,1000,0,1000,0,1
80000,2,2,2,42,2,2,2,2,2,2,73981,76489,77611,78683,80315,81887,9625,3000,2900,3000,3000,0,1
120000,2,1,2,29,0,0,0,0,0,0,110488,107488,97021,86283,87345,81666,4000,5000,3000,3300,3010,3000,0
280000,1,1,2,33,0,0,0,0,0,0,281604,283292,281327,189287,185398,184414,10000,10059,5201,5211,5500,5500,0
310000,1,2,2,42,0,0,0,0,0,0,169749,172685,176630,180315,184072,188194,7000,6630,6379,6586,7086,7522,1
360000,2,1,2,29,-2,-2,-2,-2,-2,-2,5041,7485,4480,3260,3884,4352,2500,7740,3260,3884,4352,4509,0
210000,2,1,2,31,2,2,2,2,0,0,131297,128743,129104,125887,112439,104537,9735,4000,0,4000,3850,12203,1
80000,2,4,2,25,0,0,0,-2,-1,0,6643,9400,0,0,11457,6709,3000,0,0,45568,3000,3001,0
50000,1,1,2,56,1,2,0,0,0,0,52108,50445,42652,9965,9720,9951,52,2176,334,336,375,1000,0
100000,1,2,1,52,0,0,0,0,0,0,64358,64956,66816,36448,37481,37684,2416,3000,1500,2000,1360,1500,0
500000,2,2,1,40,-1,-1,-1,-1,-1,-2,2231,-9,2312,2928,0,0,0,2321,2928,0,0,0,0
200000,2,1,1,38,-2,-2,-2,-1,2,-1,26344,0,0,320,170,2865,0,0,329,0,2865,801,0
50000,1,2,2,44,0,0,0,0,0,0,49120,50823,49844,20239,20241,19921,2504,1590,701,803,1000,671,0
260000,1,1,2,29,1,2,-1,-1,-1,-2,56536,23827,29423,37900,-3400,-4000,778,29423,10000,0,0,24450,0
120000,1,2,2,32,1,2,2,2,2,2,60316,61763,63154,64524,66345,68104,3000,3000,3000,3000,3000,0,1
50000,1,2,2,25,3,2,0,0,0,0,50516,22781,25064,12927,18691,19291,9,1210,1000,6000,1060,780,1
30000,2,3,2,29,2,0,0,2,2,2,23136,24205,28318,28755,29442,30003,1744,4857,1200,1300,1200,1100,1
590000,1,1,1,63,0,0,0,-1,0,0,630458,646770,693131,324522,358774,369685,28000,61115,325000,40000,20000,51000,0
240000,1,1,1,43,-2,-2,-2,-2,-2,-2,3645,9077,4234,7118,8187,8708,9088,4234,7118,8187,8708,9291,0
260000,2,2,2,44,1,-2,-2,-2,-2,-2,0,0,0,0,0,0,0,0,0,0,0,0,1
20000,1,3,2,39,2,0,0,0,0,0,18243,17557,19880,19471,16211,14365,1677,3000,590,687,524,235,1
210000,2,1,2,28,-1,-1,-1,-1,0,0,262,3771,5474,69536,76188,72678,3771,5474,69536,10000,4000,2100,0
200000,1,2,2,27,1,2,2,2,2,2,112050,115353,112099,118764,120780,123710,6501,0,10000,4001,5000,0,0
160000,2,2,1,50,-1,-1,-1,-1,-1,-1,1261,2261,1390,390,390,0,2261,1390,390,390,0,780,1
640000,2,1,1,50,-2,-2,-2,-2,-2,-2,6482,8853,22238,9877,10110,23910,8853,22243,9877,10110,24616,5952,0
120000,2,2,2,24,2,0,0,0,0,0,67714,51385,35160,13425,8517,6174,2102,1021,274,3001,1004,4005,1
280000,2,1,2,27,-1,-1,-1,-1,-1,-1,36382,2000,400,0,1398,4626,2000,400,0,1398,4626,0,0
140000,2,2,2,29,0,0,0,0,0,0,43030,44335,45351,46317,55506,56609,2000,1755,1721,10000,2028,3000,0
500000,1,2,1,49,-1,-1,-1,-1,-1,0,371,3523,483,12988,92539,94292,3540,485,13052,92539,3160,1910,0
230000,1,1,1,38,-1,-1,-1,-1,-1,-1,1902,2161,1144,1346,1024,-4,2170,1149,1352,1029,0,654,0
100000,2,3,1,36,2,2,2,2,2,2,92675,92857,80748,80708,75366,76590,3445,709,6077,2805,2906,0,0
20000,1,3,2,43,-1,0,0,-1,0,0,6085,6607,2800,11052,10522,9150,1045,1028,11052,311,183,0,1
180000,2,1,2,28,1,-2,-2,-2,-2,-2,0,0,0,0,0,0,0,0,0,0,0,0,0
410000,2,3,2,28,2,2,2,2,0,0,407490,415276,384242,343283,320407,328827,16195,15282,15164,12005,15000,10507,0
100000,2,2,2,28,0,0,0,0,0,0,101557,101518,97664,70995,70183,71068,5000,4000,2700,2500,2800,2600,0
500000,2,1,1,45,0,0,0,0,0,0,93669,101892,76452,20965,50466,61566,10147,5331,10000,30000,12000,10000,0
20000,2,2,2,24,0,0,0,0,0,0,19043,20210,18091,19431,19478,17492,1500,1408,5000,1000,2000,5000,0
470000,2,1,1,35,0,0,0,0,0,0,270005,262579,248080,232961,217802,202092,9500,9000,8086,14700,7000,9000,0
100000,1,1,1,49,0,0,0,2,2,2,63977,64854,69258,67546,71938,73605,2500,6100,0,5500,3000,0,1
240000,2,1,1,37,-1,-1,-2,-2,-2,-2,317,0,0,0,0,0,0,0,0,0,0,0,0
140000,1,1,2,35,-1,-1,-1,-1,-1,-1,325,537,4233,857,325,325,537,4233,857,325,325,954,0
120000,1,1,1,52,2,2,2,2,3,2,112593,112623,115258,119620,118928,121619,3300,6000,7800,1500,4800,0,0
500000,2,1,1,39,0,0,0,0,0,-1,39823,61597,52210,27843,28926,11931,30006,23016,566,22323,11931,10683,0
80000,2,2,1,53,1,2,2,2,0,0,9715,9415,11254,10777,12096,13895,0,2000,0,1500,2000,0,0
210000,2,3,1,55,0,0,0,0,0,0,217016,204418,204377,146575,144521,147938,8049,9000,6000,5500,5816,5500,1
20000,1,2,2,51,-1,-1,-2,-1,-1,-2,780,0,-1500,780,0,0,0,0,2280,0,0,0,0
90000,1,2,2,38,0,0,0,0,0,0,112212,109495,48950,20253,18810,19496,5170,21287,1353,1000,1000,607,0
50000,2,3,3,43,0,0,0,0,0,0,31199,36067,24727,30182,27043,25995,12009,2111,11000,1000,6000,6001,0
320000,2,2,1,43,0,0,0,0,0,0,181048,186444,188596,192145,195813,198648,8500,7000,6800,7000,6965,7500,0
120000,2,3,1,42,-1,-1,-1,0,-1,0,2207,263,4531,1211,4015,2042,263,4531,0,4015,0,1007,0
450000,2,2,2,35,1,2,0,0,0,0,347994,311267,365723,370496,374405,373155,0,90000,14011,14029,14052,14000,0
210000,2,1,1,36,1,-2,-2,-2,-2,-2,0,0,0,0,0,0,0,0,0,0,0,0,1
130000,1,3,1,38,1,-2,-2,-2,-2,-2,0,0,0,0,0,0,0,0,0,0,0,0,0
230000,2,1,2,28,0,0,0,0,0,0,95956,87294,85336,81640,82462,80964,4231,4061,2846,2800,2909,2601,1
320000,2,1,2,32,2,0,0,0,0,0,313383,313136,317847,313990,312070,319672,12937,13036,10072,9600,11056,9964,0
460000,2,1,2,34,1,-2,-2,-2,-2,-2,-258,-258,-258,1209,703,990,0,0,1467,703,990,3200,0
490000,1,1,1,38,1,-2,-2,-1,0,0,380,380,380,15240,19656,24006,380,380,15240,5000,5000,7396,0
310000,1,1,1,43,-2,-2,-2,-2,-2,-2,0,0,0,0,0,0,0,0,0,0,0,0,0
260000,2,1,2,36,-1,-1,-2,-2,-2,-1,2992,0,0,0,0,150,0,0,0,0,150,310,0
30000,2,2,1,35,-1,-1,2,0,0,0,11359,27657,26745,27345,25300,0,27657,0,1000,0,0,0,0
200000,2,1,2,26,0,-1,-1,-1,-1,-2,1290,599,0,253,0,0,599,0,253,0,0,0,0
210000,2,2,1,33,0,0,0,0,0,-1,8770,10972,22610,10161,5933,4164,6000,15042,5000,0,4164,816,1
130000,1,2,1,44,2,0,0,0,0,2,16357,17287,19992,22329,23964,23428,1500,3000,3000,2000,0,1500,1
150000,2,3,1,29,0,0,0,0,0,0,118025,120493,123087,124843,127431,130008,4278,4500,3700,3716,3768,4000,0
100000,2,2,2,24,0,0,0,0,0,0,94056,96272,97464,80034,80533,77479,3730,3033,2676,2796,2806,2379,0
50000,1,3,1,51,0,0,0,0,0,0,48550,46267,46716,29744,30060,29449,2000,1400,984,1013,1006,939,0
210000,2,1,1,34,0,0,0,0,0,0,74261,75602,76062,76287,76971,77737,3500,3300,3000,3000,3000,3000,0
300000,2,2,2,27,-2,-2,-2,-2,-2,-2,0,0,0,0,0,0,0,0,0,0,0,0,0
60000,1,1,2,24,0,0,0,0,0,0,20873,22228,22691,22816,26587,22917,2000,1246,720,4780,1700,4000,0
30000,1,2,2,29,2,0,0,-2,-2,-2,28603,28785,0,0,0,0,1000,0,0,0,0,0,1
50000,2,1,2,23,1,-2,-2,-2,-2,-2,0,0,0,0,0,0,0,0,0,0,0,0,0
80000,2,3,1,28,0,0,0,0,0,-2,36847,38847,35017,36175,0,0,2000,2000,2000,0,0,0,0
150000,2,3,1,55,-2,-2,-2,-2,-2,-2,1194,2095,2154,2900,2512,3514,2101,2160,3046,2519,3625,0,0
340000,1,3,1,29,0,0,0,0,0,0,332123,327362,324322,316472,317349,314212,14000,12000,12000,12000,12000,12000,0
240000,2,1,1,35,-1,-1,0,-1,0,-1,5770,10412,4578,5928,5619,13227,10420,1150,5928,3619,13227,7764,0
20000,1,2,1,42,0,0,0,0,0,0,18317,18455,19399,19962,14938,3039,1500,1400,1009,307,1200,0,0
20000,1,1,1,53,0,0,0,0,0,0,13605,14629,15640,15950,16130,17011,1249,1260,570,436,1150,1000,0
150000,1,1,2,26,0,0,0,2,0,0,29712,28045,31732,26989,33624,29786,3200,6300,0,10000,2000,2000,0
50000,1,2,1,50,0,0,0,0,0,0,47721,48993,50280,18762,18290,19165,2037,2324,1000,1000,1165,1596,0
200000,2,2,1,44,-1,2,-1,-1,0,0,500,500,61807,7849,14978,46333,0,61807,7849,10000,35000,10000,0
60000,2,3,1,47,0,0,0,0,0,0,59098,23100,17708,10148,9284,2241,1392,1000,203,186,347,17971,1
160000,2,2,1,26,-1,-1,-1,-1,-1,-1,1319,3934,399,690,590,0,3941,399,690,590,0,1926,1
80000,2,3,1,65,0,0,0,0,0,0,80260,82116,80299,81416,81617,81607,3750,3520,3069,3271,3262,3237,0
50000,2,2,1,37,-1,-1,-1,-1,-2,-1,7465,2790,1323,156,-177,2406,2790,1323,156,2,2583,1581,0
30000,1,2,2,24,0,0,-2,-1,-1,-2,12800,0,0,90,-40,-3000,0,0,90,0,0,10400,0
360000,1,1,1,34,1,-2,-2,-2,-1,-1,-130,-130,-130,-130,25619,-395,0,0,0,25749,0,0,1
190000,2,3,1,41,2,0,0,2,0,0,185738,187764,100526,94909,94804,94007,7762,7700,0,3545,3386,3575,1
10000,1,3,2,33,-1,-1,-1,-1,-1,-1,1655,1473,390,390,540,150,1473,390,390,540,150,3780,1
50000,1,2,2,24,0,0,0,0,0,0,9923,5088,5625,4428,5092,5685,1200,2065,1000,2070,2000,10327,0
20000,1,2,2,24,2,2,2,2,4,3,15586,16649,16090,20648,19759,19160,1609,0,5148,0,0,0,1
360000,2,3,1,31,-1,-1,-1,-1,-1,-1,28835,14596,10705,3400,6410,5479,14596,10705,3400,6410,5479,4120,0
420000,2,3,2,35,0,0,0,0,0,0,63715,62201,56125,49114,47563,45829,3002,2200,1700,1800,1700,1500,0
500000,1,1,2,34,0,0,0,0,0,0,324503,324262,323101,296962,84615,267596,15633,19725,13091,5066,195829,20225,0
150000,2,2,1,38,-2,-2,-2,-2,-2,-2,1106,2199,2997,735,1104,0,1208,1006,50000,1104,0,0,0
240000,2,3,1,41,1,-2,-2,-1,0,0,-2225,-8523,-10951,88670,199444,178706,12,16,103751,117086,6146,4501,0
10000,2,1,2,26,0,-1,-1,0,0,0,9459,231,3364,6129,9009,9188,231,5000,3000,3000,329,340,0
50000,1,2,3,51,0,0,0,0,0,0,79502,65237,64426,18430,18020,17991,4000,1565,641,648,654,649,0
30000,2,3,2,33,1,2,2,0,0,2,24457,25474,26241,25388,26377,27794,1716,1500,911,1400,2000,0,1
150000,2,1,2,30,-1,-1,-1,0,0,-1,7015,0,6700,6700,7427,13583,0,6700,0,727,13583,4973,0
90000,2,2,2,23,2,3,3,2,2,2,82623,86621,84369,82117,84395,85739,5900,0,0,3600,2900,3500,1
100000,1,1,2,54,0,0,0,0,0,0,99932,42389,41842,40291,40556,40534,1712,1639,1418,1618,1529,1414,0
360000,1,2,1,30,2,2,2,2,2,-2,2500,2500,2500,2500,0,0,0,0,0,0,0,0,1
150000,2,1,2,27,2,2,2,2,0,0,15475,18212,18617,18020,18726,19414,3000,1000,0,1000,1000,1000,1
150000,2,2,2,23,0,0,0,0,0,0,7795,13821,6640,5831,10514,5432,7000,1000,1070,6000,2432,116,0
30000,1,2,1,48,0,0,0,0,0,0,46780,38099,38600,29400,30000,0,1899,1400,1188,600,0,0,0
20000,1,2,2,23,0,0,0,0,0,0,18497,15172,17488,17923,16838,18535,1900,2900,1000,800,2000,1000,0
310000,2,1,1,66,0,0,0,0,0,0,259874,236662,220421,224801,229520,234145,8874,7984,8029,8324,8435,8552,1
20000,1,3,1,49,0,0,0,0,-1,-1,13881,12170,13237,10790,390,780,1218,1285,608,390,780,0,0
150000,2,1,2,30,0,0,0,0,0,0,150426,151052,143488,142419,145100,153229,5520,5200,5100,5300,10900,0,0
420000,2,2,1,30,0,0,-1,0,0,-1,83640,63751,153092,111922,88709,36484,1275,156564,0,0,36484,69380,0
360000,1,2,1,37,1,-2,-2,-2,-2,-2,0,0,0,0,0,0,0,0,0,0,0,0,1
260000,2,1,2,30,0,0,0,0,0,0,89538,82621,78236,49417,21226,23174,4000,2092,1333,769,2300,0,0
430000,1,1,2,28,0,0,0,0,0,0,406995,438832,312608,341552,345532,339050,40000,30000,35000,30000,20019,40000,0
200000,2,2,1,37,-1,2,-1,-1,-1,-1,2681,1273,2192,430,430,6136,0,2192,430,430,6136,2923,1
40000,2,1,2,26,2,2,2,2,2,0,27255,26532,29089,28522,28914,29482,0,3000,200,1000,1200,1300,1
80000,1,2,1,48,0,0,0,0,0,-1,46495,8241,11000,16000,0,54070,3000,3000,5000,0,54070,5247,0
20000,1,2,1,42,0,0,2,0,0,2,16070,19107,18506,18802,20199,19394,3300,0,900,1700,0,253,0
50000,1,2,1,51,0,-1,-1,0,0,0,113247,108550,118310,9904,9905,9974,3000,10510,4000,500,1000,2000,0
500000,1,2,2,44,-2,-2,-1,0,0,-2,26697,26319,79424,77920,55625,30092,1131,150042,4790,3236,866,630,0
260000,2,2,2,30,0,0,0,0,0,0,34405,52512,52263,52261,52140,52615,20000,1826,1971,2000,2500,2000,0
20000,2,1,2,23,0,0,2,0,0,0,11672,8584,8279,8444,8621,8868,2424,0,284,294,371,500,0
30000,1,2,1,33,0,0,0,0,0,0,23900,25507,26489,27017,56186,29146,2000,1418,946,1437,3000,0,0
330000,1,1,2,32,0,0,0,0,0,0,162657,151305,138277,141453,112633,121242,5500,4723,5500,4000,10700,4500,0
120000,1,2,1,60,2,2,2,2,2,2,27497,27960,28996,29321,29803,30511,1200,1800,1100,1100,1350,1500,1
380000,2,3,2,31,-1,-1,-1,-1,-1,-1,3859,9194,15157,11147,12483,13680,9240,15233,11202,12493,13748,18061,0
340000,2,2,2,38,-2,-2,-2,-2,-2,-2,0,780,0,0,0,0,780,0,0,0,0,0,1
160000,1,2,2,37,0,0,0,0,0,0,119165,118392,117553,113256,112678,111924,6008,6011,3606,3803,4003,3311,0
330000,1,1,2,31,0,0,-1,-1,0,0,163406,137664,3381,40635,40490,38431,7558,5000,42054,3000,2000,1100,0
180000,2,3,2,27,-1,-1,-1,-1,-1,-1,3898,0,715,4079,0,213,0,715,6942,0,213,0,0
140000,2,2,2,38,0,0,0,0,0,2,141453,132415,130305,79775,74462,74954,8000,3100,3000,5417,0,500,0
80000,1,1,2,27,0,0,2,0,0,0,77111,81555,72868,55780,53523,54679,6384,0,2100,2100,2200,2200,0
80000,2,3,2,34,-2,-2,-2,-2,-2,-2,585,-395,-2241,0,0,0,395,1846,8759,0,0,0,0
280000,2,1,1,51,-1,-1,-1,-1,-1,-1,11223,15225,4951,2408,8360,6202,15262,4951,2408,8360,6202,200,0
200000,1,3,1,44,0,0,0,0,0,0,69106,70393,73220,74419,76078,77822,3000,4000,3000,3000,3000,3000,0
300000,1,1,1,58,1,2,2,2,2,2,158230,160242,156171,165556,169250,172804,6000,0,12000,6500,6500,6500,1
500000,2,2,2,44,0,0,0,0,0,0,77257,73089,81210,88888,107072,115264,10000,10000,10000,20000,10000,0,0
130000,2,2,1,40,-1,-1,-1,0,-1,-1,1445,1445,1651,1651,390,0,1445,1651,0,390,0,780,0
130000,1,1,2,41,-1,-1,-1,-1,-1,-1,1392,0,696,1076,316,696,0,696,1076,316,696,696,1
50000,1,2,2,30,0,0,0,0,0,0,32781,31702,26829,18948,18830,19358,1489,1326,642,2000,824,1000,1
100000,2,1,1,32,-1,-1,-1,-1,-1,0,380,380,380,380,425,1045,380,380,380,425,1000,0,1
140000,2,2,1,39,0,0,0,0,0,0,133641,136663,137110,139761,137215,133572,7000,6010,6000,5400,5000,5200,0
90000,2,1,2,30,0,0,2,0,0,0,19003,21876,21231,22071,23211,23773,3500,0,1500,1500,1100,2100,0
30000,2,1,2,23,0,0,0,0,0,0,18397,19789,21450,22391,23029,23745,2000,2000,1300,1000,1100,2000,0
50000,2,2,2,24,0,0,0,0,2,0,8587,9941,10950,11519,11191,11903,1500,1481,1050,0,903,333,0
140000,2,1,2,27,0,0,0,0,0,0,135249,138577,141555,110852,113639,95052,5500,5700,4200,4700,3800,4000,0
20000,1,3,2,32,0,0,0,0,2,2,4338,5355,6369,6891,6635,7287,1092,1106,628,0,762,0,0
20000,1,3,3,48,1,-2,-1,0,0,0,-739,-5978,16089,14457,20106,10258,0,42400,289,201,410,0,1
230000,1,1,2,32,-2,-2,-2,-2,-2,-2,2785,3943,3126,3126,500,500,1223,1000,0,0,0,0,0
150000,2,1,1,30,1,2,-1,0,-1,2,44820,14657,20950,3601,696,696,0,20962,1,696,0,50348,0
80000,2,2,2,31,1,2,0,0,2,2,54207,52775,53906,60099,61402,60272,0,2000,7100,2400,0,4600,0
140000,2,2,1,58,2,2,2,2,2,2,70428,71902,72924,72335,75508,77116,3200,2800,1200,4500,3000,0,1
50000,2,3,2,41,2,2,2,2,2,2,24064,24981,25473,25857,26298,25725,1600,1200,1100,1000,0,1948,1
120000,1,1,2,30,-1,-1,-1,-2,-1,2,179,1403,0,0,473,323,1403,0,0,473,0,9438,0
10000,1,2,2,47,-1,-1,-1,-1,-1,0,219,9110,9797,-10433,9767,9067,10400,1000,0,20200,200,0,1
290000,2,2,1,39,0,0,0,0,2,2,296002,284025,278422,283034,284430,294131,12000,11600,12628,8000,16600,4000,1
120000,2,1,2,27,-2,-2,-2,-2,-2,-2,13394,17356,6826,36830,6280,150,17456,6826,36837,6280,150,504,0
130000,1,1,2,33,1,-2,-2,-1,0,0,0,0,0,8495,6480,0,0,0,8495,0,0,0,1
60000,2,1,2,25,2,2,0,0,0,0,37287,36412,37280,35321,36099,36724,0,1800,1414,1500,1377,1402,0
380000,2,2,1,50,0,0,0,0,2,2,294100,313346,299786,307801,288820,266266,30125,11600,20009,11000,0,40000,0
150000,2,2,1,30,1,2,0,0,0,0,36472,33947,35518,30564,21849,25168,0,5035,5000,900,10000,7000,1
360000,2,1,1,33,1,-2,-2,-2,-2,-2,0,0,0,0,0,0,0,0,0,0,0,0,1
210000,1,2,1,41,1,2,0,0,0,0,149343,145319,86335,69670,59502,119494,0,5000,3600,2000,2000,5000,0
50000,2,3,1,53,-1,-1,-1,-1,-1,-1,4794,3848,4682,4521,4165,4809,4000,5000,5000,4200,4810,4763,0
50000,1,2,2,23,2,2,0,0,0,0,32589,32583,21197,7666,4768,5685,1000,2000,1000,1000,1000,1000,1
50000,1,2,2,22,0,0,0,-1,-1,0,49334,48237,49496,10353,4337,15017,5000,2510,10371,16533,11017,698,1
500000,2,2,1,41,0,0,0,0,0,0,131720,103746,91805,76152,62783,44422,3900,3200,2766,2100,1703,1092,0
90000,2,2,3,40,1,2,0,0,0,2,89762,90395,87428,61778,68248,66997,3000,2773,2402,7660,0,2711,0
300000,2,2,1,40,0,0,0,0,0,-1,184164,151244,150727,196467,201425,-8276,7028,6000,50000,10013,9505,175074,0
240000,2,2,2,37,0,0,0,0,0,0,280110,281104,286048,369693,243198,243498,10000,15002,9000,10000,8600,8500,0
70000,2,2,1,28,0,0,0,0,0,0,45738,36105,27484,28526,30053,30379,4016,2000,2000,2000,2000,2000,1
20000,2,2,1,22,2,2,2,2,2,2,20439,20564,20479,19415,20540,20903,1602,900,0,1800,850,0,1
130000,2,2,1,36,0,0,0,0,0,0,26244,27068,28383,29018,29671,-2000,1550,1769,1404,1493,0,4720,0
180000,1,1,1,42,0,0,0,0,0,0,124064,121847,82809,81755,81316,81206,5087,2891,3755,2941,3206,2837,0
10000,2,3,1,51,1,2,0,0,2,2,2731,2541,3499,4441,4233,5566,0,1000,1000,0,2000,1170,0
50000,1,2,2,27,1,2,2,2,2,2,17654,17082,20088,19483,19742,19275,0,3300,0,1560,0,881,0
110000,1,2,2,41,0,0,0,0,0,0,120767,133593,125852,118254,120537,112021,24800,4400,4300,4205,4500,4304,0
20000,1,2,1,31,-2,-2,-2,-2,-1,-1,-66,-66,460,-201,1600,0,0,526,201,1801,0,0,0
50000,1,2,2,26,0,0,0,-1,-1,-1,5385,4754,-43,1757,-765,18032,2000,0,1800,0,19000,4000,0
140000,1,2,1,34,-1,-1,-1,-1,-1,-1,711,711,711,10976,711,711,711,711,10976,711,711,291,1
100000,2,1,2,26,0,0,2,2,2,0,64086,68836,69704,70566,69311,70844,6005,2600,2600,0,2685,2800,0
280000,1,2,1,28,0,0,0,0,0,0,24189,25294,26667,26926,27492,28333,1500,1800,1000,1000,1300,1000,0
100000,1,1,1,25,-1,0,0,0,-2,-2,91842,40308,41800,0,0,0,1809,2301,0,0,0,0,0
260000,1,3,2,27,0,0,0,0,0,0,132755,137049,137558,140455,144032,146615,6417,5000,5184,6000,5026,4005,0
300000,2,1,2,25,1,5,4,3,2,3,315632,309330,302869,306395,311256,305413,0,0,10000,10000,0,0,1
100000,2,3,2,28,0,-1,-1,0,0,0,7220,13677,49773,61244,31410,20529,13695,49813,50054,33,10028,100000,0
50000,2,2,2,24,2,2,7,7,7,7,2400,2400,2400,2400,2400,2400,0,0,0,0,0,0,1
210000,2,2,1,40,-1,-1,-1,-1,-1,-1,12555,560,5287,2000,900,406,560,5287,2000,900,406,900,0
50000,1,2,2,29,0,0,2,2,2,0,24043,26806,26077,27898,27315,27709,3165,0,2257,0,1000,2000,0
270000,2,1,2,45,0,0,0,0,0,0,96131,98635,39177,110453,111230,113670,4204,2819,93694,3948,4199,3309,0
80000,2,1,2,29,-1,-1,-1,-1,-1,-1,928,4844,3305,3287,630,2436,4844,3326,3287,630,2436,1882,0
120000,2,3,1,50,0,0,0,0,0,0,119231,120651,73115,64398,42588,42863,3825,2276,1909,1510,1663,1445,0
180000,2,2,1,35,-1,-1,-1,-1,-2,-1,1866,590,360,0,0,414,590,360,0,0,414,0,0
50000,2,2,1,26,0,0,0,0,0,0,14661,11586,9275,11181,2931,27209,3000,1000,5000,0,25000,5000,0
20000,2,2,1,50,7,6,5,4,3,2,22858,22246,21623,21000,20388,19915,0,0,0,0,0,994,1
200000,1,2,2,39,0,0,-1,0,0,2,13124,11774,6328,4714,42184,39576,1058,6336,10,39585,39,1087,0
50000,2,3,2,35,0,0,0,0,0,0,33507,32401,7087,7227,7378,7527,1108,1118,258,267,271,1147,0
20000,2,1,2,26,0,0,0,0,0,0,18362,19669,16479,16694,17334,17063,1640,1506,721,1000,1000,600,0
130000,1,2,1,27,0,0,-1,0,0,0,53119,48994,17285,12448,12855,11795,3106,22511,600,1005,1004,1006,1
70000,2,3,1,56,0,0,-2,-2,-2,-1,16976,0,0,0,0,1000,5000,0,0,0,1000,1770,0
200000,1,2,1,40,0,0,0,0,0,0,63182,44876,38764,37618,35737,40710,1765,10007,2019,5027,15031,7088,0
250000,2,2,1,29,-2,-2,-2,-2,-2,-2,0,256,258,258,258,258,256,258,258,258,258,258,0
90000,2,2,1,36,-1,-1,-1,-1,-1,-1,685,0,490,850,1000,1360,0,490,850,1000,1360,0,1
80000,2,3,1,38,-1,-1,-1,0,0,-2,330,0,330,330,0,0,0,660,0,0,0,0,0
100000,2,2,2,23,-1,-1,-1,-1,-1,-1,694,650,687,620,0,627,656,687,620,0,627,3620,1
230000,2,2,2,38,0,0,0,0,0,0,104364,106549,108719,111039,113365,115625,3867,3941,4123,4267,4300,4084,0
360000,2,1,2,29,-1,-1,-1,0,0,0,357,3050,9118,19183,36842,10621,3050,9118,11000,30000,428,3166,1
330000,2,1,1,36,-1,-1,-1,-1,-1,-1,399,26,519,452,457,0,26,707,452,457,0,0,0
300000,1,3,1,61,-1,-1,-2,-1,2,2,274750,0,0,411,261,8561,0,0,411,0,8300,0,1
190000,1,3,1,50,0,0,0,2,0,0,106410,108770,115325,112063,114484,121179,5491,9800,0,4300,8700,4500,0
110000,2,1,2,34,0,0,0,0,0,0,110712,110988,98270,79402,80804,81024,4112,3648,2800,3100,3133,2800,0
380000,2,2,2,31,0,0,0,0,0,0,200932,190991,175028,162699,138158,135920,10000,10000,5849,4570,5447,120000,0
140000,2,2,2,28,-2,-2,-2,-2,-2,-2,-176,-176,-176,-176,-176,-176,0,0,0,0,0,652,0
30000,2,2,1,33,0,0,0,0,0,0,30147,28789,29885,30188,21647,22087,1554,1650,950,800,800,500,0
240000,1,1,2,35,1,-2,-2,-2,-2,-2,220,0,0,0,0,0,0,0,0,0,0,0,0
160000,2,2,1,26,1,2,0,0,0,0,75628,72717,74651,70403,71890,73893,0,3211,2505,2612,3500,5000,0
170000,2,2,1,43,0,-1,-1,-1,-1,-1,20699,11614,11487,14716,8172,8244,11614,11487,14743,8172,8244,13733,0
30000,1,2,1,36,1,4,3,2,2,2,28083,27371,26645,25919,27535,28197,0,0,0,2038,1268,0,0
270000,2,2,2,25,0,0,0,0,0,0,23579,24613,25617,25434,25966,26486,1419,1423,910,942,951,1000,0
200000,2,2,1,28,-1,-1,-1,0,-1,-1,2816,316,632,316,316,316,316,632,0,316,316,316,0
200000,1,2,2,27,-1,0,0,-2,-2,-2,131791,17666,0,0,0,0,2000,0,0,0,0,0,0
90000,2,1,2,27,0,0,0,0,0,0,14421,18846,22509,24129,24815,27725,5000,4000,2000,1075,3500,3000,1
360000,2,1,2,28,-1,-1,-1,-1,-1,-1,26349,1245,2043,265,265,5862,4045,2043,265,265,5862,1907,0
240000,1,1,1,30,0,0,0,0,0,0,240770,243509,228735,198585,202762,202932,9000,8009,7100,7324,7200,7074,0
180000,2,2,2,23,0,0,0,0,0,0,180636,157396,160925,132312,80984,42562,20000,20000,10130,3000,4000,84000,0
360000,1,1,1,48,0,0,0,0,0,0,167922,159433,126114,18258,6989,7691,6206,10030,1061,1011,3016,189853,0
160000,2,1,2,40,1,-2,-2,-2,-2,-2,0,0,0,0,0,0,0,0,0,0,0,0,0
50000,2,3,1,22,2,2,2,2,2,2,40189,43434,44316,45189,46214,48904,3900,1900,1900,1900,3600,0,0
310000,2,2,2,51,-2,-2,-2,-2,-2,-2,107,0,0,235,0,0,0,0,235,0,0,584,0
400000,2,2,1,33,0,0,-2,-2,-2,-2,9940,0,11451,101,551,19982,0,11451,104,600,20015,0,0
50000,1,1,2,23,0,0,2,2,0,0,15336,18681,19463,16894,17667,19211,3600,1400,0,1200,2000,1000,0
120000,1,2,3,42,0,0,0,0,0,0,3135,4422,5540,6442,7182,8057,1500,1200,1000,1000,1000,1000,0
110000,2,2,2,29,1,2,2,2,2,2,21068,16412,16809,8682,8861,8623,1102,1000,0,602,0,1000,0
330000,1,2,1,65,-2,-1,-1,-2,-2,-2,0,2500,0,0,0,0,2500,0,0,0,0,0,0
250000,2,1,1,37,-2,-1,2,2,-1,0,0,2886,2325,177,8068,5587,2886,202,0,8068,620,0,0
160000,2,2,2,50,-1,2,-1,0,-1,2,3139,1473,1863,390,930,390,0,1863,0,930,0,0,0
130000,2,2,1,44,2,2,2,2,2,2,99801,102403,103828,104139,106519,109109,5100,4000,3500,4200,4500,3500,0
110000,2,1,1,37,0,0,2,0,0,0,14519,16982,16002,15262,15626,14465,3536,3,521,1000,520,325,0
280000,2,1,1,29,-1,-1,-1,-1,-1,-1,2597,3807,1160,985,0,65862,3807,1160,985,0,65862,66240,0
120000,2,2,2,24,0,0,0,0,0,2,15322,16267,45844,47082,54307,53290,1500,30000,2000,8000,0,5000,0
210000,2,2,1,50,1,-2,-2,-2,-2,-2,0,0,0,0,0,0,0,0,0,0,0,0,0
260000,1,2,2,27,0,0,0,0,0,0,150943,149285,151779,135141,124475,107735,5501,5061,5000,5000,3900,3246,0
420000,2,2,1,29,0,0,0,0,0,0,56255,121215,132536,131704,331059,328958,71536,12536,11704,212059,12958,12819,0
140000,2,1,2,28,1,2,0,0,0,0,86761,84546,87251,88227,90170,92044,0,5000,3300,3500,3500,3550,1
180000,1,1,2,38,0,0,0,0,0,0,141510,144439,146529,151106,153900,0,6700,6000,7000,6900,0,0,1
30000,2,2,1,35,0,0,0,0,0,2,22206,23846,24554,25213,27638,27042,2000,1409,1068,3000,0,3450,0
80000,1,2,2,34,-2,-2,-2,-2,-2,-2,0,0,0,0,0,0,0,0,0,0,0,0,0
30000,1,3,2,25,0,0,0,0,0,2,22821,23846,24864,25360,26999,26414,1397,1415,911,2051,0,1500,0
200000,1,1,2,32,-1,-1,-1,-1,-1,2,5494,19614,628,628,1604,668,19614,628,628,1604,0,168,1
60000,2,1,2,32,0,0,0,0,0,0,31142,31473,31684,31837,32246,32122,1842,2000,2000,2000,1500,3000,0
110000,2,2,1,34,0,0,2,2,2,2,43780,48076,48989,47900,52123,51131,5000,2000,0,5000,0,5000,0
110000,2,1,1,29,-1,-1,-1,-1,0,-1,3261,1380,1380,2760,1380,1700,1380,1380,2760,0,1700,0,0
140000,2,2,2,32,0,0,0,0,0,0,136497,135505,137629,120147,122247,122574,5000,5000,4300,5000,5158,4200,0
70000,1,2,2,36,1,-1,-1,0,0,0,0,690,25566,26227,26375,26510,690,25566,1066,1091,1100,1312,0
100000,2,1,2,31,-2,-2,-2,-2,-2,-2,0,0,0,960,960,1185,0,0,960,0,1185,379,0
140000,1,1,2,28,0,0,0,0,0,0,135648,138049,99274,100878,102984,106628,5247,3213,2857,2963,4566,1969,1
10000,1,2,1,36,0,0,0,0,0,0,8593,9582,8986,9691,9889,10131,1300,1200,1000,1000,569,200,0
30000,2,3,2,24,1,3,2,2,2,0,23031,22393,21736,23192,22701,22954,0,0,1800,0,1000,1000,0
70000,2,2,1,23,0,0,0,0,0,0,43397,44336,35757,27906,25731,21430,2500,21000,2000,687,1500,2000,0
100000,2,2,1,36,0,0,0,0,0,0,21237,16723,15868,8275,5954,7075,3013,4031,3012,2006,3121,5781,0
50000,1,2,1,42,0,0,0,0,0,-1,46100,46949,18755,11112,11374,5919,2133,1058,2000,2043,5919,16346,1
60000,2,2,2,32,0,0,0,0,0,0,60745,61085,56863,18473,15434,7301,2613,5900,1000,428,1000,2000,0
160000,1,2,1,50,-1,-1,-1,-1,-1,-1,269,0,697,697,895,1341,0,697,697,895,1341,402,0
300000,1,1,2,29,1,-2,-2,-2,-2,-2,0,0,0,0,0,0,0,0,0,0,0,0,1
320000,2,3,1,39,-1,-1,-1,-1,-1,0,3065,41679,8275,8275,7606,14611,41679,8344,8275,7606,10000,11010,0
20000,1,2,1,32,0,0,2,0,0,0,19468,20844,19362,19402,19607,19821,3000,0,850,920,750,300,1
50000,2,3,1,52,0,0,2,-1,0,0,22916,13238,346,14580,11231,10804,1656,0,14580,500,458,873,1
190000,2,1,1,30,-1,-1,-1,-1,-1,-1,6936,500,0,19000,19000,19000,500,0,19000,19000,19000,19000,0
140000,1,2,1,36,-1,-1,0,0,0,0,780,16570,17378,12568,15678,15620,16570,1220,3000,3500,332,390,0
70000,2,2,1,40,0,0,0,0,0,0,69341,19472,22066,23515,10990,0,2000,3000,2000,3000,0,150,0
200000,2,3,1,36,1,-2,-2,-1,-1,-1,-5,-5,-5,2999,4804,4402,0,0,3004,4804,5008,169,0
230000,2,2,1,37,0,0,0,0,0,0,16302,15849,16884,17620,18353,18901,1265,1300,1001,1000,1000,1000,0
160000,2,1,1,34,1,-2,-2,-1,-1,-2,5520,0,0,708,560,0,0,0,708,560,0,560,0
310000,1,1,1,34,-1,-1,-2,-1,-1,0,493,-7,-7,500,736,739,0,0,507,736,3,797,1
430000,2,1,2,30,-1,-1,-1,-1,-1,-1,31423,3650,44671,81979,9120,85407,3650,44671,82555,9120,85407,14261,0
320000,2,2,1,55,-2,-2,-2,-2,-2,-2,11973,4076,7879,5436,51529,18088,4093,7917,5459,51787,18178,3659,0
170000,2,2,1,47,-2,-2,-2,-2,-2,-2,0,0,0,0,0,0,0,0,0,0,0,0,0
170000,1,1,1,38,-2,-2,-2,-2,-2,-2,0,0,0,1012,0,0,0,0,1012,0,0,492,0
100000,2,2,2,24,0,-1,-1,-1,-1,-1,13391,10577,8905,0,4290,0,10608,8944,200,4290,0,0,0
50000,2,1,2,28,2,2,2,2,2,2,31336,32039,32714,32482,33807,34398,1500,1500,600,2000,1300,1500,0
160000,2,1,1,33,-1,-1,-1,-1,-1,-1,2355,2714,12094,2855,3803,8911,2719,15000,2855,3803,8911,0,1
200000,2,3,1,53,0,0,0,0,0,0,126027,129008,130376,133207,136159,138741,6500,5000,5000,5100,5000,5400,0
50000,2,1,2,23,0,0,0,0,-1,0,48482,47226,11151,-2897,48211,48154,2500,3002,1500,52000,1900,1800,0
50000,1,2,2,24,0,0,0,0,0,0,7240,8264,9273,9609,9657,9927,2644,1153,489,351,431,198,0
150000,2,1,2,32,0,0,0,0,0,0,116908,107164,110884,111706,113942,116626,4000,5500,4145,4186,4630,4000,0
240000,1,1,2,48,0,0,0,0,0,0,116058,117196,121245,122736,125599,128506,4500,6000,5000,5000,5000,5000,0
130000,2,1,1,46,0,0,0,0,0,0,147582,138996,140558,90522,90917,92330,5394,4229,3211,3297,3312,3381,1
10000,1,2,2,23,2,0,0,0,0,0,8638,8958,9414,9344,9545,9586,1294,1150,480,500,348,402,0
320000,2,1,2,30,-2,-2,-2,-2,-2,-2,0,200,3663,992,1627,6661,200,3696,997,1635,6694,2508,0
20000,1,2,1,45,1,2,0,0,0,-2,20011,10753,10853,10670,-120,-120,0,10600,800,0,0,0,1
300000,2,1,2,35,0,0,0,0,0,0,47295,87717,78638,77038,74345,49452,55047,27354,2124,5000,5500,4000,0
380000,1,2,2,34,-1,2,-1,-1,0,-1,4384,3852,2300,632,316,316,0,2300,632,0,316,316,0
80000,1,3,1,55,0,0,0,0,0,0,79788,81571,75814,49784,51408,48587,25000,7704,8700,3000,12900,3000,0
270000,2,3,1,42,2,0,0,0,0,0,106986,103249,89221,86996,86384,85440,3578,3207,3000,3200,3241,3078,0
260000,2,2,2,35,-1,-1,-1,-1,-1,-1,188,188,188,188,194,188,188,188,188,194,188,221,0
10000,2,2,2,22,0,0,0,0,0,0,10063,8632,8775,7092,7410,7311,1194,1027,176,1253,2311,3101,0
170000,2,1,2,31,1,-1,-1,-2,-2,-1,0,843,0,0,0,1880,843,0,0,0,1880,456,0
50000,2,3,2,27,1,2,2,2,0,0,18019,9946,10319,8603,7298,6709,5559,2446,0,260,1000,1214,0
20000,2,2,1,50,0,0,2,2,2,2,10511,14913,14382,16820,16411,17287,4593,0,3000,0,1304,1000,0
80000,2,1,2,24,-1,-1,-1,-1,0,-1,3940,4115,84,8708,8728,2793,4117,84,8708,20,2795,0,0
40000,1,2,2,26,3,3,2,2,2,2,5754,6407,6156,7146,7384,7117,900,0,1100,500,0,708,1
50000,2,2,2,23,2,0,0,0,0,0,48537,30271,26283,26547,27119,27697,2000,2000,1000,1000,1028,1000,1
10000,1,2,2,28,-1,2,-1,-1,2,2,200,100,370,1766,1496,8356,0,370,1496,0,7000,0,0
100000,2,3,1,28,-2,-2,-2,-2,-2,-2,3166,6896,416,416,416,412,6896,416,416,416,412,1223,0
150000,2,2,1,31,-1,0,0,0,-1,-1,23427,25252,19004,15206,1423,8923,5554,5070,5076,1457,9047,22720,0
70000,2,2,2,27,0,0,0,0,0,0,67661,68482,69309,36808,37734,38353,3409,2908,1318,1520,1400,1524,0
40000,1,2,1,35,1,-2,-2,-2,-2,-2,0,0,0,0,0,0,0,0,0,0,0,0,0
170000,1,1,2,27,0,0,2,2,2,2,133149,138769,145050,146641,149603,157601,11936,13314,5801,5800,11000,1000,0
170000,2,1,1,63,0,0,0,0,0,0,54957,56462,58023,59560,61442,63422,3000,2500,2500,3000,3000,2651,0
160000,2,1,2,42,-2,-2,-2,-2,-2,-2,0,0,0,0,741,0,0,0,0,741,0,0,0
50000,1,2,2,27,2,2,0,0,0,0,94297,49377,41247,9818,9003,9203,5600,1595,505,500,500,659,0
240000,1,1,1,37,0,0,0,0,0,0,222976,227463,220804,217991,221981,214320,8494,7762,7176,7505,7273,7509,0
100000,1,2,2,31,1,2,0,0,0,0,97669,92311,90519,80051,76446,76815,0,3631,3000,3000,2800,2697,0
40000,1,1,1,46,-1,2,2,-1,0,0,780,390,0,1170,780,0,0,0,1170,0,0,0,1
230000,1,2,2,27,-1,-1,-1,-1,-1,-1,396,396,396,396,396,546,396,396,396,396,546,396,0
90000,2,3,1,55,0,0,0,0,0,0,23379,23715,24310,24561,22829,22486,1402,1387,1028,816,804,987,0
200000,1,1,2,28,-1,-1,-1,0,-1,-1,13383,1183,14714,11938,303,3262,1183,14714,0,303,3262,3635,0
20000,1,2,2,38,0,0,0,0,0,0,17760,19646,17922,18895,19325,19859,6500,2000,2000,1500,1000,1000,0
130000,2,2,1,31,-1,-1,0,0,0,0,6279,10862,5878,15306,8015,5965,11054,5172,14593,727,5222,4200,0
350000,2,3,1,31,0,0,0,-1,-1,-1,144718,214075,102601,99735,107130,0,100012,62635,99735,107130,0,0,0
280000,2,2,2,35,0,0,0,0,0,0,184050,171714,154940,136894,138467,128473,7088,6107,5000,5057,5005,50012,0
310000,1,2,1,42,-2,-2,-2,-2,-2,-2,2647,4206,1858,3057,2538,3069,4206,1858,3057,2538,3069,6591,1
260000,2,4,1,33,0,-1,-1,0,0,0,3140,2740,107139,105188,104418,106990,2740,107139,4000,4000,4696,5000,0
450000,1,1,1,46,-1,-1,-1,-1,-1,-1,1135,1135,1135,1135,1135,1135,1135,1135,1135,1135,1135,1135,0
190000,1,3,1,54,1,-2,-2,-1,0,-1,-596,-1072,-1548,40733,10876,2907,0,0,43500,2000,2907,3000,0
50000,1,3,1,52,0,0,0,0,0,0,39429,39548,39490,38801,36087,25189,1781,1770,1148,1174,949,590,0
250000,2,1,2,30,0,0,0,0,0,0,156155,153647,153535,153122,149564,152470,5560,6809,5443,5376,5665,6000,0
200000,1,1,2,36,0,0,0,0,0,0,103457,111541,113809,35797,36087,38505,10000,5000,1412,1300,3000,0,0
50000,1,1,2,25,-2,-2,-2,-2,-2,-2,0,0,0,0,0,0,0,0,0,0,0,0,0
260000,2,3,2,33,1,-1,-1,-1,0,0,0,926,650,3562,3044,3044,926,650,3562,0,0,0,0
50000,2,3,1,28,0,0,2,0,0,0,14484,18528,18923,19310,19848,20367,4300,1000,1000,1000,1000,1000,1
350000,2,1,2,31,0,0,0,0,0,0,96659,86985,77472,68901,58259,47743,3500,5300,2500,2000,2000,2000,0
50000,1,2,2,50,0,0,-2,-2,-2,-2,25925,0,0,0,0,0,0,0,0,0,0,0,0
50000,1,2,1,43,0,0,0,0,0,0,8214,8034,9044,9225,9417,9617,1140,1150,331,341,356,330,0
50000,1,2,3,36,0,0,0,0,0,0,26432,27708,28928,29475,29579,30445,1700,2000,1300,1200,1500,2000,1
210000,2,3,1,33,0,0,0,0,0,0,127491,118800,105606,94344,82676,73154,6018,4900,4340,2880,2650,2000,0
500000,1,1,2,29,-1,-1,-1,-1,0,-1,20641,25986,23721,20799,34132,56917,26111,24112,20886,28032,57196,49720,0
70000,2,1,2,24,-1,0,0,0,0,0,28059,17712,18642,20011,19147,19056,2000,3000,3000,2000,2000,3668,0
70000,2,2,2,24,0,0,0,0,0,0,27431,27163,18987,20170,15900,0,5006,1400,2013,370,0,0,0
500000,1,1,1,51,0,0,0,0,0,0,225233,235045,244517,243132,243869,251540,15000,15006,10000,10000,12000,15000,0
90000,2,1,2,27,-1,-1,-1,0,0,-2,700,2122,1897,1190,0,0,2122,1897,0,0,0,0,1
10000,1,2,1,50,2,2,2,0,0,0,9415,8852,8297,8792,9277,9744,1000,1000,1000,1000,1000,1000,0
100000,1,2,1,50,0,0,-1,-1,-1,-1,23908,3360,560,480,480,390,1000,560,500,480,390,390,0
280000,1,1,1,49,-1,-1,-1,-1,0,-1,503,694,695,10639,13158,768,694,695,10639,3158,768,517,0
30000,1,2,2,24,0,0,2,0,0,0,22885,25886,25172,27239,57036,28789,3700,0,2500,2100,3000,1700,1
150000,2,1,1,48,-2,-2,-2,-2,-2,-2,6773,1731,21886,447,3458,898,1731,21888,447,3458,898,2001,0
50000,1,2,1,37,0,0,2,2,2,2,24801,27600,26858,28209,29108,29980,3200,0,1800,1500,1500,2500,1
300000,2,2,1,66,1,-1,2,-1,0,0,0,200,200,22935,16858,0,200,0,22935,0,0,0,0
360000,2,2,1,51,-1,-1,-1,-1,-1,-1,19155,1473,1430,18697,659,781,1473,1430,18740,659,781,1557,0
20000,2,1,2,21,0,0,0,0,0,0,17374,18555,19489,19479,19705,8440,1466,1400,390,394,629,0,0
50000,2,2,2,29,0,0,0,0,0,0,49793,50466,50085,50686,46805,47220,1866,1733,1724,1684,2058,1341,0
50000,1,2,2,42,0,0,0,0,0,0,47689,42338,31539,17342,17541,18149,2000,1281,700,700,1000,1000,0
190000,1,1,2,29,1,-1,2,2,2,-1,0,2214,66,66,0,4433,2214,0,0,66,4433,0,1
220000,1,1,2,35,-1,0,0,-2,-2,-2,53419,53358,0,0,0,0,7000,0,0,0,0,0,0
190000,2,2,1,45,0,0,0,0,0,0,143701,126337,121378,75252,79028,81548,4664,4222,2705,5000,4000,5000,0
50000,2,2,1,37,0,0,0,0,0,0,25234,23518,21746,18082,18461,18830,1384,1300,700,670,676,700,0
180000,2,2,1,26,-2,-2,-2,-2,-2,-1,52666,181987,181255,174825,140909,177257,272817,7017,8201,8246,186732,8000,0
660000,2,2,2,33,0,0,0,0,0,0,495736,390258,349361,331565,329604,322581,13393,12113,12004,12008,11503,12019,0
50000,1,3,1,43,0,0,0,0,0,0,5653,16890,17606,17955,18418,18601,11340,1300,641,751,573,476,0
340000,1,2,1,38,0,0,-1,-1,-1,0,8347,5190,612,1429,19513,19650,2000,612,1429,19513,3000,3000,0
450000,1,1,2,36,-1,-1,-2,-2,-2,-2,2500,0,0,0,0,0,0,0,0,0,0,0,1
130000,1,2,2,28,0,0,0,0,0,0,88549,74624,76133,77648,79370,80071,2709,2750,2767,2961,2913,3000,0
450000,1,1,1,33,-1,-1,-1,-1,-1,-1,390,390,390,390,389,990,390,390,390,389,992,780,0
50000,2,2,1,27,2,2,0,0,0,0,49882,44110,44443,19522,19775,20325,0,1280,662,837,1000,1120,1
70000,2,1,2,22,3,2,2,0,0,0,71501,71769,68530,29959,29315,28805,1966,49,1168,1032,1200,1200,0
50000,2,1,2,24,0,0,0,0,0,0,48482,39603,23610,18079,18668,17273,2000,1504,1000,1000,1000,1000,0
20000,2,2,1,45,-1,-1,-1,0,-1,-1,10827,8264,2480,390,880,1560,8264,2480,0,880,1070,40000,0
50000,1,2,1,38,0,0,0,0,0,0,25742,23300,21266,19418,19315,18559,1372,1286,666,680,816,819,0
200000,1,2,1,33,-1,-1,-1,-1,-1,-1,3353,5341,5966,3348,5051,7128,5341,5966,3348,5061,7128,4722,0
20000,1,3,1,51,0,0,0,0,2,2,14341,15371,16375,18905,19462,18967,1266,1270,2800,1000,0,512,1
200000,1,2,1,41,0,0,0,0,0,0,193781,197132,195011,196986,187687,193978,10000,7010,8000,7000,14500,5600,0
280000,2,2,2,43,0,0,0,0,0,0,31248,32081,32897,33350,34047,34525,1527,1541,1192,1233,1239,1273,0
200000,2,3,2,46,-2,-2,-2,-2,-2,-2,13929,2837,5892,2267,11679,0,2837,5892,2267,11679,0,0,0
210000,2,1,2,29,0,0,0,0,0,0,3675,4460,5542,15378,18106,18804,1082,1164,10000,3000,1000,1000,0
200000,2,3,1,67,0,0,0,0,0,0,188072,166668,159513,150852,151996,147690,17014,15019,15000,15000,10000,10000,0
150000,1,3,1,44,0,-1,-1,0,0,0,80015,19386,39008,19483,32901,8790,19418,40010,19,20000,0,13669,0
260000,2,2,1,42,0,0,0,0,0,0,194654,184008,174268,181592,174184,153907,6540,7691,12831,6015,6410,9606,0
190000,2,2,1,34,0,0,0,0,0,0,139569,101823,100209,85218,112672,76224,4500,40000,25000,35000,2897,20000,0
30000,2,2,1,34,-1,-1,2,-1,-1,3,5088,996,888,656,1957,1536,996,0,656,1957,0,0,1
60000,2,2,2,44,0,0,0,0,0,0,43221,41539,40356,39672,39863,40319,2021,1918,1390,1576,1647,1516,0
150000,2,1,2,35,0,0,2,2,0,0,128102,136722,137525,133431,135837,143319,12644,4926,0,5122,10349,0,1
50000,1,3,2,44,0,0,0,0,0,0,48138,49262,49878,16748,17177,17691,2203,2139,700,700,800,1000,0
260000,2,1,2,31,-1,-1,-1,-1,-1,-1,597,1304,5734,24898,150,381,1306,5734,24898,3883,381,2234,0
80000,1,2,2,31,8,7,6,5,4,3,126786,124971,121216,97622,88878,80518,0,0,0,0,0,0,0
130000,1,2,2,33,2,2,-1,-1,-2,-2,2183,2000,700,0,0,0,13,700,0,0,0,0,0
20000,1,3,1,52,1,2,0,0,0,-2,20838,20212,20148,19845,0,0,0,1200,397,0,0,0,1
100000,2,1,2,28,0,0,0,0,0,0,102697,100462,101879,100999,101188,99328,4600,4000,4000,4000,4000,4400,0
60000,1,1,2,27,0,0,0,0,0,0,57753,59186,59001,27971,28619,29213,2960,1628,1002,1100,1100,922,1
180000,2,1,2,31,-1,-1,-1,-2,-2,-2,8260,5921,0,0,0,0,5921,0,0,0,0,0,1
320000,2,1,1,34,-1,-1,-1,-1,-1,-1,800,18873,-150,150,21565,4818,18873,0,500,21565,5000,168492,1
160000,1,2,2,29,0,0,0,0,0,0,157186,136159,96395,58773,60737,115158,6227,5000,5000,3000,60000,5000,0
50000,2,1,2,27,2,2,2,2,2,2,45722,46694,47617,48542,49630,50047,2000,2000,2000,2000,1700,2000,1
30000,2,2,1,44,0,-1,-1,-1,-1,-2,4180,390,0,780,0,0,390,0,780,0,0,0,0
50000,1,2,1,36,0,0,0,0,0,0,47606,48653,50144,47838,48914,50442,1815,2306,2000,2000,2500,1700,0
240000,2,2,1,45,1,-1,-1,-1,-1,-1,0,396,396,396,396,396,396,396,396,396,396,396,0
500000,2,2,2,28,0,0,0,0,0,0,215459,201715,141177,130352,126422,113148,7412,4721,3854,3622,3433,3201,0
600000,2,3,1,46,-1,-1,-1,-1,-1,-1,22921,11441,23471,30871,17314,10000,11444,23537,31171,17348,10000,10000,0
200000,1,1,2,30,-2,-1,0,0,0,2,-1883,9208,103360,77818,26276,3235,15143,100057,292,10019,16,810,0
220000,1,2,1,41,-1,-1,-1,-1,-1,-1,8840,1369,5924,1759,1824,7022,6643,5924,1759,1824,7022,2515,0
50000,1,2,1,49,-1,-1,-1,-1,0,-1,1261,1261,1261,480,390,540,1261,1261,480,300,540,780,0
120000,2,2,2,37,0,0,0,0,0,0,93822,96916,99051,99927,101541,103379,4848,4877,3625,3600,3751,3900,0
70000,2,2,2,34,0,0,0,0,0,0,62694,63995,66446,67786,69686,70500,1818,3000,1903,2458,1900,0,0
30000,2,2,2,22,1,2,0,0,0,0,29676,28532,29510,29040,29178,0,0,1493,803,420,0,0,0
270000,1,2,1,51,0,0,0,0,0,-1,32108,32784,29891,24531,19391,8850,15000,10000,10000,10000,8850,22123,0
410000,2,1,1,46,-2,-2,-2,-2,-2,-2,0,0,0,0,0,0,0,0,0,0,0,0,1
240000,1,2,2,30,0,0,0,0,0,-1,151127,155421,154926,148681,24105,9770,10000,10000,300,1000,9770,18037,0
30000,2,2,2,31,0,0,0,0,0,2,30589,31547,28734,27551,28836,11718,1488,1400,1300,3000,0,500,0
20000,1,2,2,24,0,0,0,0,0,0,17850,15528,13597,14088,13723,16318,2019,2000,1003,1000,3000,2000,0
240000,2,2,2,32,0,0,0,0,0,0,308013,190907,192181,189877,188205,182325,7000,6615,6401,6503,6393,6051,0
390000,2,2,2,26,2,2,2,0,0,0,185111,172865,153795,140387,128112,115514,5000,3000,5000,4548,4100,3300,0
30000,1,3,2,31,0,0,0,0,0,-2,27838,28791,27788,29784,0,0,1703,1200,2196,2500,0,0,1
50000,2,3,2,50,-2,-2,-2,-1,0,0,48781,50283,51400,9463,9661,9854,2283,2400,9463,350,353,365,0
160000,2,1,2,25,0,0,0,0,0,0,76038,64399,52532,39455,26505,13302,2791,3000,1286,890,497,267,0
290000,2,3,1,29,0,0,0,0,0,0,161623,166345,167924,170227,164584,161912,11200,6000,6000,6000,6700,5000,0
20000,2,2,1,41,0,0,0,0,0,-1,7434,8453,9249,9438,5700,1140,1300,3000,189,0,1140,390,0
400000,1,1,2,28,-2,-2,-2,-2,-2,-2,1202,-14,2893,13854,13860,12215,0,2907,13863,13869,12216,29171,0
150000,1,2,3,25,-1,-1,-1,0,0,0,1180,7667,9044,8397,6763,0,7705,9047,8,33,0,0,1
80000,1,2,2,26,0,0,0,0,0,2,24906,26242,27360,27480,29642,28779,2000,1800,1100,3000,0,1000,0
340000,2,1,2,29,0,0,0,0,0,0,132024,135687,138933,139824,142461,145269,6400,7000,5000,5200,5500,25000,0
310000,2,2,2,38,-1,-1,-1,-1,0,0,1276,3666,2779,3140,1831,5347,3666,2787,3140,0,5347,1420,0
110000,2,1,2,28,1,-1,-1,-1,0,0,-100,200,400,46952,48455,47324,500,400,46952,3000,3000,2000,1
20000,2,3,1,23,1,2,2,-2,-2,-2,14428,14310,0,0,0,0,480,0,0,0,0,0,1
80000,1,3,1,59,0,0,0,0,0,0,71720,73024,74297,33412,30070,30254,3234,3075,1126,1091,1074,1028,0
110000,1,2,1,30,0,0,-1,2,2,2,26000,9000,63853,59308,60576,42784,1500,63853,1500,2062,0,7222,0
60000,2,1,2,23,0,0,0,0,0,0,17191,17864,18408,18393,18238,18345,1700,1600,1000,1000,1000,2000,0
220000,1,1,1,39,0,0,0,0,0,0,38647,27796,12372,4610,3668,-809,2017,3000,1000,0,0,3000,0
340000,2,2,2,27,-1,-1,-1,-1,-1,-1,24583,1954,11271,6559,1924,10057,1964,11337,6591,1933,10072,33,0
280000,1,3,1,49,-1,-1,-1,-1,-1,-1,4792,3410,2295,3105,582,14013,3410,2295,3105,582,14013,4240,0
130000,2,1,2,28,-2,-2,-2,-2,-1,-1,9821,8582,0,0,1170,0,8611,0,0,1170,0,1070,1
500000,1,2,2,32,-2,-2,-2,-2,-2,-2,71731,75357,62407,63706,59452,47868,25487,80389,50132,22208,30167,25036,0
120000,2,2,2,25,1,-2,-2,-2,-2,-2,0,0,0,0,-10810,-15296,0,0,0,0,0,85929,1
150000,1,3,1,46,0,0,0,0,0,0,96396,98366,99456,79956,78154,76634,4073,3404,2722,54788,2770,2798,0
500000,2,1,2,34,0,0,0,0,0,0,119451,143348,159291,262663,308074,400050,26000,20000,106700,50000,100000,200000,0
360000,1,1,2,30,0,0,0,0,0,0,36590,29751,22581,12936,7970,7970,1400,1000,1000,3000,0,0,0
230000,2,1,2,28,-1,-1,-1,-1,-1,-1,12089,2306,13827,11686,46963,15962,2306,13835,11686,46963,15962,1596,0
250000,2,2,1,37,0,0,0,0,0,0,215928,221963,224949,229577,234221,238960,9510,8160,8364,8493,8625,8737,0
30000,1,1,2,25,0,0,0,0,0,0,29108,29806,30477,30651,30107,26304,1800,1800,1300,1560,1000,1100,1
30000,2,1,2,25,0,0,0,0,0,0,22399,25859,26540,13842,16299,18547,5000,1500,499,3000,3000,3000,0
30000,2,2,1,45,2,2,2,0,0,0,30330,30948,29480,28805,19733,16543,1400,0,928,602,768,1299,1
330000,2,2,1,42,0,0,0,0,0,0,18516,24202,32912,36710,40442,42283,10000,10000,5000,5000,5000,5000,0
80000,2,1,2,24,-1,-1,-1,-1,-1,-1,329,49,317,827,390,120,500,320,900,400,120,400,0
110000,2,2,2,23,0,0,0,0,0,0,111271,111532,107998,79211,77881,80628,6000,4016,3000,3000,4000,4000,0
90000,2,2,1,42,-1,-1,-2,-2,-1,-1,390,0,-390,-780,780,0,0,0,0,1560,0,0,0
130000,2,2,2,29,2,2,0,0,0,-1,172094,156589,145398,136115,138893,127502,0,3300,2500,2778,130000,3689,0
30000,2,1,2,25,-2,-2,-2,-2,-2,-2,9634,4476,8830,8153,6422,500,7,7002,13,155,1,0,0
60000,2,1,2,31,0,0,0,0,2,0,32632,34099,35525,38820,38066,39681,2000,2000,3900,0,2400,1500,1
10000,2,2,2,22,-1,-1,0,0,0,0,656,8748,9644,9541,8971,9645,10128,1200,400,323,1600,300,0
140000,2,1,2,28,0,0,0,0,0,0,115743,117357,112527,91802,94114,91201,5000,5000,3600,4000,4000,4000,0
340000,2,2,1,33,2,-1,-1,-1,-1,-1,411,10983,8548,11190,8210,7981,11038,8591,11246,8251,8021,0,0
210000,2,1,1,34,0,0,0,0,0,0,8011,5832,7906,5111,2069,0,1126,2400,200,205,0,0,0
50000,1,2,2,26,0,0,0,0,0,0,47169,48197,47738,47676,46694,47807,1804,1746,1681,1695,1890,4005,0
50000,1,2,1,36,2,2,2,2,0,0,49732,48658,51802,50737,48763,50908,0,4000,7,1900,3903,2,1
200000,2,1,1,47,-1,-1,-1,-1,-1,-1,935,1418,-2,120,150,928,1418,0,122,300,928,464,1
440000,2,2,2,25,2,2,0,0,0,0,225416,220405,226731,231456,237707,243555,0,10000,10000,10000,10000,10000,1
250000,1,1,1,53,1,-1,-1,-1,-1,-1,0,4190,21500,0,10180,7680,4190,25690,0,10180,7680,0,1
20000,1,2,2,47,0,0,2,0,0,0,14591,16254,16686,17406,18123,19680,1900,1000,1000,1000,1864,1000,0
200000,2,1,2,37,0,0,0,0,-1,0,21111,25562,8603,28692,29019,43308,5000,5000,20089,30000,15093,15051,0
50000,2,2,1,22,0,0,0,0,0,0,48255,41550,35553,23711,25975,900,2400,1842,1000,1928,900,31150,0
20000,2,1,2,44,0,0,0,0,0,0,19018,18581,19864,20181,20210,20043,1327,2000,1000,710,1043,1000,0
130000,2,1,1,30,0,0,0,0,-1,-1,9255,10264,7060,4480,3000,0,1204,1000,3990,3000,0,200,0
120000,1,1,1,36,0,0,0,-1,0,0,43488,44785,47195,12432,13226,14258,2000,3200,37432,1000,1258,1000,0
100000,2,2,1,45,-2,-2,-2,-2,-2,-1,0,0,0,0,0,1505,0,0,0,0,1505,0,0
50000,1,2,1,36,0,0,0,0,0,0,22430,23763,24564,26145,26774,27476,2000,1500,2000,1200,1300,1150,0
230000,2,1,2,36,0,0,0,0,0,0,111691,117858,121697,119772,115730,111222,8000,6000,5000,5000,5000,5000,0
370000,2,2,2,39,0,0,0,0,0,0,181221,180616,114073,57660,23093,18436,10073,6367,5100,2000,3000,3000,0
150000,2,1,1,37,-1,-1,-2,-1,-1,0,58337,0,0,14515,8758,6882,0,0,14515,8758,6880,8267,0
200000,1,2,1,34,-1,-1,-1,-1,-1,0,170,1512,-15,1067,2176,3378,1525,0,1082,2179,2013,165,1
100000,2,3,2,44,0,0,0,0,0,0,89988,92388,94478,59387,60953,59786,3852,4135,2200,2521,2162,2697,0
210000,2,1,2,35,-2,-2,-2,-2,-2,-2,0,0,0,820,0,0,0,0,820,0,0,0,0
270000,1,2,1,49,-2,-2,-2,-2,-2,-2,-173,-173,-173,-173,-173,-173,0,0,0,0,0,0,0
10000,1,2,2,34,0,0,0,-1,0,0,9323,8708,0,9601,10005,9058,1000,0,9601,800,1000,1000,0
80000,2,2,2,30,1,-2,-2,-2,-2,-2,0,0,0,0,0,0,0,0,0,0,0,0,0
290000,1,1,3,55,0,0,2,0,0,0,7970,10320,10005,10838,11663,13301,2482,0,1000,1000,2000,2000,1
400000,1,1,1,44,0,0,0,0,0,0,18432,24198,22584,22655,23417,16845,6838,2159,1000,3000,1008,1000,0
330000,1,1,2,39,0,0,0,0,0,0,365672,346014,334826,265256,264516,264079,12350,12780,9400,20000,9610,10200,0
310000,1,1,2,37,-2,-2,-2,-2,-2,-2,0,0,0,0,0,0,0,0,0,0,0,0,1
220000,2,1,2,36,-1,-1,-1,-1,-1,-1,1838,921,943,1467,25075,6862,923,945,1471,25150,6882,7715,0
50000,2,3,1,53,0,0,0,0,0,-2,20211,48672,34694,35503,2025,0,36396,1662,1471,2125,0,0,0
20000,2,2,2,22,0,0,2,0,0,0,5473,7492,4988,11680,6590,0,2300,0,102,1500,0,0,0
70000,2,3,2,25,0,0,0,0,2,0,68658,68618,61208,50111,49207,50524,4500,2783,25000,0,3000,6000,0
20000,2,2,2,35,1,2,0,0,-2,-2,14181,12467,6689,0,0,0,0,1000,0,0,0,0,1
500000,2,2,2,32,0,0,0,0,0,0,44462,37890,28527,27030,27454,30486,7000,7000,8000,10000,12000,2876,0
80000,1,2,2,31,0,0,0,0,0,0,45605,46669,47892,49098,50152,51812,1800,2000,2000,2000,2500,4000,0
190000,1,1,2,30,-1,-1,-1,-1,-1,-1,25953,1590,478,10035,24345,1150,1698,478,10035,24345,1191,14512,0
80000,1,1,1,46,0,0,0,0,0,0,39115,40176,39681,29213,25356,22723,2000,2490,1522,1100,960,988,0
30000,2,2,1,36,2,2,2,2,2,2,16818,20213,19590,21261,20783,22081,4000,0,2000,0,1800,0,1
60000,2,1,2,24,0,0,0,0,0,0,56119,57282,58533,59349,55302,56563,2664,2800,2400,2100,2181,2213,0
430000,2,1,2,29,0,0,0,0,0,0,67336,53400,52214,32386,32848,28557,3261,3051,1199,2000,2000,140908,0
50000,1,2,2,42,-1,0,0,0,0,0,47612,97918,49376,19693,19677,19657,2113,1949,685,700,712,674,0
20000,1,3,2,39,0,-1,0,-1,-1,-1,6530,8389,10090,3450,13030,9507,8389,5000,3450,13030,9507,19794,0
210000,2,2,2,38,0,0,0,0,0,0,194358,185907,180618,184110,189134,194966,8000,10000,8000,8000,9000,8000,0
130000,2,1,2,29,-1,3,2,2,2,2,78,78,78,78,78,-121,0,0,0,0,0,0,0
130000,1,2,2,27,1,2,2,2,2,2,123371,125905,126524,127534,130524,132416,6000,4300,4400,5000,4000,63,1
80000,2,2,1,35,0,0,0,0,0,0,9647,10390,10816,9746,9798,10401,1206,1131,322,490,1402,201,0
110000,2,2,2,24,-1,-1,-1,-1,0,0,1362,1352,1867,36986,40053,41196,1352,1867,36986,5000,3000,23000,0
360000,1,2,2,38,-2,-2,-2,-2,-1,0,0,0,0,0,3189,177585,0,0,0,3189,177000,5000,0
160000,2,2,2,25,2,2,2,2,2,0,158629,162097,163567,163617,156554,156557,7500,5600,5822,14,5700,5800,1
20000,1,1,2,24,2,0,0,0,0,0,17781,19388,19933,17331,12822,19924,2000,1300,390,388,10000,400,1
120000,1,2,1,41,0,0,0,0,0,0,44966,45726,40795,39938,40610,39397,1690,2562,1392,1442,1415,1422,0
160000,2,2,2,52,0,0,0,0,0,0,38695,40757,42769,44448,46269,48036,3000,2700,2700,2700,2700,2700,0
240000,2,1,2,32,-1,-1,-1,-1,-1,-1,5695,9420,16278,8998,10242,19098,9420,16290,8998,10421,19098,6697,0
80000,2,2,2,25,-1,-1,-1,-1,-1,-1,3002,1921,13454,1807,3560,3337,1921,13454,1807,3560,3337,6240,0
80000,2,1,2,30,0,0,0,0,0,0,69533,71314,73027,74215,75865,77448,3500,3500,3000,3000,3000,3000,0
310000,2,1,1,30,0,0,0,0,0,0,27289,28020,31140,27695,17338,17731,1489,4415,1084,491,540,4000,0
120000,1,2,2,39,1,-1,2,2,-2,-2,0,780,780,0,0,0,1170,0,0,0,0,0,0
110000,2,2,1,33,2,0,0,0,0,0,87514,75394,82627,57533,59289,60828,4000,10090,2100,3000,3000,3000,1
80000,2,1,2,24,0,0,0,0,0,0,31815,30672,33185,28600,29101,28939,4038,3199,914,850,2055,8318,0
80000,2,2,2,25,1,2,0,0,2,0,31040,30259,31712,33734,29822,30966,0,2000,2444,0,3000,1000,1
200000,2,2,1,60,1,-2,-2,-2,-2,-2,0,0,0,0,0,0,0,0,0,0,0,0,1
30000,2,2,2,24,-1,-1,2,2,2,2,2590,8346,8069,13042,12690,15503,6000,0,5464,0,3027,0,0
150000,1,2,2,32,0,0,0,0,0,0,80437,84560,35726,27886,32415,39531,7000,3000,3000,5000,8000,2000,0
20000,1,3,2,49,0,0,0,-1,0,-1,19363,19609,-391,19413,12223,2110,1200,160,20394,347,2110,12996,0
210000,1,2,1,46,-2,-2,-2,-2,-2,-2,0,1828,765,0,0,0,1828,765,0,0,0,0,0
240000,1,2,2,54,-1,-1,-1,0,-1,2,7832,64445,11680,4060,17903,15961,64461,11680,0,17964,61,620,0
230000,2,2,2,23,-1,-1,2,2,-2,-1,1050,2203,2005,0,0,780,2203,0,0,0,780,0,1
340000,1,1,1,41,-1,-1,-1,-1,-1,-1,624,2431,595,1193,25235,5868,2431,595,1193,25235,5868,2387,1
100000,2,1,2,25,0,0,0,0,0,0,11801,12905,14378,14838,15447,16539,1600,2000,1000,1000,1500,0,0
20000,2,2,2,25,0,0,0,0,0,0,17950,17330,18560,14509,17972,15352,2000,2000,1000,6000,1000,3000,0
360000,1,1,1,40,-2,-2,-2,-2,-2,-1,1126,3449,3168,1469,1833,1449,3455,3168,1469,1833,1449,0,0
20000,1,3,2,28,-1,0,0,0,0,0,16122,16787,14459,14743,16351,17126,2000,2000,2000,2000,2000,2000,1
110000,2,1,2,37,2,2,2,2,2,2,600,600,600,600,600,600,0,0,0,0,0,0,1
80000,2,2,1,29,1,2,2,0,0,0,56340,57022,55081,55350,55906,57538,2600,0,2200,2028,3000,2200,0
170000,2,1,2,35,-1,-1,-1,-1,-1,0,897,861,3749,1487,1939,588,861,3761,1495,1939,0,10613,0
210000,2,1,2,26,-1,-1,-1,-2,-1,-1,231,1608,0,0,312,0,1624,0,0,312,0,0,0
300000,1,1,2,30,0,0,0,0,-1,-1,185327,29446,21689,12500,12500,12500,1500,5000,3500,12500,12500,12500,0
140000,2,2,1,42,0,0,0,0,0,0,158495,160681,144194,144802,147311,150207,5530,6600,5100,5460,5460,5100,0
450000,1,1,1,41,-1,-1,-1,-1,-1,-1,70825,17236,8680,113233,5907,0,17913,9278,114865,6411,0,0,0
250000,2,1,1,42,0,0,-1,-1,0,-1,249406,256400,13600,3274,2446,26710,11400,13600,3274,0,26710,12000,0
20000,2,2,1,39,1,2,0,0,0,0,19565,18968,19612,16213,16812,18382,0,1300,717,1000,2000,1000,0
360000,2,2,1,35,1,-2,-2,-1,-1,-1,0,0,0,3602,1197,0,0,0,3602,1197,0,474,0
20000,2,1,2,24,-1,-1,-2,-2,-2,-2,379,0,0,0,0,0,0,0,0,0,0,0,0
60000,1,1,1,38,2,2,2,0,0,0,59310,60482,58748,49375,38433,38378,2700,0,2100,1600,1600,1600,0
210000,2,2,1,37,-2,-2,-2,-2,-2,-2,1094,1335,3056,213,825,1240,1335,3056,213,825,1240,5693,0
300000,2,1,2,38,-1,-1,-1,2,-1,2,2984,-46,154,154,1626,976,0,200,0,1626,0,0,1
220000,2,1,2,32,-2,-2,-2,-2,-2,-2,21332,27844,33260,9142,15687,9148,28567,34393,9203,15765,9194,11317,0
120000,1,2,2,25,0,0,0,0,0,0,120633,118741,104754,79227,77751,69889,4622,3384,2589,3000,2460,1300,0
20000,1,2,2,33,0,0,0,2,0,0,17439,18498,21335,33247,17261,17601,1340,3177,0,1546,776,646,0
30000,2,2,2,25,1,3,2,2,2,2,16368,15825,15274,17018,16608,18020,0,0,2000,0,2000,0,0
420000,2,1,2,29,0,0,0,0,0,0,105582,97913,75353,78322,77048,23007,23004,20002,7096,20261,3068,10009,0
50000,2,1,2,27,0,0,0,0,0,0,39607,40399,36712,33485,37712,40065,5014,5000,5000,5000,5000,5000,0
110000,2,2,1,41,0,0,0,0,0,0,100143,98338,92457,79496,72458,72168,4000,4000,3530,4000,4000,5000,0
200000,1,3,2,46,-1,-1,-1,-1,-1,-1,396,396,396,396,396,396,396,396,396,396,396,396,0
30000,1,1,1,38,8,7,6,5,4,3,35031,34552,33756,32960,31881,31085,0,0,0,0,0,0,1
480000,2,1,2,27,-1,0,0,0,0,0,12759,15410,20116,10060,9301,923,3001,5000,500,500,500,21299,0
160000,2,1,1,37,-1,-1,-1,-1,-1,-1,9293,5875,9121,2412,2271,2187,5902,9128,2412,2271,2187,4792,0
10000,1,1,2,27,0,0,0,0,0,-1,6599,7736,8492,8138,4990,1598,1400,1000,1009,1000,1598,0,0
260000,2,2,1,28,0,0,0,0,-1,0,251811,256753,143240,150000,14098,28736,9388,5000,10000,14098,15000,15000,0
170000,1,2,2,30,0,0,0,-1,-1,-1,6383,7189,-1,192,0,397,1000,0,193,0,397,0,1
200000,2,3,2,45,1,-2,-2,-2,-1,0,666,1928,-15,1753,4717,1230,1937,0,1768,6137,0,27,0
170000,1,2,2,35,0,0,0,0,0,2,115634,118823,120475,109993,115151,112232,5935,6040,4000,8000,0,4320,0
100000,2,2,1,38,2,2,2,0,0,2,37516,38622,37706,38148,40630,39827,2000,0,1369,3100,0,1443,0
40000,2,1,2,35,0,0,0,0,0,0,26801,36208,25378,28058,31145,38030,10000,5000,5000,5000,7500,4596,0
30000,1,3,2,58,-1,-1,-1,0,0,0,390,390,1170,780,780,0,390,1170,0,0,0,0,0
140000,2,1,1,35,0,0,0,0,0,0,26187,28431,26141,24958,27574,27151,3000,2000,2000,3000,1661,3500,0
150000,2,2,2,37,0,0,0,0,0,0,152349,152359,150257,79162,79617,79670,7000,7000,5000,3000,4000,3500,0
170000,1,2,2,43,0,0,0,0,0,0,136485,87236,79244,59144,60228,61578,3602,3903,2265,2188,2353,2411,0
280000,2,2,2,33,-1,-1,-1,-1,-1,-1,281,5631,5525,0,21339,607,5631,5549,0,21339,607,0,0
340000,2,1,2,30,-1,-1,-1,-1,0,-1,8571,21012,10607,47258,35675,20691,21041,10607,47258,983,20691,23849,0
100000,2,3,1,39,-2,-2,-2,-2,-2,-2,1890,24105,52262,9920,8633,53312,24105,52282,9920,8633,53312,4589,0
240000,2,1,2,35,0,0,0,0,0,0,18336,19648,11138,11481,18265,4365,5118,5015,5000,10000,2000,5326,0
140000,1,3,1,59,0,0,0,0,2,0,129684,130838,131910,136810,133090,134415,6193,6200,10000,0,5000,5000,0
500000,1,2,1,42,0,0,-1,-1,-1,-2,1131,0,157,2025,-1,-1,0,157,2029,0,0,649,0
360000,1,1,2,33,-1,-1,-1,-1,-1,-1,845,-4,831,899,1172,820,0,835,899,1172,820,670,0
230000,2,2,2,29,0,0,0,0,0,0,157107,119402,78875,76117,75428,150130,6000,3020,3000,2500,80000,5000,0
60000,2,2,1,53,0,0,0,0,0,0,55505,57374,35751,25824,25831,27393,3000,2015,2000,1000,2000,2000,0
290000,1,2,2,29,-1,2,-1,-1,-1,0,22277,21451,2467,166,4030,9097,0,2467,200,6000,6000,6000,0
30000,2,2,2,23,2,2,2,0,0,2,19674,21050,20414,22008,23480,23777,2000,0,1934,1824,830,0,0
240000,2,1,2,28,1,-1,-1,-1,-1,-1,0,1748,0,14944,968,10408,1748,0,14944,968,10408,0,1
150000,2,1,2,37,-1,-1,-2,-2,-2,-2,2195,0,0,0,0,0,0,0,0,0,0,0,1
50000,2,1,2,42,-1,-1,-2,-2,-2,-1,1618,0,0,0,0,3702,0,0,0,0,3702,4817,0
10000,1,2,2,24,1,2,2,2,2,2,4231,5508,5271,6182,5937,6838,1500,0,1000,0,1000,0,1
20000,1,2,1,38,2,2,2,2,2,2,6313,8625,8338,9199,9378,9081,2426,0,1000,471,0,482,0
200000,2,2,1,41,-2,-2,-2,-2,-2,-2,23570,735,0,0,0,0,742,0,0,0,0,0,1
500000,2,2,2,36,-2,-2,-2,-2,-2,-2,11168,9287,9963,17145,7645,16079,9287,9963,17223,7645,16079,11288,0
60000,2,2,1,30,0,0,0,0,0,0,36082,37127,38117,38874,38667,39544,1628,1618,1375,1403,1520,1205,0
30000,1,2,1,39,1,2,2,0,0,2,22595,24928,24230,26811,28702,28092,3000,0,3000,2327,0,1200,1
380000,1,3,1,52,2,0,0,0,0,2,390409,369065,375150,383319,385813,365587,15353,14219,15022,29000,0,27000,0
200000,2,1,2,36,1,-2,-1,-1,-1,-1,12099,0,1540,0,3045,0,0,1540,0,3045,0,0,0
110000,2,2,1,28,0,0,0,0,0,2,66831,62435,59977,59411,55112,45025,3021,2800,2710,5227,0,1900,0
180000,2,1,2,34,-1,-1,-2,-2,-2,-2,1599,0,0,0,0,0,0,0,0,0,0,0,0
40000,2,2,2,24,0,0,0,0,0,0,38221,34975,19606,21272,22923,24539,3107,3000,2000,2000,2000,0,1
80000,2,3,1,46,2,0,0,0,-1,-1,58934,52253,34721,5544,9318,7298,2254,2086,19,9346,7319,1352,1
10000,1,2,2,23,0,-1,-1,-1,0,-1,3072,2529,390,9478,8170,953,2535,390,9478,0,953,0,0
60000,1,1,3,47,0,-1,-1,0,0,0,49689,2497,59271,28101,29724,25664,3007,59274,1500,2013,1000,1000,0
50000,1,2,2,41,0,0,0,0,0,0,40710,42736,43751,44619,45900,46845,3000,1729,1597,2000,1709,1665,0
120000,1,2,2,32,0,0,0,0,0,0,113650,105592,105428,76543,144089,74115,3999,6025,3069,3001,6000,3112,0
320000,1,1,1,42,0,0,0,0,0,0,19252,21351,20819,20993,19089,16062,4027,5048,10029,10470,7027,10058,0
180000,2,2,2,35,-2,-2,-1,-1,-1,-1,827,669,785,1809,2067,0,675,785,1809,2067,0,0,0
50000,1,2,1,44,0,0,0,0,0,0,38736,28402,28813,29550,29106,29718,3000,2000,1500,1100,1096,1200,0
500000,2,2,1,32,-2,-2,-2,-2,-2,-2,0,0,293,0,0,259,0,293,0,0,259,2621,0
210000,2,1,2,25,1,-2,-2,-2,-2,-2,0,0,0,0,0,0,0,0,0,0,0,0,0
50000,1,2,2,33,0,0,2,2,0,0,29616,34040,30385,18399,19037,17945,5000,2000,0,2000,726,510,1
70000,1,2,2,42,0,0,0,0,0,0,66681,68768,69699,69484,71067,67568,3768,2699,2660,2879,2568,2570,0
260000,2,3,1,51,-2,-2,-2,-2,-2,-2,1821,7091,1546,37708,4080,11036,7091,1555,37708,303,7500,0,0
30000,2,2,1,23,0,0,0,0,2,2,29336,30047,29904,32025,32479,30894,1800,1470,3500,2000,0,1400,1
140000,1,1,2,35,-2,-2,-2,-2,-2,-2,2000,0,0,0,0,0,0,0,0,0,0,0,0
70000,2,2,2,23,-2,-2,-1,0,-1,0,0,3999,44446,21436,19987,19939,3999,44446,41,19995,6000,10305,0
200000,1,1,2,32,1,2,2,2,2,2,18726,18141,20838,20217,22896,22400,0,3000,0,3000,0,3000,1
460000,1,1,2,28,0,0,-1,-1,-1,0,17919,13041,9681,3284,732,2732,1500,9681,3284,732,2000,0,0
260000,1,2,1,35,-1,-1,-1,-1,-1,-1,228,340,352,364,376,388,500,400,400,400,400,284,0
260000,1,3,1,53,-2,-2,-2,-2,-2,-2,3304,7378,3641,4726,2966,5946,7378,3696,4726,2966,5946,6020,0
60000,2,3,2,40,0,0,0,0,0,0,35602,35911,36246,29831,29667,30062,1654,1762,1044,1065,1266,979,0
230000,2,1,2,32,1,-1,-1,-2,-2,-2,0,351,0,0,0,0,351,0,0,0,0,432,0
70000,2,1,2,30,0,0,0,0,0,0,19492,20054,14016,14782,15249,15595,1600,1300,1000,701,1000,1000,0
460000,2,2,2,33,-1,-1,-1,-1,-2,-1,877,0,3352,0,0,44849,0,3352,0,0,44849,0,0
70000,2,1,2,25,0,0,0,0,0,0,31680,28410,24046,19194,16621,10797,2000,2000,2000,3000,2500,900,0
60000,1,1,1,34,0,0,0,0,0,0,37749,38785,39803,40837,41783,42689,1948,1966,2000,1600,1600,1600,0
230000,1,1,2,28,-1,-1,-1,-1,-1,-1,326,326,326,326,1176,326,326,326,326,1176,326,776,0
260000,1,1,1,53,1,-2,-2,-1,-1,2,0,990,0,1930,4304,150,990,0,1930,4304,0,150,1
200000,1,1,1,32,-1,-1,-1,-2,-1,-1,1727,1796,-4,-4,1565,1686,1809,0,0,1569,1691,0,0
140000,1,2,2,27,0,0,0,2,2,2,34229,35262,38079,37167,41146,40332,1583,3400,0,4600,0,2000,0
90000,2,2,1,27,1,-2,-2,-2,-2,-2,0,0,0,0,0,0,0,0,0,0,0,0,0
110000,1,1,2,29,0,0,0,0,0,0,18166,18364,19742,23886,29949,34969,3000,3500,5500,10000,6000,10000,0
500000,1,1,1,64,-2,-2,-2,-2,-2,-2,0,0,0,0,0,0,0,0,0,0,0,1063,1
30000,1,2,2,39,0,0,0,0,0,0,28138,28401,28949,28218,27262,27434,1793,1731,1200,1000,1009,1200,0
180000,2,2,2,29,0,0,2,0,0,0,85465,95546,93000,93526,66726,42668,11508,0,2340,1850,4000,0,0
360000,1,1,2,29,-1,-1,-2,-2,-2,-2,51400,0,0,0,0,0,0,0,0,0,0,0,0
260000,1,1,2,37,0,0,0,0,0,0,36664,22228,39330,39880,78787,52790,1690,19342,15000,53787,22790,3217,0
230000,2,2,1,30,0,0,0,0,0,0,218495,223270,227807,218047,223370,206937,8270,8366,6012,9474,6962,24338,0
10000,2,2,2,24,-1,-1,-1,-1,-1,2,5666,576,1709,1470,2010,780,576,1709,1470,2010,0,1080,1
260000,2,2,1,38,-1,-1,-1,-1,0,0,892,2955,10319,4078,749,1040,2955,10319,4078,0,1040,1724,0
150000,1,1,2,34,-1,2,2,2,0,0,40749,39815,46887,45832,52968,60034,0,8538,0,8810,8942,9344,0
70000,2,2,1,29,-1,0,0,0,0,0,71232,71262,71509,70695,71189,70554,2751,3600,2694,2800,2743,2700,0
80000,2,3,2,54,0,-1,-1,0,0,0,60980,1541,4822,4918,5188,5797,1541,4822,324,500,700,500,0
50000,2,2,1,38,-2,-2,-2,-2,-2,-2,0,0,0,0,0,0,0,0,0,0,0,0,0
200000,2,2,1,31,1,2,0,0,0,0,153829,153229,148438,143121,141466,128846,7022,6700,5500,6000,9800,0,0
50000,2,2,2,43,0,0,0,0,0,0,53651,51703,48675,40059,41411,42722,3000,2000,1436,2000,2000,2000,0
200000,1,1,2,32,0,0,-2,-2,-2,-1,10532,0,0,0,0,2842,0,0,0,0,2842,204297,0
460000,1,1,1,44,-1,-1,-1,0,-1,-1,1762,3152,531,522,4434,9767,3152,531,500,4434,9767,0,0
210000,2,1,2,41,-1,0,0,0,0,0,779,11040,12471,13684,15356,16337,11000,2200,2000,2000,2000,2000,0
260000,2,2,2,40,-1,-1,-2,-2,-2,-2,1022,1085,0,0,0,0,1085,0,0,0,0,300,0
290000,2,1,1,40,-1,-1,-2,-2,-2,-2,636,6732,0,3692,0,1957,6732,0,3692,0,1957,0,1
230000,1,2,1,39,-1,-1,-1,-1,-1,-1,8681,8681,8888,4932,10986,5081,8681,8888,4932,10986,5081,4321,0
230000,2,1,2,29,0,0,0,0,0,0,31206,28395,29127,25446,26141,26852,1500,1500,1000,1100,1300,710,0
260000,1,1,2,36,-1,-1,-1,-2,-2,-2,5877,427,-73,-73,-73,-73,10000,0,0,0,0,0,0
360000,2,1,1,36,-1,-1,0,0,-1,2,15521,36003,51414,17993,11546,9771,36011,20094,1000,11546,0,306,1
360000,2,1,1,40,-1,-1,-2,-1,-1,-1,10210,-1814,-11035,12319,6050,2125,0,0,32319,6050,2125,35860,0
120000,2,1,2,31,-1,-1,-1,0,-1,0,388,-26,74,374,1549,7101,0,100,300,1584,7010,4500,0
20000,2,3,1,51,0,0,0,-2,-2,-2,19255,20650,0,0,0,0,2000,0,0,0,0,0,0
60000,1,2,2,22,0,0,0,0,0,-1,60103,52193,44934,17769,10400,1760,3033,2093,560,600,1760,17933,0
20000,1,1,2,31,0,0,0,2,2,2,12761,13481,15322,14779,15543,16139,1229,2070,0,1000,1000,0,0
310000,2,1,1,34,-1,-1,-1,0,-1,-1,455,455,1415,883,883,1033,455,1415,0,883,1033,883,1
150000,1,4,2,31,-2,-2,-2,-2,-2,-2,136692,91815,0,0,0,0,2000,0,0,0,0,0,0
180000,2,3,1,51,1,-1,2,2,0,-1,0,31,31,31,1931,878,31,0,0,1900,878,0,1
50000,1,3,1,51,-1,-1,-1,-1,-1,-2,6700,13902,42835,8500,0,0,13902,42863,8500,0,0,0,0
230000,2,2,1,29,0,0,0,0,0,0,69853,61844,24802,61631,46396,28311,2310,2000,49000,1500,1000,2000,0
20000,1,2,1,31,0,0,0,0,0,0,17766,18806,19772,18940,18587,20352,1630,1596,664,838,2241,0,0
80000,1,2,2,26,-1,0,0,0,0,0,2159,4132,5949,7144,5309,500,2000,2002,2005,15,523,0,0
390000,1,2,1,35,0,-1,-1,0,0,0,33808,15275,17331,78340,76892,57954,15347,17375,70077,15103,3290,16153,0
180000,1,1,1,46,-1,3,2,-1,-1,-1,780,780,390,390,390,540,0,0,390,390,540,390,0
120000,2,2,1,27,0,0,0,0,2,0,83567,78276,78971,80907,79219,77809,4326,3000,9000,0,3000,3000,0
50000,1,2,2,24,0,0,0,0,0,0,23553,21507,17827,7655,7881,8248,1700,2000,500,500,500,1000,0
310000,2,2,2,24,0,0,0,0,0,0,203519,182513,161002,139275,120762,102598,6373,5600,5000,4500,3500,2816,0
230000,1,1,1,48,0,0,0,0,0,0,160879,161797,165107,105508,108101,110094,7000,6607,3773,4290,4164,2000,0
150000,1,2,2,45,-1,-1,-2,-1,-1,-1,9487,0,0,159,14903,410,0,0,159,14903,509,0,0
60000,2,2,2,24,1,2,0,0,0,2,59201,58493,58820,57827,61055,56668,2300,2700,2200,4500,0,2200,0
230000,1,3,2,30,1,-2,-2,-2,-2,-2,0,0,0,0,0,0,0,0,0,0,0,0,1
160000,1,2,1,31,0,0,0,0,0,0,75636,77220,79129,80710,82749,84871,3400,3800,3500,3500,3500,3600,0
240000,2,2,1,39,-2,-2,-2,-2,-2,-2,11958,0,0,0,0,0,0,0,0,0,0,0,0
200000,2,2,2,23,0,-1,-1,-1,0,0,67821,4938,-849,107555,108177,110506,4938,473,110000,3899,4100,8000,0
370000,1,3,2,27,-1,0,0,0,0,0,50886,61378,96133,103773,137735,234740,11378,36133,18773,37735,100000,5600,0
230000,1,2,2,28,0,0,0,0,0,0,31875,31611,32411,34162,34884,35569,2000,2000,4000,2000,2000,1500,0
280000,2,1,1,57,-1,-1,-1,2,2,3,929,1669,5707,4795,5328,4969,1669,4795,0,4115,0,0,0
20000,2,1,2,23,0,0,0,2,0,0,15573,17013,19413,14871,15478,16068,2000,3000,0,1000,1000,1000,0
80000,1,2,1,49,0,0,0,0,0,0,71775,68083,50642,47283,42340,40223,2911,1920,1541,1502,1619,1472,0
280000,1,2,2,37,-1,-1,0,0,0,0,1152,49293,44707,39607,37542,34812,49349,3045,5028,5034,5024,5002,0
130000,1,1,1,47,2,2,2,2,2,2,115704,117277,118814,119915,121325,122052,4900,5000,4503,4605,4400,4204,0
110000,1,2,1,35,0,0,0,0,0,0,112820,112134,110436,50175,50874,50730,4800,4108,4100,3000,1900,1800,0
160000,1,2,2,52,1,2,-1,0,0,0,2259,1869,12671,8315,5085,4900,1310,12671,166,102,1100,2610,1
50000,1,2,2,22,2,2,2,0,0,0,13752,17945,17807,17430,18262,14224,4448,1003,1000,1014,1004,1468,1
70000,2,2,1,51,2,2,2,2,2,2,43913,44911,45772,46611,47508,48476,2000,1900,1900,1800,1900,1900,0
80000,1,1,2,42,0,0,0,0,0,0,74380,68820,59079,30289,27415,28447,2619,2036,1215,1500,1504,1200,0
50000,2,3,2,22,2,0,0,2,0,0,31285,30275,26633,19576,15794,19496,3000,2000,0,4532,4500,4500,0
80000,2,2,2,24,0,0,0,0,0,0,78749,77025,66725,21604,9352,9276,4000,2784,1882,1000,457,20000,0
360000,1,1,2,49,1,-2,-2,-2,-2,-2,0,0,0,0,0,0,0,0,0,0,0,0,0
510000,2,1,1,37,-1,-1,-1,-1,-1,-1,386,733,739,1939,739,2739,763,739,1939,739,2739,1110,0
120000,1,2,1,26,0,0,0,0,0,0,47733,49609,47753,48950,50149,51159,3000,2000,2000,2000,2000,2000,0
330000,1,1,2,44,0,0,0,0,0,0,604019,605943,439854,404157,370686,294348,19001,14000,12000,15000,7000,7000,0
50000,2,3,2,40,0,0,0,0,0,0,29311,30862,26614,15571,14971,15546,10000,5000,1500,800,2000,2000,0
270000,2,1,2,29,0,0,0,0,-1,-1,14728,20865,24812,12674,9486,2460,10000,5000,3900,9486,2460,0,0
320000,1,1,2,33,-2,-2,-2,-2,-2,-2,3903,3609,4615,5256,22760,700,3609,4615,5256,22760,700,1992,0
180000,2,4,2,26,0,0,0,0,0,0,252810,240518,39162,5461,2309,0,8013,3060,109,46,0,0,0
180000,2,3,2,28,0,0,0,0,0,0,176802,179271,180382,132104,129772,124734,6963,6208,3749,4365,4517,177,0
360000,1,2,1,38,1,-2,-2,-1,2,2,0,0,0,2500,2500,0,0,0,2500,0,0,0,1
60000,1,1,2,30,1,-1,-1,0,0,0,0,345,11736,11387,10228,10497,345,13737,0,4000,6000,0,0
70000,2,2,1,36,0,0,0,0,0,0,59331,57786,58608,28105,30656,32674,3500,3000,3000,3000,3000,3000,0
80000,2,3,2,26,0,0,2,0,0,0,40931,44374,43365,44143,45079,45977,4100,0,1800,1800,1800,2000,0
140000,1,2,2,41,0,0,0,0,0,0,92281,92370,92446,65774,65076,64295,3551,3814,2333,2340,2279,2273,0
20000,1,2,1,43,-1,-1,-1,-1,-1,0,4820,1837,390,390,780,780,1837,390,390,780,0,0,0
500000,1,1,2,33,-1,-1,-1,-1,0,0,1025,1691,1316,4941,8539,3842,2000,1316,5000,5000,2000,1223,0
220000,2,2,1,53,0,0,0,0,0,0,207592,212099,214669,173187,176496,169649,8165,6889,6033,6247,6142,6146,1
30000,2,2,2,22,-1,0,-1,-1,-1,-1,13271,9277,2655,2800,4503,780,2015,2655,2800,4503,780,11500,0
130000,1,3,2,44,0,0,0,0,0,0,83648,72031,59850,49099,49015,49265,3100,2300,2000,1900,2200,1800,0
10000,2,3,1,45,2,-1,-1,-1,-1,-2,390,390,0,780,5018,5275,390,0,780,5018,375,0,0
80000,1,2,2,36,0,0,0,0,0,0,59189,35690,33984,34384,29340,21985,3007,1503,2017,1024,1017,2000,0
80000,1,2,1,43,1,2,0,0,0,0,77871,71898,72926,73745,75675,75999,1261,3214,3000,3500,2266,3000,0
30000,1,2,2,29,2,2,2,2,2,2,21959,24685,24983,25375,25923,25358,3400,1000,1100,1100,0,2100,0
200000,2,2,2,24,0,0,0,0,0,0,21447,23429,26158,29486,27166,25954,2649,3500,4008,1098,1500,1000,0
200000,1,1,1,49,-1,-1,-1,-1,-1,-1,390,390,390,390,390,390,390,390,390,390,390,390,0
90000,2,2,1,34,2,0,0,0,-1,0,49530,18717,3053,3537,46816,47398,1449,1213,1087,47698,1740,1888,1
140000,2,2,1,38,-1,-1,-1,-1,-1,-1,1156,316,1156,736,316,1156,316,1156,736,316,1156,316,0
110000,2,2,1,28,1,2,0,0,0,0,106932,103381,75794,76947,79105,72344,27,4000,3000,3000,10000,3000,0
360000,1,2,2,26,0,0,0,0,-1,0,89635,80129,75246,72996,73177,67271,3122,2007,1500,73177,2452,2256,0
30000,1,2,1,29,0,0,0,0,0,-2,29852,30348,31570,32661,0,0,1600,1738,1829,0,0,0,0
20000,1,2,1,35,0,0,0,0,0,-1,20139,19067,19787,19682,7468,2312,1480,1200,394,210,5546,0,1
70000,1,2,1,45,0,0,0,0,0,0,43050,43410,36226,29369,25873,26101,1888,1225,856,6000,1097,604,0
160000,2,2,2,32,0,0,0,0,0,0,156098,156259,155404,153234,156731,155818,6000,6000,5600,6000,6000,5500,0
100000,1,2,2,29,-1,-1,-1,0,-1,-1,2494,1999,6632,6150,10122,2689,2005,6633,18,10152,2697,3607,0
60000,2,2,1,23,2,2,0,0,0,0,63143,59608,59182,27882,24574,22330,0,1478,2000,1000,3000,2000,0
20000,1,2,1,33,1,2,0,0,3,2,18139,17559,18662,21345,20721,20836,0,1400,3000,0,600,0,1
410000,2,1,1,35,-1,-1,-2,-2,-2,-1,99687,0,0,0,0,18000,0,0,0,0,18000,0,0
50000,2,2,2,32,0,0,0,0,0,0,49138,49718,49437,40186,19179,16043,2250,1900,1800,700,1000,1000,1
120000,2,1,1,32,-1,-1,-1,-1,-1,2,3556,326,326,476,802,326,652,326,476,802,0,326,1
220000,1,1,2,25,1,2,0,0,0,0,222737,216397,207870,172612,166705,166192,0,7109,6050,6000,9111,6171,0
360000,1,1,2,31,-1,-1,-1,-2,-1,-1,509,1350,0,0,1713,4819,1363,0,0,1713,4819,6439,1
20000,2,2,1,23,0,0,0,0,0,0,18774,18608,18312,18474,18074,19618,1700,1577,2000,808,2000,2000,0
200000,1,3,1,34,0,0,0,0,0,0,75420,73548,47100,27112,21220,15719,3015,1903,10033,949,10078,92757,0
340000,2,2,2,28,0,0,0,0,0,0,329096,259604,231178,201471,181740,140088,10025,7007,7865,5795,5000,4000,0
100000,2,2,2,26,-1,0,0,0,0,0,53743,52320,46686,44497,44674,42653,3000,2500,3000,2000,5000,2600,0
20000,1,3,2,43,1,-1,2,0,0,0,-20,780,780,1560,780,0,800,0,0,0,0,0,0
260000,1,1,2,34,0,0,0,0,-2,-2,254332,257628,161545,0,0,0,11710,7503,0,0,0,195603,0
500000,1,1,2,37,-1,-1,-1,-1,-1,-1,3214,0,3030,1167,2255,0,0,3030,1167,2255,0,0,0
350000,1,1,2,31,0,-1,-1,-2,-2,-2,51900,1000,0,0,0,0,1000,0,0,0,0,0,0
50000,1,1,2,30,1,2,2,0,0,0,7690,8805,9502,10189,10869,11533,1400,1000,1000,1000,1000,1000,0
80000,2,1,1,44,0,0,0,0,0,0,68677,68947,67025,64850,63658,63005,3152,2873,2380,2401,2492,2073,0
20000,1,2,2,22,0,-1,0,0,0,0,19666,20076,19875,19659,19310,16286,20700,2000,800,465,1000,0,0
50000,2,2,1,43,1,2,0,0,2,2,43791,42809,45085,48020,47120,50319,0,3000,4000,0,4000,2000,0
200000,2,1,2,28,-1,-1,-1,-1,-1,-1,326,326,326,326,326,326,326,326,326,326,326,326,0
100000,2,2,2,39,0,0,0,0,0,0,100224,101236,101125,96765,99823,96165,4000,3544,3519,5000,3500,4000,0
60000,2,1,1,37,0,0,0,0,0,2,37934,39020,40071,41098,43536,44670,2000,2000,2000,3100,2000,0,0
300000,1,1,2,33,-1,-1,-1,-1,-1,-1,4499,0,2299,900,1400,0,0,2299,900,1400,0,200,0
20000,2,1,2,25,0,0,0,0,0,0,15465,16489,17509,17856,18270,18967,1280,1300,637,700,1000,1600,0
360000,1,2,1,47,0,-1,-1,-1,-1,-1,8289,389,389,389,389,389,390,390,390,390,390,375,0
140000,2,2,1,25,0,0,0,0,0,0,140876,48005,13650,12371,12511,10697,3600,4015,600,500,800,119,0
150000,1,3,2,32,0,0,0,0,0,0,148352,151267,143254,137379,35290,1200,5210,5212,4610,706,1200,0,0
10000,2,1,1,37,0,0,0,0,0,0,7600,8473,8793,9106,7792,7500,3000,3000,3014,3000,3000,7589,0
200000,1,2,2,58,0,0,0,0,0,0,105836,108055,110258,112451,115090,117064,3923,4001,4025,4451,4167,3527,0
150000,1,1,1,46,0,0,0,0,0,0,97832,98403,99263,100920,86781,71408,4555,3500,3300,3027,3000,2700,0
270000,2,2,1,65,1,-1,-1,-1,-1,0,0,2521,5145,8422,6374,1566,2521,5184,8422,6374,0,1429,0
140000,1,1,1,43,-1,-1,-1,-1,-1,-1,1872,1249,1872,1453,1453,1034,1249,1872,1453,1453,1034,1872,0
50000,1,2,2,24,0,0,0,2,0,0,15519,19520,21103,20101,20402,20132,5000,2300,0,1000,2000,1000,0
30000,2,2,1,31,-1,2,2,3,2,2,699,309,-471,1479,1320,930,0,0,1950,0,390,0,1
150000,2,1,1,42,-1,2,2,-1,0,-1,496,1188,940,965,965,726,940,0,965,0,726,0,0
60000,1,3,2,26,1,2,0,0,0,0,61966,60308,47536,17079,18219,19542,0,5021,5000,2000,2000,1720,0
170000,1,2,2,42,0,0,0,0,0,0,102141,100600,103156,94090,95922,99324,4002,5107,3600,3500,5000,3000,0
280000,1,1,2,29,0,0,0,0,0,0,135056,130889,127768,130339,133035,135715,4547,4584,3647,3757,3799,3912,0
290000,2,3,1,43,-1,-1,-1,-1,-1,-1,1994,390,390,390,390,780,390,390,390,390,780,568,0
110000,2,2,1,24,0,0,0,0,0,2,42667,43734,43495,43504,45987,44274,2600,1667,1525,4000,0,3000,0
130000,2,1,2,26,-2,-2,-2,-2,-2,-1,0,0,0,402,0,2054,0,0,402,0,2054,0,0
50000,2,2,2,29,0,0,0,0,0,0,45013,43995,39478,19865,19388,19792,2007,1358,680,845,871,1000,0
340000,2,1,1,49,1,-2,-2,-1,-1,-1,-11,-11,-11,2894,0,530,0,0,2905,0,530,0,1
20000,1,2,2,30,0,0,0,0,0,0,20001,20041,20205,19998,20367,20399,1400,1290,694,869,2102,1214,0
60000,2,2,2,29,0,0,0,0,0,0,54932,85672,41483,19394,18893,19043,1900,1572,1000,700,668,6000,1
360000,1,1,2,32,0,0,0,0,0,0,26833,23626,20571,15423,15001,14917,1722,2636,1006,1003,1011,2003,0
260000,1,2,1,38,-1,-1,-1,-1,-1,-1,17949,5693,28669,1207,2654,1441,5722,28811,1313,2667,1447,2588,0
200000,1,1,1,40,-1,-1,-1,-1,-1,-1,4394,3366,9379,4253,4403,4326,3405,9436,4274,4424,4347,10741,0
500000,1,2,1,33,0,0,0,0,0,0,88832,90687,84613,89944,80339,77214,6047,5016,10055,2513,3009,14542,0
130000,1,3,2,53,-1,-1,-1,-2,-2,-2,7477,6519,1403,5773,2464,2108,6540,1411,5790,2571,2214,4172,0
70000,2,2,1,40,0,0,0,0,0,0,43045,44088,45102,45861,47951,49252,2036,2050,1809,3000,2251,1627,0
500000,2,1,2,33,0,0,0,0,0,0,48206,45445,43875,34003,33079,28257,2100,1800,1500,1500,2000,10200,0
20000,1,2,2,29,0,0,0,0,0,0,18920,20302,19477,20210,20077,20022,1700,1300,1000,800,700,750,0
130000,2,2,1,27,-1,-1,-1,-1,0,0,792,0,396,485,46773,47313,0,396,485,46684,1700,1712,0
90000,2,1,2,42,2,0,0,0,0,0,88346,85975,86302,67592,69518,68228,3500,3500,3000,3000,3000,2800,1
20000,2,2,1,58,0,0,0,0,0,0,19698,19224,18690,17392,16408,16343,1315,1254,596,592,594,553,0
200000,2,1,1,34,1,-2,-2,-2,-2,-2,0,0,0,0,0,0,0,0,0,0,0,0,1
210000,1,3,1,33,0,0,0,0,0,0,44249,45146,30089,30400,24236,22002,8130,3027,10018,6,66,4008,0
50000,1,2,2,31,0,0,0,0,0,-2,47709,47838,49597,43885,0,0,3007,5230,1927,0,0,0,0
50000,2,2,1,41,0,0,0,0,0,0,25395,26421,27741,27982,28589,29157,1440,1760,1001,1057,1063,5699,0
140000,1,2,1,48,0,0,0,0,0,0,80740,82439,84125,85968,88679,99558,3000,3060,3241,4264,12400,0,0
20000,1,1,2,23,0,0,0,0,0,0,8693,10045,11776,11776,10886,-1000,1500,2000,0,0,0,0,0
10000,1,3,2,41,2,2,2,0,0,2,3983,4764,5528,7420,8298,8019,1000,1000,2000,1000,0,1390,1
330000,2,1,2,30,-1,-1,-2,-2,-2,-2,5014,59970,18585,13835,45476,25125,60207,18585,13835,45476,25125,21370,0
230000,2,2,1,46,-1,-1,-1,-1,-1,-1,3503,3354,858,5505,2263,10352,3970,858,5505,2263,10352,13000,0
140000,1,2,1,37,-1,2,-1,0,-1,-1,2081,991,1982,991,1091,1420,0,1982,0,1091,1420,7351,1
300000,1,1,2,37,0,0,0,0,0,0,52268,53440,54615,47146,47486,16937,3000,3011,582,602,627,587,0
50000,2,2,1,57,-1,-1,-1,-2,-2,-2,173,274,0,0,0,0,274,0,0,0,0,2590,0
250000,2,2,1,40,1,2,2,-2,-2,-1,7067,998,0,0,0,1604,4,0,0,0,1604,0,0
120000,1,2,1,27,2,3,2,0,0,3,110162,107008,103800,106075,115747,113999,0,0,4000,11000,0,0,1
140000,1,2,2,36,0,0,0,0,0,2,59693,61732,62411,64372,70015,68745,3000,2300,3000,6700,0,3000,0
220000,2,2,3,50,0,0,0,0,0,0,127571,116768,55863,57079,51202,53195,5200,2000,2000,2000,3200,2001,0
320000,1,2,1,32,0,0,0,0,0,0,43265,28007,24986,23844,20650,0,1528,3019,2022,2000,0,82600,0
310000,1,2,1,43,-1,-1,-1,-1,-1,-1,4943,2691,2060,2004,2503,814,2691,2060,2018,2505,816,3052,0
90000,1,2,1,42,-1,-1,-2,-2,-2,-2,780,0,0,0,0,0,0,0,0,0,0,0,0
10000,2,2,2,22,1,2,0,0,0,-2,7194,6934,8786,8014,0,0,0,2000,430,0,0,0,1
10000,1,2,2,25,0,0,0,0,0,0,5378,6482,7308,5736,6236,-764,1200,1000,115,500,180,5000,0
50000,1,2,2,28,1,2,2,2,0,0,9500,7913,9572,9281,8835,9038,0,1800,0,400,350,400,1
10000,1,1,2,23,0,0,0,0,0,0,7684,8685,8557,7319,7650,8862,1300,1500,500,600,1500,0,0
70000,2,1,2,33,0,0,0,0,0,0,39416,40784,42791,43797,44938,47177,2000,3000,1718,2000,3000,1630,0
320000,1,2,1,42,-2,-2,-2,-2,-2,-2,730,1550,0,2000,700,760,1550,0,2000,700,760,810,0
500000,2,2,1,34,1,2,0,0,0,0,523618,483244,459273,386722,366421,241182,0,16004,15004,15004,9814,31004,0
20000,1,2,2,63,2,2,4,4,4,4,1650,1650,1650,1650,1650,1650,0,0,0,0,0,0,0
100000,1,3,1,56,0,0,0,0,0,0,10882,11952,13047,13330,14112,14477,1250,1300,500,1000,600,600,0
300000,2,1,1,37,-1,-1,-1,-1,-1,-1,616,1370,916,316,898,748,1370,916,316,898,748,748,0
420000,1,2,1,41,-1,-1,-1,-1,-1,-1,16657,2578,523,1855,14539,7647,2590,525,1864,14611,7685,26477,0
610000,2,1,2,36,-2,-2,-2,-2,-2,-2,874,-256,-255,-538,107592,168966,0,1,0,108130,30695,179,0
360000,1,1,2,35,1,-1,-1,-2,-2,-2,0,1010,0,0,0,0,1010,0,0,0,0,0,1
150000,1,2,2,38,-1,-1,-1,-1,-1,2,476,476,476,476,1102,476,476,476,476,1102,0,476,0
240000,2,2,1,38,1,-2,-2,-2,-2,-2,0,0,0,0,0,0,0,0,0,0,0,0,1
100000,1,1,1,43,0,0,0,0,0,0,42451,43564,45522,46832,37683,28680,2100,3000,2500,2000,2000,2000,0
200000,1,2,2,30,-2,-2,-2,-2,-2,-2,48492,49934,24753,123439,132269,129224,20294,24891,125171,17816,26269,4349,1
20000,1,2,1,31,-1,-1,-1,0,-1,-1,836,390,780,390,390,0,390,780,0,390,0,780,1
280000,2,2,1,30,0,0,0,0,0,0,71770,74066,75907,77723,79550,81801,4000,3000,3000,3000,3500,4000,1
90000,2,3,1,39,0,0,0,-1,-1,-1,4968,4713,2290,1764,1728,1954,1203,1005,1764,1728,1954,1416,0
160000,2,2,1,34,0,0,0,-1,-1,-1,51721,46381,25254,10740,50207,10298,2037,1000,10740,50207,10298,17413,0
150000,2,3,1,35,0,0,0,0,0,0,89604,97129,98795,98925,100017,99607,10000,4275,3550,3750,3600,3100,1
460000,2,1,1,38,-1,-1,-1,-1,-1,-1,21203,21828,13776,8226,12497,4503,21833,13779,8226,12497,4503,5844,0
80000,2,2,1,43,1,2,0,0,2,0,24621,23948,24751,26493,25936,26304,0,1500,2150,0,944,2000,0
290000,1,2,2,29,0,0,0,0,0,0,1199,2528,3781,6076,6336,10570,2000,2000,3000,1000,5000,1000,0
80000,2,2,1,42,-2,-2,-2,-2,-2,-2,10593,41217,8815,24012,0,2229,41217,8815,24012,1153,2229,2190,0
180000,2,2,3,52,-2,-2,-2,-2,-2,-2,0,0,145,0,0,0,0,145,0,0,0,0,0
180000,1,2,2,31,0,0,0,-2,-2,-2,130171,12666,0,0,0,0,1110,0,0,0,0,0,0
290000,1,1,2,35,0,0,0,0,0,0,247280,250007,261236,223092,185522,170190,30000,29000,10000,8000,30000,48000,0
80000,2,2,2,27,0,0,0,0,0,0,55647,57737,58577,60169,58426,58204,3000,3923,2500,2100,2200,2075,0
490000,1,1,1,54,-2,-2,-2,-2,-2,-2,0,0,0,0,0,0,0,0,0,0,0,0,1
250000,2,1,1,47,-1,-1,-1,-1,-1,-1,43098,10606,49815,19857,56064,45427,10615,49825,19866,56074,45443,29916,0
30000,2,2,1,26,0,0,0,0,0,2,29072,29276,30204,28501,29687,29497,1600,1500,1000,4000,1900,0,0
200000,2,1,2,28,0,0,0,0,0,2,184602,187145,190983,188714,196262,198059,7000,7000,9000,10700,10600,0,0
120000,2,2,1,30,-1,-1,-2,-1,-1,-2,2706,161,250,2561,-295,-295,569,250,3265,0,0,0,0
100000,2,3,2,48,-1,-1,-1,0,0,0,16584,16009,64886,66202,72526,74323,16137,64886,2353,10000,3000,2670,0
290000,2,2,2,39,0,0,0,0,0,0,228342,235380,240049,107993,110691,50143,10600,10200,4000,4534,2670,700,1
80000,2,3,2,39,-1,-1,-1,-1,-1,-1,4762,6712,1814,4811,1379,6136,6734,1817,4817,1381,6137,6251,0
30000,2,3,1,22,1,2,0,0,4,4,21508,20881,23217,28498,28060,29999,0,3000,6000,1200,3000,0,1
120000,1,2,2,28,-1,-1,-1,-1,-1,-1,4310,3905,2411,1925,2943,6249,3905,2411,1925,2943,6249,1780,1
70000,2,1,2,29,2,2,2,2,2,2,44594,45588,46540,47378,46490,47758,2000,2000,1900,0,2200,3600,1
160000,1,2,2,57,0,0,0,0,0,0,152689,148126,144978,141639,138383,134951,5500,5300,5053,5010,4850,5000,0
20000,1,2,2,36,0,0,-2,-2,-2,-2,18400,0,0,0,0,0,0,0,0,0,0,0,1
30000,2,2,2,23,0,0,0,0,0,0,27141,25125,27835,24743,28020,25607,3000,5000,1000,20000,3000,8000,0
70000,1,2,2,31,0,0,2,2,3,2,5942,8176,8891,9522,9084,8792,2500,1000,923,0,0,400,0
180000,1,1,2,33,0,0,0,-1,-1,-2,37711,40102,78400,3000,0,0,3000,40129,3000,0,0,0,0
80000,2,1,2,31,-1,-1,-1,-1,-1,-1,5759,8395,1768,4284,7202,2014,8414,1775,4284,7202,2014,5218,0
50000,2,2,2,28,0,0,0,-1,0,0,59321,56454,53278,19437,19845,19911,2329,2353,39886,704,730,656,0
20000,1,2,1,33,0,0,0,0,0,0,4128,5550,6599,6839,7228,7457,1500,1300,500,500,500,1000,1
90000,1,3,3,34,-2,-2,-2,-2,-2,-2,33957,4976,176,21601,7423,9252,4990,176,21665,8213,9279,16445,0
280000,2,2,2,33,-2,-2,-1,0,0,-1,167,3690,1735,1735,1714,843,3700,1735,0,1700,1000,22000,1
130000,1,4,1,44,0,0,0,0,0,0,75472,75095,59335,54668,22780,13417,2452,2140,1093,13706,500,100,1
500000,1,2,1,39,-1,-1,-1,-1,-1,-1,23800,297,9342,3518,5597,717,297,9342,3518,5597,717,25349,0
290000,1,2,1,44,-2,-2,-2,-2,-2,-2,167,616,640,526,336,527,619,643,528,337,529,696,1
50000,2,1,2,27,0,0,0,0,0,0,28387,36276,17445,15575,8075,-589,10000,1031,4050,4000,0,0,0
90000,2,2,1,30,2,2,0,0,0,0,64937,63240,51426,37872,33780,47367,0,1798,1426,1450,40000,711,0
80000,2,3,1,40,0,0,0,0,0,0,12171,11554,7830,4305,5427,6180,1500,1218,311,1351,1000,2000,1
50000,2,3,1,55,0,0,0,0,2,0,46300,10849,8857,9658,9359,9554,1200,1147,1222,0,350,338,0
20000,1,2,2,56,1,2,2,2,0,0,17819,18239,19094,12393,13037,13817,1000,1500,0,1000,1000,1000,0
280000,1,2,1,36,0,0,-2,-2,-2,-2,143650,0,0,0,0,0,0,0,0,0,0,0,0
210000,2,2,2,27,-1,-1,-1,-1,-1,-1,190,-310,1527,1901,0,2706,0,3054,2189,0,2706,0,0
70000,2,2,1,27,2,2,2,2,2,0,31455,34623,34757,35888,35180,35941,4000,1000,2000,0,1500,3000,1
240000,1,2,1,44,0,-1,-1,-2,-1,0,8421,14201,-28,-401,5109,7001,14230,0,0,7000,2000,3919,0
360000,2,1,2,43,1,-1,-1,-1,-1,-1,0,7221,26194,0,3550,2511,7221,26194,0,3550,2511,6895,0
50000,2,1,2,25,-1,-1,-1,-1,-1,-1,2058,287,3423,0,3198,0,287,3423,0,3198,0,0,0
180000,2,2,2,26,0,0,0,0,0,0,88846,89730,93682,103273,104492,109818,3279,6428,13669,3816,8048,3501,1
70000,2,2,1,37,1,2,-1,0,0,2,7204,5326,5954,1069,4711,4514,0,5954,0,4514,0,0,0
170000,2,2,1,34,-1,-1,-1,-1,-1,-1,1837,1328,321,0,3857,0,1328,324,0,3857,0,253,0
210000,2,1,2,48,1,-2,-2,-1,-1,0,0,0,0,486,836,836,0,0,486,836,0,0,1
200000,2,1,1,29,0,0,0,0,0,2,21326,30928,124497,126854,139660,145455,10000,95000,4552,15002,8000,0,0
220000,2,2,2,37,-1,-1,-1,-1,-1,-1,1918,4626,5602,769,5595,2538,4626,5602,769,5595,2538,1686,0
140000,1,3,1,45,-1,-1,-2,-2,-2,-2,1553,0,0,0,0,0,0,0,0,0,0,0,0
120000,2,2,1,33,1,-2,-2,-2,-1,-1,0,0,0,0,197,0,0,0,0,197,0,0,0
90000,2,2,1,34,1,-1,-1,-2,-2,-1,0,2098,0,0,0,501,2098,0,0,0,501,0,0
160000,2,2,1,34,2,2,0,0,0,0,160285,156328,159322,124363,126802,129365,0,7661,4607,4602,4671,4780,0
50000,1,3,1,39,0,0,-2,-2,-2,-2,44574,0,0,0,0,0,0,0,0,0,0,0,0
480000,2,2,2,48,-1,-1,-1,-1,-1,-1,2475,995,3647,7621,1735,302818,1000,3652,7626,1740,302823,19608,0
30000,2,3,1,35,2,0,0,0,0,0,28852,29777,29478,30290,27803,25762,1700,1700,1500,1500,1500,1500,1
150000,2,2,2,42,0,0,0,0,0,0,89341,79904,72182,61014,49502,46055,5000,6000,3000,2000,10000,5000,0
220000,2,2,1,43,1,-2,-2,-2,-2,-2,0,0,0,0,0,0,0,0,0,0,0,0,1
300000,1,1,2,27,-2,-2,-2,-2,-2,-2,0,0,0,0,0,0,0,0,0,0,0,0,0
250000,1,2,1,39,0,0,0,0,0,0,20461,22813,24063,24886,26446,20301,3000,2000,1500,2000,2000,3000,0
80000,2,2,1,26,0,0,0,0,0,0,35897,30090,29299,12406,1308,-52,1510,2085,248,26,52,0,0
100000,2,2,1,27,1,1,-1,0,0,0,3856,-1278,7571,5386,1133,4143,2,9586,1014,500,3010,1,0
80000,2,3,1,53,1,-1,-1,-2,-2,-1,0,1710,0,0,0,496,1710,0,0,0,496,2560,1
180000,2,1,1,38,2,0,0,0,0,0,183939,176737,179787,181918,169664,173169,8000,7900,6900,6200,6700,6700,1
80000,1,2,2,30,0,0,0,0,0,0,79949,65416,45991,47229,48468,49490,2500,2000,2000,2000,1826,2000,0
100000,2,2,1,36,1,2,2,2,0,0,79695,77855,83945,81702,83232,84947,0,7400,0,3000,3100,3400,1
50000,1,3,1,41,0,0,0,0,0,0,13868,13060,11151,7921,6949,4716,1227,1073,230,241,138,1191,0
80000,1,1,2,31,1,2,2,0,0,0,61241,62155,56049,50829,50687,47362,2515,16,2003,2013,5007,113,0
240000,1,1,1,39,1,-2,-2,-2,-2,-2,-18,-18,-18,-18,-18,-18,0,0,0,0,0,0,0
200000,2,1,2,44,-2,-2,-2,-2,-2,-2,0,0,0,7800,30223,10715,0,0,7800,30223,10715,1354,0
80000,2,4,2,51,0,0,0,0,-1,0,9747,7592,7420,1467,7505,3837,1203,1020,1467,7505,135,61,0
430000,2,1,1,37,-1,-1,-1,-1,-1,-1,1669,412,23547,5064,13258,2249,416,23547,5064,13258,2249,3686,0
50000,2,2,1,26,1,2,2,2,2,2,16919,17854,18265,20455,19986,21747,1500,1000,2500,0,2100,0,0
260000,1,1,1,43,1,-1,2,0,-1,-1,-10,5172,2800,3804,5009,3035,5182,9,2998,5034,3050,2965,0
120000,1,1,1,36,2,0,0,0,2,0,117492,104895,58743,60469,57532,55702,3985,3000,5000,0,2000,1600,1
320000,2,1,1,42,0,0,0,0,0,0,197352,201913,103278,62891,64948,66961,9000,6000,3000,3000,3000,3000,0
120000,2,2,1,42,-1,-1,-1,-1,-1,-1,499,499,499,499,499,1148,499,499,499,499,1148,0,0
420000,1,2,1,34,0,0,0,0,0,0,226007,226465,205276,206521,209775,194883,10000,9600,6700,7000,7042,7112,1
160000,1,1,2,29,1,-1,-1,0,0,-1,-113,18887,2323,9032,5630,9141,19000,3000,9000,0,9596,10284,0
220000,1,1,2,31,0,0,0,0,-1,0,5254,5868,8708,4078,5365,4055,5000,3040,3520,5371,20,0,0
120000,2,1,2,28,-1,2,-1,-1,2,2,594,594,15611,7628,7361,9200,0,15611,3000,0,2000,0,0
260000,2,2,1,40,0,0,0,0,0,0,138602,135999,133752,135053,133888,132486,4870,6307,5007,5015,4773,4770,0
50000,2,2,1,49,0,0,2,0,0,0,48501,51105,39094,19476,19483,19634,3500,0,680,693,851,700,0
20000,2,1,2,22,1,2,2,0,0,2,11087,11712,11164,11395,11927,9186,1100,0,289,594,0,50,0
120000,2,2,2,43,2,2,0,0,0,0,124613,121211,120920,47951,41563,36779,0,3507,2000,2500,2000,1500,1
50000,2,2,1,36,0,0,0,0,0,0,52136,50942,49715,21332,20096,18883,2218,2519,712,706,740,600,0
50000,2,1,2,29,-1,-1,-1,-1,-1,-1,2000,5743,1134,3067,5496,1194,5934,1134,3067,5496,1194,6499,0
240000,1,2,1,50,-1,-1,-1,-1,-1,-1,419,419,419,419,419,419,419,419,419,419,419,419,0
190000,1,2,1,32,1,2,2,2,2,0,13041,13936,13415,14590,14216,14823,1400,0,1400,0,1000,1000,0
300000,1,1,1,42,1,2,2,2,2,2,32643,33427,32591,34943,35536,36403,1600,0,2900,1300,1600,0,0
30000,1,3,2,51,0,0,0,0,2,2,25358,26447,26946,28957,29408,29840,1800,1300,2400,1000,1000,0,0
80000,2,1,2,28,0,0,0,0,0,0,53301,55444,60738,62818,45413,44793,3525,10000,7296,3000,3000,4500,0
180000,2,2,1,46,-2,-2,-2,-2,-2,-2,0,12103,2250,899,0,1375,12103,2250,899,0,1375,0,0
80000,1,1,2,29,-1,-1,-1,-2,-2,-2,1567,20175,0,0,0,0,20175,0,0,0,0,900,1
50000,1,3,1,53,2,2,2,2,2,2,45870,46944,45874,48326,47440,50426,2100,0,3500,0,3758,5,1
150000,2,1,2,27,-1,-1,-1,-1,-1,-1,5561,4141,7714,9772,13539,5819,4141,7725,9772,13539,5819,4302,0
10000,2,3,1,55,2,2,4,4,4,4,420,420,420,420,420,420,0,0,0,0,0,780,1
80000,2,2,1,37,1,2,0,0,0,2,55595,54142,55247,55738,59829,58715,0,2600,2006,5000,0,5000,0
220000,2,1,1,54,1,-2,-1,-1,-1,-1,0,0,788,0,349,600,0,788,0,349,600,0,0
180000,2,2,1,41,0,0,-2,-2,-2,-2,184650,0,0,0,0,0,0,0,0,0,9000,0,0
240000,2,1,2,30,1,1,-2,-2,-2,-2,9028,-1868,-1868,-1868,-1868,-1868,0,0,0,0,0,0,1
10000,1,2,2,45,-1,-1,0,0,0,0,492,9017,9787,9897,9707,-173,10300,1000,500,200,0,10200,0
210000,2,1,2,35,0,0,0,-1,0,-1,44125,39465,23908,5088,792,150,1732,1000,5484,0,150,396,0
80000,1,2,2,28,3,2,0,0,0,0,79425,77223,75075,76348,77798,79843,107,2563,2356,2296,2800,910,1
480000,2,2,1,35,0,0,0,0,0,0,227221,243942,244961,248394,253596,211055,51000,10000,8000,8200,23000,8000,0
500000,2,2,1,38,-1,-1,0,0,0,0,9889,24911,71852,18155,32201,39668,24920,50290,5002,15001,17028,778,0
330000,2,1,2,29,-1,0,0,0,0,-1,9894,11877,14949,34292,8832,11304,3000,5001,22000,1000,11304,275,0
550000,2,1,2,34,-1,0,0,0,0,0,42132,44045,45392,48244,36206,38021,3005,3004,4010,3002,3000,10010,1
500000,2,3,2,35,-1,-1,-1,-1,-1,-1,1900,1489,1989,1200,1451,548,1489,1989,1200,1451,548,1048,1
110000,2,1,2,36,0,0,0,0,0,0,141670,138542,120439,113273,81261,76051,6278,5485,3396,2844,3005,2510,0
360000,2,2,1,28,1,-2,-2,-2,-2,-2,0,0,0,0,0,0,0,0,0,0,0,0,0
290000,2,3,2,37,-1,-1,-1,-1,-1,-1,396,396,396,396,396,396,396,396,396,396,396,396,0
20000,1,3,1,47,0,0,2,2,2,2,7384,9356,9400,10085,9785,10481,2108,352,837,0,855,0,1
210000,2,1,2,34,-1,-1,-1,-1,-1,-1,1262,33414,1828,0,11854,30949,33414,1828,0,11854,30288,1460,1
280000,2,1,2,35,-2,-2,-2,-2,0,-1,6302,4618,183,2568,2371,7610,4663,0,4953,12,7647,1676,0
60000,1,2,2,36,2,2,2,2,2,0,80709,76179,71219,67687,61691,57626,2300,2000,3000,0,3000,2000,0
100000,2,1,2,22,2,0,0,0,2,0,36891,38498,39185,39867,39696,7594,2201,1888,1500,96,300,432,1
390000,1,1,2,34,-2,-2,-2,-2,-1,0,5053,-9,1906,0,2258,7028,0,1915,0,2258,5001,5000,0
50000,1,3,1,45,1,2,2,2,0,0,46166,42253,46794,44995,45934,48796,0,5600,0,1800,4000,0,0
120000,2,2,2,25,1,-2,-1,-1,-1,-2,0,0,12162,1553,0,0,0,12162,1553,0,0,0,1
30000,1,1,2,24,0,0,0,0,0,0,28495,29632,30629,29357,30143,30419,1900,1800,1045,1250,1100,1100,0
50000,2,3,1,52,0,0,0,0,0,0,16033,17360,18068,18426,18812,19275,1593,1301,659,682,775,584,0
300000,1,2,1,37,1,-1,2,0,0,0,-165580,324392,296931,30355,26771,23737,505000,331,1070,17771,18000,16079,0
310000,2,1,2,36,1,-1,-1,-1,-1,-2,-8,1703,-8,1624,0,0,1711,0,1632,0,0,173,0
60000,2,2,2,23,0,0,0,0,0,0,60380,55367,111334,19358,19760,20223,2296,2510,838,862,1015,400,1
140000,2,3,1,46,0,0,0,0,0,0,132586,135165,125427,128016,127323,130020,4800,4500,4600,4800,4800,4500,0
150000,2,1,2,30,-2,-2,-2,-2,-2,-2,12516,5568,6106,4357,0,0,5568,6106,4357,0,0,0,0
50000,2,2,2,32,0,0,2,2,2,2,41114,44131,43121,45795,44929,48179,4000,0,3400,0,4000,0,1
150000,2,2,1,41,-2,-2,-2,-1,-1,-1,1906,4983,12029,13821,1493,2229,5002,12040,13821,1493,2229,2057,0
140000,2,2,2,33,-1,-1,-1,-1,-1,-1,4882,4882,4876,4666,4884,4666,4882,4876,4666,4884,4666,4666,0
50000,2,2,2,34,0,0,0,0,0,0,45504,46223,12761,7477,8372,9240,2000,2043,1000,1000,1390,1150,0
450000,2,2,1,37,-1,-1,-1,-1,-1,-1,1212,791,2663,783,1730,-51443,1032,2663,783,1730,0,70803,1
30000,1,1,2,30,0,0,0,0,0,0,29965,28841,28278,28770,29432,28949,2000,1700,2008,2000,7600,2000,0
400000,2,1,2,29,1,2,0,0,0,0,77970,70557,71867,72137,72955,76467,0,3200,2750,3000,5800,2800,0
130000,1,1,2,27,-1,-1,2,0,0,-2,2207,2499,1248,922,-693,-2292,3747,0,0,0,0,10000,0
60000,2,2,2,38,0,0,0,0,0,-1,13138,22389,16586,5516,16378,2670,20000,5000,3000,16000,3000,980,1
130000,2,2,2,31,0,0,0,0,0,0,80533,42126,44370,85115,69011,70460,1816,3060,69000,2578,2671,2888,0
160000,2,1,2,33,2,2,2,2,2,2,132510,128981,138289,134773,142913,146003,0,13000,200,10500,5600,5200,1
270000,2,1,1,33,0,0,0,-2,-1,0,22604,26906,0,0,4448,5667,5000,0,0,4448,1300,2443,0
360000,1,1,1,52,-1,-1,-1,-1,0,-1,14432,15329,13062,41977,24354,25948,15329,13062,41977,0,25948,21318,0
240000,1,1,2,43,-2,-2,-2,-2,-2,-2,5740,0,0,0,0,0,0,0,0,0,0,0,0
220000,1,3,2,30,0,0,-1,-1,-1,-1,35258,17740,4698,5036,8269,3681,1066,4723,5051,8293,3692,3087,0
150000,1,2,2,42,-2,-2,-2,-2,-2,-2,6407,-6,-3,-3,-3,1040,0,0,0,0,1043,0,0
100000,2,1,2,29,-1,-1,-1,0,0,0,170,3224,78671,60430,60647,61153,3224,78671,3000,2500,3000,3000,0
50000,1,1,1,47,0,0,0,0,0,0,11066,15539,17274,19975,23632,25242,5000,2000,3000,4000,2000,0,0
160000,2,1,2,33,-1,-1,-1,-1,-1,-1,5256,3290,1140,559,2065,450,3290,1140,559,2065,450,825,0
60000,1,3,2,23,0,0,0,0,0,0,15592,16643,15557,15526,16273,17001,2000,1400,1000,1000,1000,1000,0
500000,1,3,2,51,-1,-1,-1,-1,-1,-1,2362,575,360,964,957,176,575,361,978,958,176,310,0
320000,1,2,1,34,0,0,0,0,0,0,14237,26123,28637,24385,8559,3207,15031,8081,5072,6591,1223,0,0
40000,2,1,2,24,0,0,0,2,2,0,29782,32298,34610,35326,23489,11762,3000,3000,1500,0,1000,500,1
140000,1,1,2,27,-1,-1,-1,-1,-1,-1,776,0,776,380,1157,768,0,1552,380,1157,783,388,0
60000,2,2,2,22,1,2,2,0,0,0,52126,52707,47939,29351,28128,27811,2030,0,1014,1001,1020,1142,1
210000,1,1,2,41,0,-1,-1,-2,-2,-2,62261,6615,0,0,0,0,6615,0,0,0,0,0,0
210000,2,3,1,27,1,-2,-1,-1,-2,-2,0,0,1008,0,0,0,0,1008,0,0,0,1114,0
80000,1,2,2,23,2,2,0,0,0,0,71528,69817,70719,39288,40500,41668,0,2131,2000,2000,2000,3000,0
250000,2,2,1,36,0,0,0,0,0,0,126751,129559,132714,135829,138959,140779,4559,5000,5000,5000,3779,4709,0
110000,2,2,2,34,0,0,0,0,0,0,93039,81169,82800,107986,99627,80610,4500,4100,67606,4100,3100,2861,0
50000,1,1,2,30,-1,-1,-1,-1,-1,-1,390,390,390,390,390,23269,390,390,390,390,23269,1500,0
360000,2,1,2,28,0,-1,-1,-1,-1,-1,2386,3166,2776,2386,3166,2983,3166,2776,7158,3166,2983,2386,0
20000,2,2,2,22,0,0,0,0,0,2,16072,17205,17903,18321,19680,18292,1700,1300,700,1643,0,1000,0
290000,2,1,3,29,0,0,0,0,0,0,221626,190440,118163,110728,106426,15300,6530,4200,4938,10000,2420,221000,1
400000,1,1,2,27,0,0,2,2,2,2,58995,63064,60984,61034,60881,46569,5000,0,500,39,707,0,0
280000,2,2,2,32,-2,-2,-2,-2,-2,-2,0,0,0,0,0,0,0,0,0,0,0,0,0
230000,2,2,2,41,0,0,0,0,0,0,38975,35294,39295,38459,40242,42495,5000,5000,5000,3000,5000,3000,0
20000,2,2,1,48,0,0,2,2,2,2,11492,15791,15806,29542,15484,15046,4500,550,0,1445,0,400,0
180000,1,1,2,40,0,0,0,0,-1,-1,123705,126429,20650,7751,1630,0,6019,1074,2038,819,0,0,0
20000,1,2,2,28,0,0,0,2,2,2,6866,8246,10101,9790,10632,10312,1500,2000,0,1000,0,1000,0
50000,1,2,1,39,0,0,0,0,0,0,11665,12405,13355,13622,11550,11713,1232,1182,449,565,504,233,0
240000,1,2,1,49,-2,-2,-2,-2,-2,-2,4639,1825,973,-110,-110,-110,1838,976,110,0,0,0,0
70000,1,1,2,26,1,-2,-2,-2,-2,-2,0,0,0,0,0,0,0,0,0,0,0,313,0
200000,2,3,2,25,-1,-1,-1,0,-1,-1,1676,3122,2991,390,1211,390,4595,2991,0,1211,390,1112,0
120000,2,2,2,52,0,0,0,0,0,0,119796,117229,239224,91231,90184,90072,4700,5590,4000,3600,3700,32696,0
270000,2,3,1,37,-1,-1,-1,-1,-1,-1,384,2197,186,0,173,0,2197,186,0,173,0,433,1
230000,2,2,2,32,-2,-2,-2,-2,-2,-2,1168,698,2371,4524,299,395,698,2371,4524,299,395,0,0
50000,1,1,2,26,0,0,-1,-1,-1,-1,11550,11368,138,1022,316,450,1000,200,1200,600,600,600,0
360000,1,1,2,28,-2,-2,-2,-2,-2,-2,14433,15157,8564,1495,5977,1211,2394,8606,1502,6006,4217,2228,0
10000,1,2,2,25,-1,2,0,0,-1,-1,7786,8512,9290,9480,388,10000,1000,1000,190,388,10000,0,0
160000,2,2,2,40,1,-1,-1,-1,-1,-1,0,372,-7,3298,455,-325,372,0,3305,455,0,0,0
70000,2,2,1,27,3,2,3,2,0,0,70084,71379,69264,26547,24173,24620,3000,0,0,2000,1000,1000,1
30000,2,2,1,38,1,2,0,0,0,2,9033,8136,8339,8730,9386,3014,0,1000,1000,1300,0,1000,0
100000,1,1,2,27,-1,-1,-1,-1,-1,-2,2927,831,1226,330,0,0,831,1226,330,0,0,0,1
290000,1,3,1,47,-1,-1,-2,-2,-2,-2,1200,0,0,0,0,0,0,0,0,0,0,4634,0
60000,2,2,3,28,0,0,0,0,0,0,34580,15924,18124,28644,18656,15952,1300,2500,1000,1688,1000,1000,0
280000,1,1,2,31,-1,-1,-2,-1,-1,-1,2158,-2,-2,5823,2900,42128,0,0,5825,2915,42338,2419,1
500000,1,1,1,41,0,0,0,0,0,0,505128,500867,489856,356583,289398,274590,19295,18694,12271,9699,9420,8818,0
50000,2,2,1,32,1,-2,-1,0,0,0,0,0,530,26530,26574,26289,0,530,26000,951,943,970,0
500000,2,1,1,38,0,0,0,0,0,0,105587,105478,100026,86265,67539,53676,3627,3059,2670,2331,2406,1645,0
480000,1,1,1,61,0,0,0,0,0,0,91524,94123,95336,97645,92109,79795,5000,4000,7172,4000,2500,3000,0
110000,2,3,2,33,0,0,0,0,0,0,110704,55885,56779,56580,57509,58715,2056,2100,2100,2076,2400,2100,0
350000,2,1,2,24,2,2,0,0,2,0,86342,84103,86179,91608,86705,90208,0,3500,6800,0,5100,105000,1
80000,1,2,2,27,0,0,0,0,0,0,38220,33962,31297,27679,7689,8802,3000,1000,730,2015,1000,2000,0
500000,1,1,2,42,-2,-2,-2,-2,-2,-2,0,0,0,0,0,0,0,0,0,0,0,0,1
60000,2,2,2,25,0,0,0,0,0,0,18280,19468,20986,23783,25548,21811,1482,2000,3000,3000,1500,2000,0
150000,2,1,1,35,0,0,0,0,0,0,38484,43489,48194,32264,25579,0,8000,5175,3000,10000,0,0,0
150000,1,1,2,28,-1,-1,-1,-2,-2,-2,252,6514,-31,-31,-31,-31,6546,0,0,0,0,0,0
180000,1,1,1,35,-1,-1,-1,-1,-1,-1,574,396,395,846,1027,381,396,395,848,1027,381,5819,0
260000,2,1,2,33,0,0,0,0,0,0,248034,241535,174423,46654,202945,180891,11381,7256,2312,200128,7175,5612,0
50000,1,2,2,38,0,0,0,0,0,0,42856,29248,17775,17833,18246,18642,1300,1600,650,700,700,700,0
70000,2,1,2,27,1,2,2,2,2,2,61401,62712,63586,64440,65761,67128,2900,2500,2500,2500,2600,1000,0
240000,1,1,2,43,0,0,0,0,0,-2,73462,82677,76248,79684,58231,7100,65361,30646,70204,10000,7100,8318,0
120000,1,3,1,36,-1,0,0,0,0,0,31218,32319,32687,32972,33559,34604,2000,1600,1200,1500,2000,1500,0
380000,1,1,1,37,-1,-1,-1,-1,-1,-1,15019,4162,2107,0,1630,0,4472,2107,0,1630,0,0,0
500000,2,1,1,46,-2,-2,-1,0,0,-1,28412,72222,248807,179086,160121,52190,72234,248902,3582,3202,52190,53710,0
230000,1,1,1,35,-1,-1,-2,-2,-2,-2,3454,0,0,0,0,0,0,0,0,0,0,0,1
80000,2,2,1,42,0,0,-1,-1,0,0,43024,9821,600,53900,55000,65000,5098,600,53900,1100,10000,0,0
180000,2,1,2,27,2,2,0,0,2,2,153198,151128,152785,168657,165872,173667,1813,5667,18483,0,11000,1842,1
340000,2,1,2,30,-2,-2,-2,-2,-2,-2,24400,27791,6097,2272,4336,2581,27800,6097,2272,4336,2581,1865,0
60000,1,1,1,38,1,2,0,0,2,2,49808,48736,49525,57564,56517,81397,0,1900,8900,0,26000,2100,1
450000,1,2,2,29,0,0,0,0,0,0,51686,54224,49606,43803,62914,81529,10068,10075,10000,20000,20000,5200,0
80000,1,2,2,26,0,0,0,0,-1,-1,68194,24956,22145,33675,3047,77511,2000,3000,18000,3047,77511,4000,0
260000,2,2,1,53,1,2,2,2,2,2,118107,121763,133107,133107,148107,148107,3656,15000,0,15000,0,15000,1
150000,1,3,1,52,0,0,0,0,0,0,88812,90649,92499,94364,97589,99921,2564,2616,2647,4000,3158,2215,1
250000,1,2,1,44,-1,0,-1,0,0,-2,4602,18382,15450,1867,-1,-1,5000,16000,0,1,0,0,0
280000,1,1,1,60,-2,-2,-2,-2,-2,-2,792,0,192,396,0,396,0,192,996,0,396,396,0
30000,1,2,3,49,0,0,0,0,0,0,12939,14128,15354,5023,5275,54,1405,1631,300,375,54,1000,0
190000,1,1,1,55,-1,-1,-1,-1,-1,-1,5928,9770,8032,30,240,540,9770,8034,0,600,690,742,0
300000,2,1,2,42,-1,-1,-1,0,0,-2,6349,668,9737,367,-23,-413,668,9800,0,0,0,0,0
60000,2,2,1,33,2,0,0,0,0,0,60099,60983,55595,54940,47959,29763,2500,2006,5000,2000,2000,0,1
80000,2,3,2,47,-2,-2,-2,-2,-2,-1,194843,197581,202150,0,0,48855,5501,6150,0,0,48855,1832,0
200000,1,1,1,30,0,0,0,0,0,0,182338,123079,124075,99440,104685,54038,4653,5000,5000,6000,5000,10000,0
350000,2,2,1,38,-1,-1,-1,-1,-1,-1,4482,4985,4322,4992,4295,5952,4998,4333,5005,4305,5963,6015,0
500000,2,2,1,28,-2,-2,-2,-1,0,0,67763,47746,28148,24377,15421,11239,2244,4625,24448,2028,2009,1710,0
130000,2,2,1,45,2,-1,-1,-1,-1,-1,990,990,990,990,1130,990,990,990,990,1130,1000,9880,0
50000,1,3,1,43,0,0,0,0,0,0,17113,17751,18332,18301,18639,18516,1303,1274,633,1000,724,1000,0
20000,1,3,2,40,0,0,2,0,0,-2,5945,8184,7839,7999,0,0,2345,0,160,0,0,0,1
50000,2,1,1,34,0,0,0,0,0,0,42980,44015,45284,46186,47440,48453,1731,2000,1655,2000,1800,2000,0
20000,2,3,2,28,1,3,6,5,4,3,19109,23788,23154,22520,21596,20962,5000,0,0,0,0,0,1
150000,2,2,2,29,-1,-1,2,0,0,2,2501,6845,4592,8617,2190,1369,4400,0,4025,407,0,1845,0
200000,2,1,1,32,0,0,0,0,0,-1,36154,23885,24718,25213,68126,9636,9216,7013,15000,10000,10000,10000,0
220000,1,1,2,33,0,0,0,0,0,0,22708,24330,25918,27479,28877,30237,2000,2000,2000,2000,2000,2000,0
50000,2,2,2,25,0,0,0,0,0,0,50485,50397,49167,45077,36815,38203,2000,3045,1660,1500,2000,10000,0
20000,2,2,2,22,2,0,0,0,3,2,6643,7872,9077,10989,10529,10213,1500,1500,2225,0,0,202,1
140000,2,1,2,28,-1,-1,-1,-1,-2,-2,8483,9526,33788,-18,-18,-18,9532,33788,0,0,0,0,0
400000,2,1,2,33,-1,2,-1,-1,-1,-1,565,565,11471,1779,0,3470,0,11495,1779,0,3470,24096,0
120000,1,3,2,37,2,2,2,2,2,2,117681,119513,120990,121795,113328,120615,5200,5000,4200,0,9200,0,1
260000,2,1,2,31,0,0,0,0,0,0,117271,121442,121805,127594,110146,112364,7000,4150,8000,4000,4000,5000,0
90000,2,2,2,23,0,0,0,0,0,0,80551,11066,2408,57167,57700,58817,2028,1007,57113,2092,2400,1800,0
50000,2,2,2,29,1,2,2,2,0,0,46376,45354,49086,48027,49037,48032,0,4500,0,1751,1736,2971,1
260000,2,1,1,61,1,-2,-2,-2,-2,-2,-551,16449,-20320,-20320,-20320,-20320,17000,2631,0,0,0,0,0
200000,1,2,2,37,1,-2,-2,-2,-2,-2,0,0,0,0,0,0,0,0,0,0,0,0,0
220000,2,1,1,32,1,2,2,2,2,2,202792,198157,211340,209612,219064,222672,0,16501,3200,13000,7500,0,0
180000,2,2,1,30,0,0,0,0,0,0,4747,4221,9065,5016,5931,6826,1200,5000,1000,1000,1000,2000,0
40000,2,2,1,23,2,3,2,2,2,0,31772,30983,33168,33527,32854,33947,0,3000,1200,0,1641,1362,0
150000,2,1,2,29,-1,-1,-1,0,-1,-1,560,290,549,204,16048,0,390,649,145,16048,0,0,0
150000,2,1,3,55,-1,-1,-1,-1,-1,2,280,280,759,754,480,165,280,759,754,480,0,1235,0
500000,2,1,2,51,-1,-1,-1,-1,-1,-1,187,369,535,-13,20807,20897,370,537,0,20911,21001,88,0
80000,1,2,2,26,2,0,0,0,0,0,81268,78311,79915,81371,79916,79227,3450,3508,3405,3359,3108,3400,1
50000,1,1,2,23,0,0,0,0,0,0,29772,17515,10483,4697,4793,4891,1229,1000,94,96,98,2330,0
290000,2,1,2,30,-1,-1,-1,-1,-1,-1,560,463,100,0,100,0,463,100,0,100,0,0,0
60000,2,1,2,26,-2,-2,-2,-2,-2,-2,0,-108,-216,-324,-432,-540,108,108,108,108,108,0,0
100000,2,3,2,58,0,0,0,0,0,0,43386,44686,45634,46576,47519,51404,2000,2000,2000,2000,5000,30000,0
50000,2,2,2,23,0,0,0,0,0,0,47598,40714,38124,19893,20314,18810,2559,1969,684,713,672,670,0
20000,2,1,2,22,-1,-1,-1,-1,-1,-1,2654,0,8369,433,1669,7800,0,8369,433,1669,7800,9817,0
80000,1,2,1,40,0,0,0,0,0,0,64120,63656,63023,60237,60263,59180,2438,3000,2100,2200,2400,2200,1
130000,2,1,2,26,-1,-1,-1,-1,-1,-1,3597,4398,3738,1396,13069,1285,4398,3746,1396,13069,1285,1034,1
80000,2,2,1,35,0,0,-2,-2,-2,-2,76978,0,0,0,0,0,0,0,0,0,0,0,0
50000,2,2,2,23,0,0,0,0,0,0,49100,47910,32842,19748,19403,19536,15000,2024,5004,1000,1000,1000,0
230000,1,3,2,29,1,2,2,2,2,2,237332,236068,236702,236309,237399,229421,8000,10000,9000,9000,0,9100,0
200000,2,1,2,29,-1,-1,0,0,0,-2,2704,4959,5800,6000,0,0,4959,1000,200,0,0,0,0
50000,2,1,2,30,0,0,0,2,2,2,19930,36105,29604,27764,28656,29087,28019,13000,0,2000,1000,5000,0
500000,2,1,1,38,1,-2,-1,-1,-2,-1,0,0,2331,0,0,2199,0,2331,0,0,2199,0,0
50000,1,1,2,29,-1,-1,0,0,0,0,1162,37702,32617,28814,16478,25349,37719,1095,2000,10000,13352,10000,0
50000,2,1,2,27,1,2,2,0,0,2,42764,42459,37166,31989,33587,32514,732,1200,1300,2651,0,1400,1
190000,2,2,3,29,1,-2,-1,0,0,0,0,0,306,306,306,0,0,306,0,0,0,0,0
140000,1,3,2,29,0,0,0,0,0,0,142132,142239,142140,142111,194934,95484,5600,6150,5900,4000,4000,50000,0
180000,2,1,2,29,-1,-1,-1,-1,-1,-1,10447,18006,4815,10060,49264,5983,18006,5860,11470,49613,5983,7133,0
50000,2,2,2,34,0,0,0,0,0,0,27080,23365,24962,25557,26156,26032,1500,2000,1000,1000,1000,1000,0
50000,1,3,2,50,0,0,0,0,0,0,50693,43217,32829,26811,24477,24177,1900,1677,900,1023,1024,1016,0
140000,2,1,1,47,0,0,0,0,0,0,141530,130248,133547,134346,133933,137585,7000,7004,5013,5000,6000,5000,0
80000,1,2,2,46,0,0,0,0,0,0,44302,45311,46321,47259,48230,49351,1192,1202,1135,1165,1326,2204,0
310000,2,2,2,27,0,0,0,0,0,0,44834,35597,34161,38689,32710,24343,2015,2000,5034,1045,776,389,0
180000,2,2,1,29,0,0,-1,0,0,0,3783,2813,839,1557,51680,53115,2000,839,718,50824,2242,1100,0
130000,2,1,2,25,0,0,0,0,0,0,37112,34653,9522,3939,6939,950,2009,2000,2000,3000,900,0,0
320000,1,1,1,41,0,0,0,0,0,0,321281,324449,254293,206521,202697,203332,27000,17000,7030,7000,10000,30000,0
80000,1,2,2,27,1,-2,-2,-1,0,0,0,0,0,23374,24836,26412,0,0,23374,2000,2000,13000,0
20000,2,2,1,48,-1,2,2,-1,0,-1,780,780,390,780,390,1735,390,0,780,0,1735,0,0
360000,1,2,1,36,-1,-1,-1,-1,-1,-1,6783,2337,10990,74562,-28,5677,2347,11046,74934,0,5705,8503,0
20000,1,2,2,24,3,2,0,0,0,0,18585,18003,19012,19100,19506,20037,0,1612,700,714,861,393,1
300000,1,2,1,36,1,2,2,2,2,2,54977,56189,56663,57428,58455,57556,2500,1800,2100,1900,0,3500,1
50000,1,2,2,28,0,0,0,0,0,0,21510,23357,32197,12595,13445,13803,2200,10000,3000,1000,1500,0,0
220000,1,2,1,43,0,0,0,0,0,0,84466,84356,84151,83591,83789,83885,4000,4000,3500,3500,3500,3500,0
320000,2,1,1,37,-2,-2,-2,-2,-2,-2,14536,2935,3019,4179,4256,2675,2949,3034,4200,4277,2688,3651,0
50000,1,2,2,41,0,0,0,0,0,0,40709,37503,18086,18545,15453,15847,3000,2000,1000,1000,800,3000,0
230000,2,1,2,33,0,0,0,0,0,0,228639,226778,184466,157857,131706,62237,10075,10135,6034,10000,3000,5000,0
440000,2,3,2,36,0,-1,-1,-1,0,0,7887,2516,5252,13192,29029,27812,2516,5252,13192,20000,1179,623,0
280000,2,2,1,31,0,0,0,0,0,0,207966,209146,213900,5202,4282,1000,5078,5069,109,97,25,145,0
360000,2,1,2,26,-2,-2,-2,-2,-2,-2,145,3526,8510,7831,8864,10845,3600,8510,4000,5000,5000,5398,1
230000,2,2,2,30,-1,-1,-1,0,0,-1,1243,113,7978,2831,3518,846,113,8178,500,1000,846,0,0
320000,2,2,2,33,-1,-1,-1,0,0,-1,7444,5755,34909,16313,9279,5824,5783,35069,4341,46,5849,48366,0
160000,2,1,2,29,-1,-1,-1,0,-1,0,1289,2089,5464,2079,1908,1394,2106,5500,2000,2000,1350,700,0
180000,1,2,2,26,-1,-1,-1,-1,-1,-1,316,692,316,692,316,859,692,316,692,316,859,1008,0
30000,2,2,2,22,-2,-1,2,-1,-1,-1,0,2343,126,4462,0,150,2343,0,4462,0,150,860,0
280000,2,1,2,26,0,0,0,0,0,0,36395,35945,36381,36594,37010,36334,1700,1600,1300,1500,2000,99334,0
360000,2,2,1,40,0,0,0,0,0,0,352583,343476,279728,264189,271688,288740,10461,10212,8000,10000,20000,10000,0
90000,2,2,1,49,0,0,0,0,0,0,91263,70251,45385,46331,47494,48433,3100,1800,1700,2000,1746,1941,0
50000,1,3,2,34,-2,-2,-2,-2,-2,-2,17095,18261,19313,19304,19725,5770,1448,1500,419,455,115,19627,0
230000,2,2,1,54,-2,-2,-2,-2,-2,-2,0,880,0,0,0,0,880,0,0,0,0,1740,0
240000,2,2,1,40,-2,-2,-2,-2,-2,-2,0,0,0,0,0,1306,0,0,0,0,1306,0,1
50000,2,2,2,54,0,0,0,0,0,0,4625,4832,10010,9357,8714,9733,1121,6135,308,316,2000,500,1
200000,2,2,1,69,0,0,0,0,0,0,106878,100879,102998,105090,107718,88964,4000,3800,3802,4363,3500,3303,0
100000,1,3,2,28,-1,0,0,-1,-1,-1,103728,104908,65800,18300,33336,31558,3184,3000,18300,33336,984,63000,1
180000,1,1,2,29,0,0,0,0,0,0,85069,85434,116352,55698,37315,16696,5344,3013,3034,4069,3018,3069,0
120000,2,3,2,26,-1,-1,-1,-1,-1,-1,1467,975,246,246,246,884,975,246,246,246,884,1000,0
230000,2,1,2,27,0,0,0,0,0,0,10941,12058,13348,14620,15877,16611,1300,1500,1500,1500,1000,1500,0
150000,1,4,1,36,0,0,0,0,0,0,220889,133616,136378,139219,142172,145065,3800,3900,4000,4100,4100,5500,0
110000,1,2,2,23,0,0,0,2,2,2,43027,44340,48959,49672,50758,49676,2000,5700,1800,2500,0,2000,0
360000,2,2,2,28,0,0,0,0,0,-1,63352,58601,19567,16658,17249,247,6010,4000,0,2000,247,12000,0
50000,2,1,2,28,0,0,0,0,0,2,48726,48261,39336,10142,10174,9904,2406,2000,462,736,0,147,0
10000,2,3,1,58,0,0,0,0,0,0,7569,8598,9590,9782,9986,9173,1158,1150,335,346,336,1323,0
30000,2,2,1,29,0,0,0,0,0,0,15455,6570,11000,12460,28778,24244,2000,5000,2000,17000,1500,2000,0
180000,2,1,2,30,0,0,0,0,0,0,40311,43847,50763,69026,32030,33679,10000,10000,23000,5000,4000,3500,0
50000,2,3,1,32,2,2,2,2,2,2,46364,47429,46345,49231,48537,46774,2100,0,3600,1900,0,3285,1
40000,2,1,2,22,0,0,0,0,0,0,34521,35662,36918,37478,20650,0,2000,2000,1071,1500,0,0,1
50000,1,2,2,43,1,2,2,0,0,0,44344,45363,44326,44901,45844,48385,2021,0,1596,1655,3684,0,1
60000,2,1,2,26,1,-2,-1,-1,0,0,0,0,539,37970,39354,40048,0,539,37970,2000,1500,1481,0
50000,2,3,2,41,2,2,0,0,0,0,23203,23534,24838,25429,26020,26541,1000,2000,1000,1000,955,1500,1
60000,2,3,1,30,1,2,0,0,0,0,15442,16091,17512,18413,19951,21454,1200,2000,1500,2000,2000,1300,0
320000,1,1,1,48,2,2,2,2,2,2,201932,215392,218370,220977,225021,221730,18300,8000,7700,7700,0,7900,1
200000,1,2,1,57,-1,-1,-1,-1,-1,-1,780,0,780,390,0,390,0,780,390,0,390,390,0
300000,2,1,2,30,-1,-1,-1,-1,-1,-1,6045,7151,4790,3145,4274,0,7157,4790,3145,4274,0,2215,0
380000,2,3,2,39,0,0,0,0,0,0,55241,49773,81365,87341,87358,103740,10000,60218,10076,15012,20667,15000,0
20000,1,1,2,25,1,-2,-2,-2,-2,-1,0,0,0,0,0,1000,0,0,0,0,1000,0,1
100000,1,3,1,36,2,0,0,2,0,0,8674,10520,13337,12829,15446,17178,2000,3000,0,3000,2000,2000,1
80000,1,1,2,26,0,0,0,0,0,0,83593,72883,67337,60807,59088,47829,2727,3170,1940,2200,1700,1708,0
130000,1,2,2,27,0,0,0,0,0,0,29078,30110,31119,31891,32429,33035,1506,1515,1287,1200,1341,1663,0
80000,1,1,2,26,2,3,2,2,2,2,61851,62271,63154,63519,64351,67122,2000,2500,2000,2000,4000,2700,1
150000,1,2,1,45,0,0,0,0,0,0,44832,46939,57181,49453,86869,79150,6020,15043,5021,46034,5002,5000,0
20000,2,1,1,23,0,0,0,0,0,0,11862,11259,12482,10528,9293,17099,1300,1446,500,500,8000,1000,0
200000,2,2,1,40,-1,-1,-1,-2,-2,-2,6699,4856,-3,-3,-3,-3,4880,0,0,0,0,0,0
90000,1,1,2,29,-1,-1,-1,0,-1,-1,140,0,280,140,133,2506,0,420,0,133,2513,910,0
260000,1,2,1,39,2,0,0,2,0,0,110529,113505,114531,111037,95454,96370,7010,7004,15,3000,3000,3000,1
170000,1,2,1,35,-1,-1,-1,0,0,-1,3995,6300,15291,9085,5801,6603,6380,15291,182,116,6603,4000,0
100000,1,2,1,28,-1,-1,-2,-2,-2,-2,10000,0,0,0,0,0,0,0,0,0,0,0,0
150000,2,3,2,43,-2,-2,-2,-2,-2,-2,1622,12946,0,0,1761,18304,13016,0,0,1761,18306,4275,0
160000,2,2,1,39,1,2,2,-2,-2,-2,40712,29920,0,0,0,0,0,0,0,0,0,0,0
130000,2,3,1,40,0,0,-2,-2,-2,-2,102650,0,0,0,0,0,0,0,0,0,0,0,0
80000,1,3,1,65,0,0,0,-1,-1,-1,25043,17472,8922,3932,2900,0,1374,1026,3944,3208,0,0,0
320000,1,1,1,46,2,4,3,2,2,2,339202,337495,325700,313988,327542,317129,5000,0,0,23800,0,12165,1
210000,2,1,2,56,0,0,0,-2,-2,-2,203653,23520,0,0,0,0,5000,0,0,0,0,0,0
340000,2,1,1,38,-1,-1,-1,0,0,-1,4397,13840,10780,8201,7675,5653,13847,10780,0,2000,5653,1976,0
20000,2,2,2,45,0,0,-1,2,2,2,13521,4964,882,882,914,930,1000,900,0,182,16,0,1
440000,1,1,2,52,2,0,0,0,0,0,424606,418158,410821,403658,412248,456264,15010,14660,14500,15089,51000,27000,1
260000,2,1,2,31,0,0,0,0,0,0,180891,165412,108223,108860,80757,79073,8250,5500,5000,3500,3000,4000,0
320000,1,1,1,46,-1,-1,-1,0,0,0,10836,19751,72623,61459,44390,29773,19799,73706,1692,1023,761,67235,0
210000,2,2,1,34,0,0,0,0,0,0,128553,109234,87567,83716,69925,64108,3762,3808,4177,2594,2442,2319,0
60000,2,2,2,24,0,0,0,0,0,0,57771,53334,0,41645,41833,41481,2336,1414,0,2000,1503,3200,0
10000,2,2,2,23,-1,5,4,3,2,2,4205,4003,3800,3597,3395,4187,0,0,0,0,1000,0,1
190000,2,2,2,30,0,0,0,0,0,0,194724,190781,191861,155967,153193,156494,8900,6200,5500,5600,5800,5600,1
20000,2,2,2,23,2,0,0,0,0,0,11995,13324,14029,14308,14625,18245,1528,1233,512,547,3880,0,1
50000,1,2,1,34,0,0,0,0,0,0,48976,47404,46338,14234,19545,20173,2023,3105,3119,11000,909,3000,0
280000,2,2,1,26,0,0,0,0,0,0,256455,245712,231025,182159,80747,51689,8354,5501,4293,2079,1892,20012,0
310000,2,3,2,28,0,0,0,0,0,0,220845,179260,116798,109647,114745,103646,7809,10000,10000,10334,10000,5000,0
180000,1,2,2,28,0,0,0,0,0,0,139097,131157,128342,122345,109228,101428,5699,4300,4023,3785,3684,4000,0
30000,1,2,2,35,1,3,2,2,2,2,14320,13808,13289,14068,14596,14212,0,0,1000,900,0,1431,1
240000,2,1,2,42,0,0,0,0,0,0,238107,242159,225695,210199,208307,203779,12067,10009,10000,10000,10000,30296,0
60000,1,2,2,28,0,0,2,2,2,2,37788,39366,41531,42048,41241,44056,2500,3114,1496,0,3500,0,1
430000,1,1,2,34,0,0,0,0,-1,0,81963,93893,100177,-3849,304425,293920,15000,70000,3116,313094,10300,15000,0
350000,2,2,1,38,-1,-1,-1,-1,-1,-1,282,2728,1606,1015,24555,185,2750,1612,1017,24560,1000,917,0
160000,2,2,2,24,0,0,0,0,0,0,142214,145225,149812,151426,154688,158511,5300,7000,5600,5700,6400,6400,0
110000,1,1,2,25,2,0,0,0,2,0,109887,99030,89317,80674,79311,81246,3500,6748,5700,0,3200,5700,1
60000,2,3,3,53,0,0,0,0,0,0,57605,48877,39689,27736,28420,29002,2088,1900,962,1100,1023,963,0
260000,2,4,2,33,0,0,0,0,0,0,18457,22815,27086,27821,30767,29890,5000,5000,1137,5000,1085,5000,0
10000,2,2,2,28,0,0,0,0,0,-1,7797,8893,9665,9862,4854,1430,1228,1000,197,1597,1430,1184,0
200000,2,1,2,30,-1,-1,-1,-1,-1,-1,4520,10382,4447,126476,700,0,10382,4447,126476,700,0,860,0
30000,2,2,2,23,0,0,0,0,0,0,25287,26501,30300,25806,26149,25478,2011,5000,868,1092,3000,1500,0
260000,2,1,2,32,-1,-1,-1,-1,-1,0,1694,5499,1384,2085,5351,3179,5525,1390,2095,5361,15,1894,0
70000,2,3,1,36,0,0,0,2,0,0,28518,29558,32054,31239,31935,32602,1504,3000,0,1200,1200,1300,1
100000,2,1,1,58,1,2,2,2,2,2,27044,26325,30882,30090,34419,33714,0,5000,0,5000,0,5000,1
500000,1,1,2,39,0,0,0,0,-1,-1,128068,143227,52196,43180,1095,856,20000,12000,0,1095,856,50000,0
150000,2,2,1,36,0,0,2,0,0,0,141460,145408,142139,137453,139827,136320,8021,5066,6000,5029,5016,5100,0
140000,1,2,1,29,-1,-1,-1,0,0,-2,3300,1300,3074,594,0,0,1300,3668,0,0,0,0,1
100000,2,1,2,35,0,0,0,0,0,0,99031,90779,84891,76232,77833,74885,3300,4300,3000,2626,2913,2600,0
280000,2,1,2,27,0,0,0,0,0,0,56144,58180,34855,36000,37684,22478,5000,5000,2000,2000,2000,2000,0
240000,2,1,2,30,-1,-1,-1,-1,-1,-1,1749,1087,3503,1003,1003,1003,1099,6430,1003,1003,1003,203,0
380000,1,1,1,49,2,0,0,0,0,0,380933,380703,356474,308948,547880,309322,14651,12238,13479,13532,12015,11525,1
180000,2,1,2,25,0,0,0,0,0,0,112403,83515,71259,66661,62770,58067,3500,3500,3000,3000,2300,2400,0
50000,2,2,1,35,0,0,0,2,0,0,4555,5764,6974,5315,4645,3955,1290,1500,0,1000,1000,1500,0
20000,1,2,2,24,0,0,0,2,0,0,6128,7171,9582,9282,9977,10812,1300,2700,0,1000,1000,0,0
20000,1,2,2,39,2,2,2,0,0,0,19518,20202,19082,18890,19287,19751,1299,0,667,692,776,3730,1
50000,1,2,1,41,2,0,0,0,0,0,48958,48293,48999,7470,6406,3679,2572,2602,349,706,500,1000,1
50000,2,2,2,23,0,0,2,2,0,0,10587,25768,12218,13656,15918,10771,3500,2500,1980,3500,1000,0,0
160000,1,2,1,60,0,0,0,0,0,0,18056,19385,20093,20643,20920,21336,1626,1334,884,758,763,942,0
20000,1,3,2,23,0,0,0,-1,-1,-1,2331,3544,3064,1587,-193,3107,2700,2300,2100,0,5000,0,1
60000,1,3,2,52,0,0,0,0,0,0,22460,23592,24665,26305,23756,25353,1500,1500,2000,1500,2000,2000,0
200000,2,1,1,32,-1,2,-1,-1,0,-1,220,110,110,11946,32836,110,0,110,11946,21000,110,0,1
90000,1,3,1,45,0,0,0,0,0,0,13366,14394,16044,16080,16569,16744,1250,1900,600,747,599,775,0
20000,1,3,2,55,-1,3,2,0,0,-1,3413,3206,2250,1500,750,1650,0,0,0,0,1650,0,0
200000,2,2,1,43,-1,-1,-1,-1,-1,-1,1875,2239,316,2681,3486,2296,2239,316,2681,3486,2296,3413,0
520000,2,3,1,41,-2,-2,-1,0,0,0,7322,2728,385425,387189,395445,402289,2728,415552,14000,14005,14000,15200,0
180000,2,2,2,44,-1,-1,-1,-1,-1,-1,7432,7433,7184,7184,7344,7184,7433,7184,7184,7344,7184,7184,0
250000,1,1,2,29,0,0,0,0,0,0,124442,93302,92934,94002,92826,88001,5000,5000,3500,4000,4000,5000,0
30000,1,1,2,35,0,0,0,0,0,0,26974,28144,28280,25990,25999,26425,2000,1339,849,1125,1043,0,1
500000,2,1,2,32,0,0,0,0,0,0,298809,304686,307591,312314,318647,325369,12475,12650,11354,11545,12000,11000,1
740000,2,2,1,35,2,-1,-1,-1,-1,-1,960,8154,1477,15713,8988,25449,8229,1487,15754,9012,25596,7003,1
300000,1,1,2,34,1,-2,-2,-2,-2,-2,0,0,0,0,0,0,0,0,0,0,0,0,1
210000,1,3,1,44,-2,-2,-2,-2,-2,-2,1525,800,850,2340,2380,2694,800,850,2340,2380,2694,1530,0
270000,2,1,2,32,0,0,0,0,0,0,54914,55423,57875,57456,33334,31723,3000,5000,3300,1337,1500,1000,0
300000,2,2,1,39,0,0,0,0,0,0,145138,148586,151878,123417,104922,107005,5785,6163,4728,3811,3830,3970,0
20000,1,2,1,50,1,2,0,0,2,0,1065,675,1285,1895,1340,950,0,1000,1000,0,0,450,1
110000,2,2,2,31,2,0,0,0,0,2,1472,2785,5496,7496,9298,3340,1500,3000,2000,2000,0,93665,1
60000,2,2,1,48,0,0,0,-1,0,0,58794,59987,33908,19513,17281,16802,7296,1903,19513,759,851,390,0
180000,2,3,1,43,1,-1,-1,-1,-1,-1,0,2602,498,498,1835,11337,2602,498,498,1835,10000,380,1
50000,1,2,1,41,0,0,0,0,-1,0,50220,50756,49966,523,18450,18478,2055,1000,523,18868,806,968,0
500000,1,1,1,42,-2,-1,0,0,-2,-2,5121,29478,43892,6420,49240,6772,31305,43864,6453,49470,3723,103686,0
70000,2,3,1,42,0,0,0,0,0,0,6489,9372,11179,8688,8295,10147,3000,2000,295,1000,2000,1000,0
220000,1,3,1,42,-1,-1,-1,-1,-1,-1,285,825,0,1230,3227,3820,825,0,1230,3227,3820,3650,0
200000,1,1,2,32,-1,-1,-1,-1,-1,-1,396,396,396,396,396,396,396,396,396,396,396,396,0
60000,2,3,1,31,0,0,0,0,0,0,27347,22915,22243,20938,22486,21394,5000,7243,5000,5000,5394,16000,0
400000,1,2,2,44,0,0,0,0,0,0,6902,7904,7566,7716,7722,7890,1216,1213,363,219,234,159,0
20000,2,1,2,33,1,3,3,2,2,2,16180,16635,16082,15529,16525,16110,1000,0,0,1400,0,1504,0
200000,2,1,2,35,0,0,0,0,0,0,99291,87757,82417,83877,82814,35484,2742,3000,2018,2743,1578,9013,0
130000,2,2,1,30,0,0,0,0,0,-2,21996,19730,20456,20783,-290,-680,3000,3000,2000,0,0,1000,0
270000,2,1,1,43,-2,-2,-2,-2,-2,-2,1626,1443,1443,1443,9629,1773,1443,1443,1443,9629,1773,14524,0
260000,2,1,2,29,0,0,0,0,0,0,203896,196219,188608,172722,159826,146891,7282,6486,5712,5647,5386,5000,0
310000,2,2,1,32,0,0,0,0,0,0,73491,76452,78736,80590,82453,84252,4000,4000,3000,3000,3000,5000,0
280000,2,2,1,27,-2,-2,-2,-2,-2,-2,747,0,5737,922,107,980,0,5737,922,107,980,648,0
240000,1,2,1,39,1,-1,-1,-1,-1,-2,0,1263,-13,1667,-300,-300,1263,0,1680,0,0,1442,0
450000,1,3,1,36,-1,-1,-2,-2,-2,-2,550,0,0,0,0,0,0,0,0,0,0,0,0
50000,1,3,2,39,0,-1,-1,2,0,0,34390,810,19009,18035,18364,18670,810,51000,0,1000,1000,1000,0
290000,2,2,1,36,0,0,0,0,0,0,154336,125684,111298,82204,82792,83832,3600,3010,3000,2500,3000,2500,0
500000,2,1,1,39,-2,-2,-2,-2,-2,-2,3220,0,15040,35498,19508,21199,0,15040,35498,19508,21199,10894,1
50000,2,1,1,50,1,2,0,0,0,0,50175,48275,49646,44051,45912,45383,0,7775,3000,3000,5000,3000,0
50000,1,2,1,31,0,0,0,2,2,2,42159,43172,46450,45402,48677,47740,2000,4000,0,4000,0,2300,1
30000,2,2,2,22,1,-1,0,0,0,0,-802,19786,20517,13167,10686,10074,21286,1154,413,372,500,1225,0
240000,2,2,2,46,0,0,0,0,0,0,128272,131718,135075,134705,143883,145643,5500,6004,3000,10500,4000,2000,0
200000,1,2,2,45,0,0,0,0,0,0,200996,194699,183344,153880,155359,158776,9200,9000,8000,6000,6000,6000,0
500000,2,2,2,38,-1,-1,-1,-1,-1,-1,18410,-10,1429,-601,120195,976,0,1439,0,120796,981,4829,0
180000,2,1,1,37,-1,-1,-1,-1,-1,-1,29206,16231,8392,25062,13088,23174,16231,8405,25062,13088,23174,8556,0
360000,2,1,1,28,0,0,0,0,0,-2,164857,192513,178030,117997,0,0,30650,9300,6000,0,0,0,0
170000,1,4,1,35,0,0,0,0,0,0,91109,88263,89620,90797,47200,47707,6006,4400,3827,2200,2500,2331,0
50000,1,3,2,44,0,0,0,0,0,-2,40151,38951,28984,29422,0,0,2000,2000,2000,0,0,0,0
90000,2,2,1,35,-1,-1,-1,-1,-1,-1,6574,3997,5740,27384,3665,26721,4192,5743,27391,3667,26724,1799,0
150000,2,1,2,28,-1,-1,-1,-2,-1,-1,893,2300,0,0,2222,0,2300,0,0,2222,0,0,0
470000,2,1,1,46,0,0,0,2,0,0,42974,45277,54321,52932,46712,45537,3000,10000,0,6000,5000,10000,0
50000,2,1,2,29,0,0,2,2,0,0,15416,17392,18446,17852,18236,20524,2233,1639,0,672,2602,2000,0
500000,1,1,2,28,2,0,0,0,0,0,216657,174694,165203,136067,16120,93532,8508,4699,623,1590,93469,2554,0
140000,1,1,2,27,0,0,0,0,0,0,7845,12338,13919,14019,4347,4729,5000,3000,300,500,4000,6000,0
360000,2,1,2,39,-2,-2,-2,-2,-2,-2,3377,37305,5721,11379,7939,7081,37500,5749,11436,7978,3566,6109,0
380000,1,1,1,52,1,-1,-1,-1,-1,-2,0,2879,1395,3261,0,0,742,1395,3261,0,0,0,0
150000,2,2,1,40,-1,0,0,0,0,0,4083,10193,12620,13027,17760,83146,6248,4620,3027,7050,75415,6056,0
50000,2,2,1,39,-1,-1,-1,-1,-1,-1,390,390,390,390,390,390,390,390,390,390,390,390,1
200000,2,1,2,32,0,0,0,0,2,0,219146,212111,206307,204787,195475,191626,7950,7700,11800,4000,10000,10000,0
90000,1,4,1,57,-2,-2,-2,-2,-2,-1,0,0,0,0,0,585,0,0,0,0,585,0,0
180000,2,1,2,26,-2,-2,-2,-2,-2,-2,4312,2117,5944,2102,10214,0,2117,5944,2102,10214,0,0,0
120000,2,2,2,54,0,0,0,0,0,0,20157,19295,13531,10129,11581,12782,2000,1500,1500,2000,1782,2000,0
50000,2,3,1,25,2,0,0,0,0,-1,49805,50654,41776,17083,9412,1038,2025,2062,2016,1022,1388,19000,1
500000,2,1,2,28,2,0,0,2,0,0,98541,102052,111690,78070,78376,80912,6000,13151,0,3000,5000,10000,1
170000,1,1,1,41,0,0,0,0,0,0,56742,49176,41969,37409,36214,30798,5019,10041,5012,5024,5012,11174,0
20000,1,1,2,23,1,2,0,0,2,0,18551,17469,18414,20234,18438,18225,0,1576,2396,0,1200,2500,0
20000,2,2,2,34,-1,-1,-1,-1,-1,-1,780,0,390,390,390,12190,0,390,390,390,12190,780,0
20000,1,3,2,23,-1,0,0,0,0,0,9525,16977,18546,18846,18066,17463,8000,2000,900,0,1000,0,0
210000,2,1,2,31,0,0,0,0,0,0,140839,119171,119680,118070,111841,111716,4500,6000,5102,5000,5000,4000,0
10000,1,1,2,38,0,0,-1,-1,-1,-1,8188,6780,390,390,0,780,1000,390,390,0,780,0,0
140000,1,1,2,29,0,0,0,0,0,0,60764,62782,63636,65570,67354,69073,3000,2500,3000,3000,3000,3000,0
50000,1,2,3,35,0,0,0,0,0,0,4943,49411,48859,10076,8442,8610,45200,1285,332,306,308,173,1
130000,1,1,2,54,1,-2,-1,0,0,0,0,0,6244,11108,11428,12233,0,6244,5000,500,1000,1000,0
160000,1,2,2,29,0,0,0,0,0,0,128809,127595,115094,111678,105336,104306,5000,4000,5000,4000,3603,4200,0
50000,1,1,2,25,0,0,0,0,0,2,19456,20486,21241,21788,23281,22756,1645,1400,900,2000,0,1000,0
80000,2,1,1,38,2,-1,0,0,-1,0,389,754,1965,390,985,370,755,1800,0,985,0,399,1
340000,2,1,2,42,0,0,0,0,0,0,374245,357516,334316,307974,318240,289763,15917,10126,1000,10521,279000,11000,1
180000,2,1,2,30,0,0,2,0,0,0,174847,181556,94532,22800,96940,99550,12151,0,2000,75206,4110,1807,1
230000,2,1,2,34,-1,0,0,0,-1,0,18482,22938,3569,2845,1935,6781,5000,1000,0,2000,5000,1000,0
120000,1,1,2,28,0,0,0,0,0,0,35220,38036,38746,40107,41464,42680,3700,1640,2000,2000,2000,1800,0
110000,1,2,2,29,-1,-1,-1,-1,-1,-1,10839,2995,2419,4219,9704,6952,2995,2419,4219,9704,6952,5038,0
50000,1,2,2,24,1,2,0,0,0,0,51116,49042,54439,9753,9952,9352,0,2327,1072,199,9000,298,0
230000,2,1,1,34,0,0,0,0,0,0,124824,102327,103506,100554,103929,107780,10001,5000,4500,5000,6500,4300,0
220000,2,1,2,50,0,0,0,0,-2,-2,216194,222220,225648,-2,-2,-2,11000,10050,2,0,0,0,0
50000,2,4,1,33,2,0,-1,2,0,0,24890,25440,26191,25193,25742,27171,1925,28293,0,1100,2030,0,1
140000,1,3,1,38,2,2,2,2,2,2,110674,131306,127701,135551,135859,134687,22500,0,10000,2600,2300,5300,1
20000,1,3,2,23,-1,-1,-1,0,0,0,1706,6354,6849,4113,3910,2547,6394,6849,82,78,51,16522,0
160000,2,2,1,47,1,-2,-2,-2,-2,-2,0,0,0,0,0,0,0,0,0,0,0,0,1
290000,2,2,1,27,0,0,0,0,-1,0,284298,281970,276346,0,281225,288652,14013,16346,0,281225,11787,12020,0
200000,1,1,2,31,1,-2,-1,-1,-1,-1,0,0,50307,28281,42163,0,0,50307,28281,42163,5040,3036,0
370000,1,2,1,34,-1,-1,-1,-1,0,-1,13854,3366,2671,13780,20652,10876,3382,2684,13795,10103,11020,10684,0
210000,2,2,1,50,-1,-1,-1,-1,-1,-1,390,390,390,390,390,150,390,390,390,390,150,780,1
500000,2,2,1,64,1,-1,-1,-1,-1,-1,493,1086,731,561,618,991,1086,731,561,618,991,933,1
20000,1,2,2,25,2,2,2,2,2,2,150,150,150,1150,1000,0,0,0,1000,0,0,0,0
150000,1,2,1,40,0,0,0,0,0,0,106396,105332,82191,77262,49851,6666,7041,3000,3116,2500,5000,0,0
390000,1,1,2,41,-1,-1,-1,-1,-1,-1,6782,1466,3273,6965,4893,7777,1466,3273,6965,4893,7777,7271,0
240000,1,1,1,36,2,0,0,0,0,2,183360,187637,191846,194485,206747,203388,8600,8700,7200,15500,0,8000,0
20000,1,2,2,46,0,0,0,-2,-2,-2,19401,20650,0,0,0,0,1650,0,0,0,0,0,1
50000,2,2,2,22,-2,-2,-2,-2,-1,0,64498,58261,401,43091,29842,30601,349,595,54061,32384,1234,1500,0
50000,1,3,2,22,0,0,0,0,0,0,45803,46696,15287,7694,7921,8041,2400,1123,500,500,400,500,0
260000,2,3,2,33,0,0,-2,-2,-2,-1,7571,3563,2786,-14,-14,12074,1000,2786,14,0,12088,2021,0
80000,1,1,1,41,3,2,2,2,2,0,7866,8788,8498,9155,8864,9215,1200,0,800,0,500,900,1
70000,1,1,2,26,0,0,0,0,0,0,6121,7064,8143,8507,8869,9220,1200,1200,500,500,500,500,1
100000,2,1,2,26,0,0,0,-1,-1,2,24459,26726,25669,881,57540,55038,3000,1016,2007,57500,2000,0,0
210000,2,1,1,39,-1,-1,-1,-1,-1,-1,4443,3569,1737,2433,3115,3899,3569,1737,2433,3115,3899,2460,1
20000,1,3,2,48,0,0,0,0,2,0,5861,6728,7739,8339,8061,8221,1119,1130,730,0,294,305,0
440000,2,2,1,45,-1,-1,-1,3,2,2,600,-420,417,2217,1321,8879,0,1937,1800,0,8480,0,1
350000,2,1,2,33,-1,-1,-1,-1,0,-1,2383,9911,12149,14774,2154,67081,9911,12149,16928,0,67081,103202,0
200000,2,2,2,27,0,0,0,0,0,0,127843,131352,130884,132142,118084,114281,6579,4734,4368,4183,4227,4066,0
140000,1,1,2,28,-1,-1,-1,-1,-1,-1,639,8358,2620,2073,4732,1131,8358,2620,2077,4732,1131,2114,0
290000,1,1,2,28,0,0,0,0,0,0,162118,150366,148949,141711,122755,216138,6000,6000,5000,10000,100000,7681,0
20000,1,3,1,52,-1,-1,-1,-1,-1,-1,2912,390,780,780,780,390,390,780,780,780,390,780,0
190000,2,2,2,35,0,0,0,0,0,0,158360,113702,95214,95713,97079,97659,4800,4300,3600,3700,4000,3600,0
110000,2,2,2,39,0,0,0,0,0,0,210804,107572,100475,48409,47693,49018,5426,4244,1837,1713,2100,2020,0
250000,2,1,1,42,-1,-1,-2,-2,-2,-2,16240,0,0,0,0,0,0,0,0,0,0,0,0
230000,1,1,1,47,1,-2,-2,-2,-2,-2,0,0,0,0,0,0,0,0,0,0,0,0,0
420000,1,1,2,33,1,-1,-1,-2,-2,-2,-190,6509,0,0,0,0,6699,0,0,0,0,0,0
400000,2,2,2,25,0,0,0,0,0,0,393159,44917,52366,29995,22722,24479,2522,17213,1000,1000,2100,154700,0
100000,1,1,1,45,0,0,0,0,0,0,99626,101446,21300,20091,19299,9346,4600,1429,600,600,1000,1000,0
240000,1,1,1,36,-1,-1,-2,-1,-1,-1,229,-167,-563,254,-142,344,0,0,1213,0,1032,0,0
110000,1,2,2,40,0,0,0,0,0,0,4202,5524,6144,7628,7111,7981,2000,2000,2000,1000,2000,0,0
170000,2,2,1,36,0,0,0,0,0,0,158651,143801,138145,125499,124205,123940,5428,4707,4400,4450,4650,4500,0
160000,1,1,2,31,0,0,0,0,0,0,157303,161498,153226,78511,9808,8358,8055,5045,2280,305,2000,2000,1
60000,1,2,1,33,-1,0,0,0,0,0,4843,8790,12420,14731,21508,7695,5000,5000,4000,4000,3500,3000,0
160000,1,2,1,43,1,-2,-2,-1,0,0,-3,-3,997,1798,800,0,0,1003,1804,202,0,50000,0
130000,2,1,2,47,2,2,2,2,2,2,18454,21121,20484,22145,21652,23138,2976,0,2000,0,2000,0,1
110000,2,1,2,32,1,-2,-2,-2,-2,-2,0,0,0,0,0,0,0,0,0,0,0,0,1
290000,1,1,2,34,-1,-1,-2,-1,-1,-1,1597,-2002,-1001,3999,0,4483,0,0,5000,0,4483,1209,0
80000,1,2,2,28,0,-1,-1,-1,-1,-2,54475,3075,0,6150,0,0,6150,0,6150,0,0,0,0
120000,1,2,2,28,0,0,2,0,0,0,59946,49595,35786,32651,29972,27425,4000,0,1210,1000,1035,2000,0
80000,1,1,2,29,0,0,0,0,0,0,51630,54183,55685,58642,60533,61823,4000,3000,4500,3000,2300,6500,0
30000,2,2,1,38,1,2,2,0,0,0,29803,30766,29918,29071,29527,30480,1734,0,1148,1034,2667,0,0
280000,2,2,1,42,-1,0,0,0,0,0,256675,253682,260274,153516,156830,152045,13000,11000,8000,5866,8000,5616,0
160000,2,2,1,35,0,0,0,0,0,0,96515,139439,141416,112497,119511,119763,50439,6000,5000,9000,4000,4000,0
160000,2,2,1,30,0,0,-2,-2,-2,-2,51400,0,0,0,0,0,0,0,0,0,0,0,0
50000,1,2,2,26,0,0,-1,-1,-1,-1,18838,385,11500,2756,7000,12025,0,11615,2756,7000,12025,1880,0
190000,2,1,2,39,0,0,0,0,0,0,83369,81617,83351,82989,83760,85707,3853,4000,3000,3200,3500,3500,0
350000,2,4,2,53,-1,-1,-1,-1,-1,-1,5095,4815,61044,22611,1385,6043,4840,61349,22687,1389,6058,1153,0
80000,1,2,2,34,0,0,0,0,0,0,66122,92131,47655,43182,44332,45440,2600,4300,2000,2000,2000,2000,0
30000,1,3,2,41,1,-2,-2,-2,-2,-2,0,0,0,0,0,0,0,0,0,0,0,0,0
200000,1,1,2,33,2,2,2,2,2,2,156558,167453,170010,172226,175918,179441,15000,6800,6500,6600,6600,5200,1
280000,1,1,1,39,-1,-1,-1,-2,-2,-1,17489,7542,2219,3008,849,1763,7614,2226,3008,1255,152446,0,0
300000,1,1,1,37,-1,-1,-2,-2,-2,-2,1943,0,0,0,0,0,0,0,0,0,0,0,0
20000,1,2,1,51,0,0,0,0,0,0,14681,14777,15025,16504,17950,19558,1562,1200,2000,2000,2000,3000,0
20000,1,2,2,25,0,0,0,0,0,0,18193,18804,19324,18692,16035,12262,1800,1200,559,532,424,620,0
30000,2,2,2,23,0,0,0,0,0,0,12775,13864,14927,15378,15978,16560,1600,1600,1000,1000,1000,1000,0
280000,2,3,2,47,-1,-1,-1,-1,-1,-1,27572,38918,27000,27000,0,30460,39787,29000,27000,0,30460,5983,0
200000,2,2,2,35,0,0,0,0,0,0,72450,52795,41861,34531,1794,-345,5556,1000,2000,1000,0,0,0
50000,2,2,2,28,0,0,0,0,0,-2,47813,33463,29628,31230,0,0,1900,2000,2000,0,0,0,0
70000,2,2,2,26,0,0,0,0,0,0,35867,28496,28401,22587,24361,25424,3000,3005,3000,3000,1500,1008,0
100000,2,2,2,34,0,0,0,0,0,0,104660,104108,102066,99186,97140,95123,4589,4516,3645,3649,3724,3236,0
360000,2,2,2,28,3,2,2,-2,-2,-2,2500,2500,0,0,0,0,0,0,0,0,0,0,1
80000,1,1,1,37,2,2,2,2,2,2,57844,59038,57501,60424,61811,63142,2700,0,4500,2500,2500,2400,0
500000,2,1,1,39,-1,0,-1,-1,-1,-1,28852,112344,26834,33120,21771,52277,90668,26834,33452,21881,52539,57159,0
150000,2,2,2,33,-2,-2,-2,-2,-2,-2,6806,2774,0,500,399,0,2779,0,500,399,0,0,0
260000,2,1,1,42,-2,-2,-2,-2,-2,-1,6000,4856,4328,15711,0,127395,4570,4353,17767,23209,127395,0,0
410000,2,2,1,35,0,-1,-1,0,-1,-1,11193,1831,13745,6033,8326,8926,1831,13745,121,8326,8926,26392,0
200000,2,2,1,51,1,2,2,0,0,2,93215,95336,93114,94239,99428,101843,4300,0,3365,6700,4000,3500,0
30000,2,2,2,25,2,0,0,0,0,0,10343,11069,12082,12473,12623,27460,1200,1201,592,500,1500,0,1
340000,2,1,2,29,-1,-1,-1,2,0,0,2688,11432,12411,9119,29280,23093,11486,12824,10,29047,6153,3523,0
20000,1,3,1,44,-1,-1,-1,-1,0,0,2522,169,1261,1170,780,390,169,1261,1170,0,0,0,0
30000,1,3,1,44,0,0,0,0,0,0,10056,11387,12192,12986,13775,14393,1500,1300,1000,1000,1000,1000,0
420000,1,1,1,32,1,-2,-2,-2,-1,-1,8120,2205,-94,6300,1047,67631,1011,0,6394,1047,67643,2005,0
70000,2,1,2,30,0,0,0,0,0,2,12196,13291,14563,14625,15589,15189,1300,1500,600,1200,0,600,0
10000,1,2,1,31,0,0,0,2,0,0,6106,7199,10215,9943,9758,9335,1200,4442,0,1200,1200,0,0
250000,2,2,1,44,0,0,2,2,2,0,6107,8837,8535,10647,10352,12788,3000,0,3000,0,3000,3000,0
200000,2,3,1,45,-1,-1,-1,-1,-1,-1,11025,6959,887,1462,15195,17933,6959,887,1462,15195,17933,887,0
90000,2,3,2,33,0,0,0,0,0,-1,130765,98506,94475,39368,34884,424,4800,4000,1000,698,424,26979,0
200000,2,2,1,34,-1,0,-1,-1,-1,-1,795,1795,3618,0,1496,0,1000,3618,0,1496,0,0,1
20000,2,2,2,48,0,0,0,0,2,-1,7684,8565,4519,3520,1680,5285,1200,2008,1680,0,5285,0,0
120000,2,2,1,41,2,0,0,0,0,2,36850,40232,41256,44063,46686,48768,4000,2000,3500,3500,3000,0,1
220000,2,2,1,41,-1,0,0,-1,-1,-1,4016,3962,2908,3054,3054,0,3000,2000,3200,3054,0,0,0
400000,2,1,2,31,-1,-1,-1,-1,0,0,4209,14858,28082,20188,68992,27613,14894,28222,20214,57060,16017,115710,0
360000,1,1,1,37,1,-2,-2,-2,-2,-2,0,0,0,0,0,0,0,0,0,0,0,0,1
240000,1,1,1,39,-1,-1,-1,-1,-1,-1,33984,2300,6904,15980,0,9060,3000,7104,15980,0,9060,3935,0
290000,1,2,1,39,0,0,0,0,0,0,209265,215887,220787,223810,228043,234257,10000,10000,8165,9000,10000,7010,0
30000,1,1,1,40,-1,-1,-1,-1,-1,-1,1047,447,318,258,0,318,447,318,258,0,318,1991,1
180000,2,1,2,28,-2,-2,-2,-2,-2,-2,0,0,0,1430,0,0,0,0,1430,0,0,0,0
280000,2,1,1,38,-1,-1,2,0,0,-1,5165,8559,6455,544,0,4694,6455,11,5,0,4694,5292,1
260000,1,2,2,30,0,0,0,0,0,0,7426,6887,7757,8172,8407,8681,2000,1757,2000,2000,2000,2000,0
240000,2,2,1,36,0,0,0,0,0,0,227797,192920,185654,181350,186501,187457,10011,7722,9000,8000,7000,7000,0
30000,1,1,2,27,0,0,0,0,0,0,27159,27577,28838,28085,28428,29430,1500,1749,1200,1100,1465,1386,0
220000,2,3,1,32,-1,0,0,0,0,0,8178,9509,9110,6401,7084,5625,9140,9046,6007,5030,5019,5018,0
290000,2,2,2,31,0,0,0,0,0,0,172758,176718,181392,173856,172835,176710,8100,9000,6500,7000,6800,7000,0
210000,1,2,1,35,-1,-1,2,0,-1,-1,396,1188,792,396,396,396,1188,0,0,396,396,396,0
310000,2,1,2,27,0,0,0,0,0,0,115126,105687,102306,93929,87681,73479,5222,5197,4000,5000,3980,3271,0
330000,2,2,1,42,-2,-1,2,2,-2,-1,-4,8223,2996,207,-3,500,15450,0,209,3,503,0,1
320000,2,1,2,30,-1,-1,-1,-2,-2,-1,1663,7025,1189,0,2701,2043,7025,1189,0,2701,2043,0,1
210000,2,2,2,33,1,0,0,0,0,0,21854,17376,18796,117846,118877,121476,2269,3000,100004,4000,3687,3500,0
20000,1,2,1,26,1,2,2,2,2,2,11338,10870,12380,11884,12894,12540,0,2000,0,1203,0,1700,0
160000,1,1,1,41,0,0,0,0,-2,-2,97266,99466,102650,0,0,0,3769,5000,0,0,0,0,0
310000,2,2,2,35,0,0,0,0,0,0,184404,180576,175348,139525,139156,115785,6225,5808,4312,4427,4524,4263,0
200000,2,2,1,36,-1,-1,-1,-1,-1,-1,371,37647,371,2977,3784,10579,37647,371,2977,3784,10579,10546,0
100000,2,2,1,39,2,2,0,0,0,0,78353,77726,79151,80249,82405,77011,1200,3400,2900,3500,3000,6100,1
30000,1,2,1,53,0,0,0,0,0,0,18112,18456,19004,19030,24541,26305,1329,1267,683,8000,2731,0,0
20000,1,2,2,40,1,2,2,2,3,2,15476,16533,15975,17903,17336,16910,1600,0,2500,0,0,2000,0
240000,2,2,2,24,0,0,0,0,0,-1,50787,51524,31783,33993,36783,37102,1601,1400,3000,3180,37102,904,0
350000,1,1,2,30,-1,0,-1,-1,-1,-1,18265,31619,2071,2915,1011,23620,16158,2081,2929,1016,23738,919,0
30000,1,2,1,46,0,0,0,0,-2,-2,20328,18944,3395,0,0,0,1582,1033,0,0,0,0,0
20000,2,1,2,25,1,2,0,0,0,0,20420,16592,14400,17000,17000,20000,2,2000,3000,0,3000,0,0
160000,1,3,2,27,1,2,-1,0,0,0,80166,34775,34073,15676,99436,90927,0,142848,1800,90000,3300,3400,1
230000,2,2,2,32,1,-1,-1,0,-1,-1,328,1593,2015,1077,1479,3104,1621,2015,10,1479,3104,1152,0
50000,2,2,2,26,0,0,-1,0,-1,0,49028,49740,780,390,850,18460,2400,780,0,850,18000,1000,0
80000,2,1,2,24,-1,0,0,0,0,0,75356,78236,77700,58025,59527,60778,5000,4176,4000,3000,2141,3000,0
270000,2,2,1,32,0,0,0,0,0,0,116315,119103,122249,123905,105064,105600,6500,6843,6284,3617,3716,4035,0
50000,1,2,2,33,0,0,0,0,0,0,8406,8418,8347,12321,6294,3333,3000,3000,7508,1000,1000,1500,0
230000,1,3,2,39,-1,-1,-1,2,-1,0,948,1156,1728,1156,1172,396,1156,1728,0,1172,0,776,0
210000,1,2,1,40,-1,-1,-2,-2,-2,-2,3180,0,0,0,0,0,0,0,0,0,0,0,0
150000,1,3,1,37,-1,-1,-1,-1,-1,-1,8027,7121,10292,3141,7522,3929,7129,11000,3141,7531,3929,0,0
470000,1,2,1,35,0,0,0,0,0,0,170812,172332,177566,182074,183417,185608,6500,8000,9000,7000,8000,8000,1
20000,1,3,1,38,2,0,0,-1,-1,-1,19868,19805,19900,390,390,0,1515,1000,390,390,0,780,1
400000,1,1,1,35,-2,-2,-2,-2,-2,-2,0,2720,98,44321,1699,0,2720,98,45869,1699,0,2024,0
50000,1,4,1,45,0,0,0,0,-1,0,33634,34770,34948,-52,848,850,2000,1000,0,900,2,1749,0
360000,1,1,1,32,0,0,0,0,0,0,120533,124530,128518,134368,135626,134864,6000,6000,8000,4918,5000,3300,0
270000,1,1,2,32,-2,-2,-2,-2,-2,-2,0,0,0,0,0,0,0,0,0,0,0,0,0
80000,1,3,1,45,2,0,0,0,0,0,75222,131966,68466,68547,59339,32500,2379,6036,1763,1187,650,0,1
210000,1,4,2,45,-2,-2,-2,-2,-2,-2,2563,5854,1032,788,3499,3372,5854,1032,788,3565,3372,15381,0
180000,1,2,1,47,0,0,0,0,0,0,179253,95170,97338,99694,65977,67415,3700,3700,4100,2360,2500,2618,0
330000,1,1,2,65,0,0,0,0,0,0,20727,197441,184973,172124,158958,144889,194000,6710,6223,5671,5274,4657,0
150000,1,2,2,52,-2,-2,-2,-1,0,0,4966,-1390,-4661,129847,131969,134515,1406,133122,136320,5001,5000,5001,0
240000,1,2,1,54,0,0,0,2,0,0,14332,16135,249258,243589,204754,201426,2000,234000,30,7046,7023,10005,0
120000,2,1,2,24,-2,-2,-1,-1,0,0,14709,8158,3529,11050,15811,14774,9326,3538,11050,5313,516,6202,0
20000,2,2,2,26,0,0,0,0,0,0,25451,24025,21148,17767,2692,-956,3000,1500,1035,54,24056,21000,0
50000,2,2,2,23,2,0,0,-2,-1,-1,8730,4388,0,0,5412,6414,1000,0,0,5412,2000,0,1
50000,2,2,1,26,0,0,0,0,0,0,50905,49796,50783,49776,50937,49956,2200,2100,2000,2000,2000,2300,0
30000,2,2,2,22,-1,0,0,0,0,0,2006,3116,28844,25317,25885,25165,1157,25885,1500,2170,1000,1000,0
80000,2,2,2,24,0,0,0,0,0,-1,60423,55120,20407,18839,3810,23836,2007,2000,1014,0,23836,3000,0
160000,2,2,2,24,-1,2,-1,2,-1,-1,2227,316,632,316,316,632,0,632,0,316,632,0,0
70000,2,3,2,22,0,0,0,0,0,0,53443,49938,39926,18648,5022,5935,3000,2500,2500,1000,1000,500,0
130000,2,2,2,26,-2,-2,-1,2,-1,2,90833,2774,740,740,73758,72800,2788,740,0,73758,0,2342,0
180000,2,1,2,26,-2,-2,-2,-2,-2,-2,100,100,100,100,100,100,100,100,100,100,100,100,0
70000,2,2,1,27,0,0,2,2,2,2,68425,71783,72616,68201,50995,48822,6800,3100,15,3850,0,1800,0
500000,2,1,2,27,0,0,-1,-1,-2,-1,3715,2862,827,-4571,-4954,1566,2013,1044,163,5,8007,1282,0
200000,2,1,2,28,1,-2,-2,-1,-1,0,0,0,0,1545,1156,6099,0,0,1545,1156,5000,3000,0
160000,2,2,2,28,-1,-1,-1,0,0,0,1049,2058,2164,3975,3720,5668,2060,2164,2000,1500,2000,1737,0
160000,2,2,1,29,-1,-1,-1,-1,-1,-1,3617,2091,5816,5414,615,25072,2122,5822,5524,615,25139,2100,0
20000,2,2,2,36,0,0,0,0,0,2,12530,13518,14596,15550,16790,17175,1500,1600,1500,1500,800,0,0
20000,2,3,1,42,2,2,2,0,0,0,16478,19187,18592,19431,19993,-1000,2994,0,1238,800,0,1000,1
290000,2,1,1,30,0,0,0,0,0,0,53476,52089,49979,36439,33231,32131,2009,2569,1532,987,1002,1035,0
230000,2,2,2,32,1,-2,-2,-1,-1,-1,-46,-46,-46,4826,4829,1788,0,0,4872,4829,1788,1266,1
200000,2,2,1,30,-1,2,-1,-1,-1,-1,1626,730,3049,700,2423,2210,233,3049,700,2423,2210,1233,0
260000,2,2,1,32,0,0,0,0,0,0,104717,102159,102369,80488,82150,84818,5300,3500,3000,3000,4000,4000,0
20000,2,3,2,28,-1,2,2,2,-1,-1,5741,5155,5754,5150,858,0,0,2294,0,1056,0,935,0
200000,2,2,1,45,-2,-2,-2,-2,-2,-2,1182,0,198,3532,0,0,0,198,3532,0,0,0,0
320000,2,2,2,42,-1,-1,-1,-1,-1,0,2920,2610,9433,2490,2655,1070,2610,9439,2493,2655,0,5682,0
380000,2,1,2,31,0,0,2,0,0,0,66979,70289,69790,71506,74078,77088,5700,2500,3500,5000,5000,3400,0
230000,2,2,2,31,1,2,0,0,0,2,19451,13716,14718,13524,15529,12936,1017,5028,5003,3012,3,3898,0
150000,2,1,1,37,0,0,0,0,0,0,61137,62350,63653,64955,66249,67637,2230,2306,2356,2372,2456,2631,0
30000,2,3,1,48,0,0,0,0,0,0,29757,29059,26386,9370,7290,0,1720,1450,1010,500,0,0,0
240000,2,2,1,35,-2,-2,-2,-2,-2,-2,5391,7375,4908,5638,2582,4127,7375,4908,5638,2587,4127,4942,0
150000,2,2,1,36,0,0,0,0,0,0,339351,133681,100683,147127,79942,71976,7000,3500,3000,5242,3009,4000,0
200000,2,2,1,36,2,2,-2,-2,-2,-2,2500,0,0,0,0,0,0,0,0,0,0,0,1
30000,2,2,1,43,-1,-1,0,0,0,0,661,25166,26195,27209,27924,30204,25166,1437,1451,1166,2900,600,0
170000,2,2,2,30,0,0,0,0,0,0,106667,103955,85601,82963,58547,57080,3458,3426,2711,1779,1940,2000,0
520000,2,1,1,46,1,2,2,0,0,2,133890,106928,37238,36293,55826,34989,5022,0,20000,40000,0,5000,0
440000,2,2,1,33,0,0,0,2,0,0,411970,420142,443407,431200,440000,-6948,15003,30000,0,9000,788,0,0
280000,2,1,2,29,0,0,0,0,0,0,15801,9982,9909,10420,10142,10329,1200,1200,1200,1000,350,300,0
220000,2,1,1,44,2,2,0,0,0,2,34510,33661,34913,36334,38729,39062,0,2100,2000,3000,1100,1700,1
140000,2,2,1,45,0,0,0,0,2,2,53951,55444,57549,60971,61374,63243,3000,3000,5000,2000,3000,2500,0
230000,2,1,2,29,0,0,-1,-1,0,0,23586,6633,2525,146959,150080,153186,5576,2525,146959,4452,4586,5497,0
360000,2,1,1,30,1,-1,-1,-1,-1,-1,-6,1191,23812,3155,-140,27994,1197,23931,3171,0,28134,8402,0
200000,2,1,2,30,0,0,0,0,0,0,59891,60537,61592,59786,58172,59175,3000,2800,3000,2100,2070,1800,0
250000,2,1,2,35,0,0,0,0,0,0,154878,152677,134445,136219,117625,107642,5200,5200,10000,4014,4057,4000,0
150000,2,2,1,49,-1,-1,0,-1,-1,-1,4016,5115,3425,1334,2117,1098,5119,1002,1336,2119,1098,757,0
50000,2,3,1,53,0,0,0,0,0,0,46778,47770,49009,50593,20218,20645,1770,2009,2593,1000,752,1017,1
470000,2,2,1,49,0,-1,-1,-1,-1,-1,3388,1359,7650,6682,1942,0,1359,7650,6682,1942,0,5870,1
420000,2,1,1,45,1,-1,-1,-1,-1,0,0,23621,29042,35000,292962,247622,23621,29052,35000,292962,0,606,0
170000,2,1,1,52,-2,-1,0,0,-1,-1,416,2939,5447,416,7509,6387,2939,3000,5,7509,6387,1666,0
60000,2,3,1,59,-1,-1,-1,-1,-1,-1,694,694,694,694,694,28948,694,694,694,694,28948,1044,0
360000,1,2,1,30,3,2,2,2,2,2,2500,2500,2500,2500,2500,0,0,0,0,0,0,0,1
30000,1,1,2,24,0,0,0,0,0,0,28327,27406,28400,28115,28826,27745,1464,1458,1443,1154,1008,1018,0
350000,1,1,2,29,0,0,0,0,0,0,27916,24973,22752,21010,4470,6838,2001,2010,1082,10506,7034,4573,0
150000,1,2,2,26,1,2,0,0,0,0,156387,148656,150963,152607,103113,96518,0,6000,10000,4000,4000,7000,1
20000,1,2,2,27,0,0,-1,-1,0,0,7320,7761,631,4481,6481,3465,2000,631,4481,2000,300,3332,1
20000,1,2,2,26,0,0,2,2,0,0,15481,18004,19121,18521,18615,19015,3100,1700,0,700,700,860,1
50000,1,2,2,27,-2,-2,-2,-2,-2,-2,0,0,0,0,0,0,0,0,0,0,0,0,0
180000,1,2,2,43,-1,-1,-2,-2,-2,-2,5904,5715,2378,10396,2527,2173,5739,2385,10427,2534,2179,13903,0
80000,1,3,1,41,0,0,0,0,0,0,90894,93167,81146,80674,63110,40376,4000,3200,2606,2431,1779,1000,1
20000,1,2,2,35,0,0,0,0,0,0,19600,19694,19945,20051,19472,19830,1312,1363,1249,1000,2000,1000,1
30000,1,3,2,30,1,2,2,2,2,2,4318,5096,6353,7092,7972,7702,1000,1500,1000,1000,0,1000,0
280000,1,2,1,31,0,0,0,0,0,0,235937,178376,183488,188165,99133,101547,7000,8000,8000,5000,4003,5000,0
360000,1,3,1,27,-2,-2,-2,-2,-2,-2,0,0,0,0,0,0,0,0,0,0,0,0,0
30000,1,2,1,37,2,2,2,2,2,2,19177,20054,20930,21291,20651,22110,1500,1500,1000,0,1801,1000,1
220000,1,2,1,39,1,2,0,0,0,0,4949,4724,6478,7412,7886,8358,0,2000,1200,600,600,600,0
210000,1,1,2,30,0,0,0,0,0,0,137825,140883,145675,149399,150796,88463,5346,7056,7656,5885,3345,3363,0
200000,1,2,2,35,0,0,0,0,0,0,27784,33877,35420,26609,25392,23367,10000,10000,2000,5000,5000,1000,0
500000,1,1,2,41,-1,-1,-2,-2,-2,-2,1296,0,0,0,0,2300,0,0,0,0,2300,0,0
250000,1,2,1,40,1,2,0,0,0,0,65087,62216,39814,34374,34768,38830,0,2000,1871,1265,4643,3214,1
20000,1,1,1,32,2,0,0,0,0,2,12720,13451,14786,15532,16767,17104,1250,1554,1300,1500,750,0,1
200000,1,1,1,42,-2,-2,-2,-2,-2,-2,-6028,10177,10229,7899,4553,4252,20405,10426,8008,4575,4273,9652,0
240000,1,2,1,34,0,0,0,0,0,0,133272,133373,138006,136195,140860,138787,6000,9583,6000,10000,4974,4820,0
520000,1,1,1,38,0,0,0,0,0,0,98615,102085,102762,104865,106947,109507,5102,3800,3803,3822,4277,4868,0
50000,1,3,2,40,0,0,0,0,0,0,43530,43344,46616,48872,19981,16554,2000,4000,4500,2000,1000,3000,1
500000,1,1,2,39,0,0,0,0,0,0,297309,290425,286959,278420,291642,286666,10322,13500,10000,30000,12000,10000,0
460000,1,2,1,51,-1,-1,-1,-1,0,-1,326,827,289,44517,36065,6591,831,290,44558,101,6621,9584,1
270000,1,1,1,61,0,0,0,0,0,0,15194,16934,18533,8855,3140,5140,2000,2000,2000,1000,2000,2000,0
20000,2,2,2,22,1,2,0,0,2,2,9498,9202,10741,12326,11888,9351,0,2000,1800,0,900,0,1
90000,2,2,2,23,0,0,0,0,0,0,87727,89402,88118,87852,49042,49251,3160,3688,4559,1665,1707,1807,0
60000,2,2,2,24,1,-1,3,2,0,-1,0,948,948,632,316,316,948,0,0,0,316,782,1
120000,2,2,2,25,-1,-1,-1,-1,-1,0,827,827,827,827,1654,827,827,827,827,1654,0,0,0
210000,2,2,2,25,-1,-1,0,0,-1,-1,648,34601,30853,13774,3988,0,39637,1371,1000,11197,0,3223,0
100000,2,1,2,30,2,2,2,2,0,0,92162,93769,95163,74656,65718,78474,3800,3420,80,1800,17000,2000,0
180000,2,2,1,40,0,0,0,0,-2,-2,22523,20831,1537,-43,-43,-43,2045,1000,0,0,0,0,0
130000,2,2,2,30,-1,-1,2,-1,0,-1,396,792,396,792,396,396,792,0,792,0,396,396,0
360000,2,2,1,38,-1,-1,-1,0,-1,0,994,0,27566,28558,12495,18906,0,27566,2513,12495,8906,1841,0
200000,2,2,1,39,1,-1,0,0,-1,-1,0,21801,62433,-82,16550,5239,21801,42745,0,16632,5265,0,0
200000,2,2,2,34,0,0,0,-2,-2,-2,19252,10000,0,0,0,0,1000,0,0,0,0,0,0
200000,2,2,1,37,0,0,0,-1,-1,0,97645,99894,97400,4283,145769,143712,3952,4500,4283,148192,5133,5108,0
10000,2,2,2,55,1,2,0,0,0,0,9193,7653,8337,8356,8527,4694,0,1201,1000,171,94,80,1
60000,2,3,1,42,0,0,0,0,-2,-1,29243,31093,26401,326,324,1126,3032,1454,326,324,1130,199,0
30000,1,2,2,31,1,2,2,2,2,2,10916,11940,11462,13263,12758,13545,1500,0,2300,0,1300,800,1
80000,1,2,2,24,1,-2,-2,-1,2,2,-1461,-1461,-1458,16950,16475,19284,0,3,18950,0,5889,0,1
50000,1,1,2,25,0,0,0,0,0,0,49357,49983,50516,50987,48960,48691,2100,2000,2500,2000,1800,2000,0
220000,1,1,2,32,-1,-1,0,-1,-1,-1,13596,34661,29084,31770,3322,32528,34661,11000,31770,3322,32528,139961,0
370000,1,2,1,39,1,2,-1,2,-1,-1,3633,1746,3677,1746,1746,1746,0,3677,0,1746,1746,1746,0
10000,1,2,1,41,-2,-2,-2,-2,-2,-2,3311,7244,3980,0,9263,3693,7244,4000,0,9263,3693,0,0
210000,1,1,1,47,-1,-1,-1,-1,-1,-1,8417,15271,12803,13984,9958,13066,15271,12831,13996,9958,13066,6151,0
270000,1,1,1,39,-2,-2,-2,-2,-1,-1,10648,0,15332,9094,225604,7443,0,3119,9124,225616,7443,69550,0
170000,1,4,1,40,0,0,0,0,0,-2,69072,153837,144225,111983,0,0,100467,50269,3567,0,0,0,0
140000,1,2,2,38,0,0,0,2,0,0,137611,135905,142477,140617,139353,140953,6010,12500,4009,5000,6000,5300,0
30000,2,2,2,21,0,0,0,0,0,0,28409,28530,29435,30841,29434,16565,2000,2000,2000,1765,331,0,0
50000,2,2,1,30,1,2,0,0,-2,-2,27369,6425,4580,0,0,0,0,1050,0,0,0,0,0
20000,2,2,1,38,0,0,0,0,0,0,19520,16247,6687,5165,5060,2180,1623,1262,1101,2180,0,0,0
30000,2,3,2,22,1,2,0,0,0,0,41867,38195,37026,34579,32477,32477,0,2145,1400,1000,0,30305,1
80000,2,1,2,22,0,-1,0,0,0,0,6518,65145,53655,50279,41166,28657,65145,2386,2000,2000,3000,1000,0
60000,2,2,1,23,2,2,2,0,0,0,58032,61026,44438,35619,30210,1527,4800,0,1539,1500,1527,27887,1
100000,2,2,2,23,2,2,2,2,2,2,90680,93267,95189,96332,97560,95885,5000,4300,3600,3700,0,7300,0
50000,2,3,2,23,0,0,0,0,0,0,35158,34364,34212,33886,32929,34549,1544,1861,2004,1324,3768,1,1
100000,2,3,2,24,0,0,0,0,0,2,54938,55621,56999,57748,62489,60984,1985,2664,2700,6700,0,2389,0
30000,2,3,2,24,2,2,0,0,2,2,31073,30279,30428,30485,31012,30402,0,1500,2700,1300,0,1117,1
50000,2,2,1,24,0,0,0,-2,-2,-2,25207,25435,0,0,0,0,1000,0,0,0,0,0,0
130000,2,2,2,24,0,0,0,0,-1,-1,12163,21895,18885,19057,2511,10358,10095,7005,6013,2511,10358,5000,0
150000,2,2,1,24,0,-1,-1,-1,-1,-1,1473,1473,3323,5953,2559,4509,1473,3323,5970,2571,4515,4019,0
70000,2,2,2,25,0,0,0,0,2,2,73939,70488,51152,35122,28633,28039,3000,2000,4500,1200,0,1200,1
100000,2,2,2,24,2,0,0,0,0,0,177646,94299,96389,97571,86202,92282,7900,4500,3800,3500,7500,3500,0
140000,2,2,1,28,0,0,0,0,0,0,62204,65280,56504,53528,42168,25742,7028,6000,5026,5000,3000,2000,0
300000,2,1,2,27,1,-2,-2,-1,-1,-2,-2,-2,0,876,0,0,874,876,876,0,0,0,0
50000,2,2,1,27,2,0,0,0,-1,0,50151,48945,36467,18890,30288,30003,1724,1819,2664,31057,1064,1073,0
30000,2,2,1,27,0,0,0,0,0,0,29083,27227,28327,27831,14215,32635,1500,1938,2000,505,25000,1229,0
120000,2,2,2,27,0,0,0,0,0,-1,57449,38254,23017,14440,4770,1595,1743,1640,1010,95,1595,0,0
50000,2,2,2,27,0,0,0,0,0,0,33944,29194,27862,21229,20178,19275,1513,2000,2000,1000,1000,1000,0
160000,2,2,2,27,1,2,0,0,0,0,156506,157177,157804,157478,156098,156659,7000,6000,7217,6000,6000,6000,0
100000,2,2,2,26,0,-1,0,0,0,0,1734,6645,7725,11246,9755,8260,6649,2704,5250,4,0,24,1
70000,2,2,2,27,0,0,2,2,0,0,25105,27867,28125,28364,29586,30110,3500,1000,1000,2000,1000,1500,0
130000,2,2,1,27,0,0,0,0,0,0,76885,79106,81231,81983,83773,85532,3500,4000,3000,3146,3260,3200,0
360000,2,1,2,29,-1,0,0,0,0,-1,8805,10768,16659,25302,15147,5281,5001,6688,16251,394,5307,5389,0
80000,2,2,1,29,0,0,2,2,0,0,52533,56340,57022,55081,55350,55906,5120,2600,0,2200,2028,3000,0
360000,2,2,2,28,0,0,0,0,0,0,264971,257086,253407,259551,265149,340930,9043,8847,10000,10000,80016,15000,0
120000,2,1,2,27,0,0,0,0,0,0,110994,29177,30212,31226,31844,32513,1471,1506,1520,1138,1180,1345,0
50000,2,1,2,25,0,0,0,0,0,0,3624,4487,4545,6249,6249,6249,1100,1600,2000,0,0,0,0
20000,2,2,2,25,0,0,0,0,0,0,7561,8576,9621,10485,10700,10922,1144,1189,1053,268,277,358,1
110000,2,2,1,25,-1,4,3,2,3,2,96343,93959,91624,96190,95233,97760,0,0,7000,1500,4200,3500,1
340000,2,2,2,30,0,0,0,0,-1,0,257884,254863,24810,27502,3490,99514,13000,2000,5000,3490,99000,5000,0
110000,2,4,2,32,3,2,0,0,0,0,109655,98133,95391,79409,78014,77709,3500,3515,3307,3014,3009,4000,0
90000,2,3,1,29,0,0,0,0,0,0,91116,89047,91595,88197,59822,55345,3500,4000,3002,1974,2000,5000,0
130000,2,2,1,28,0,0,0,0,0,0,115303,113502,111651,102622,96723,98827,4157,4168,5025,3223,4105,4000,0
60000,2,2,1,31,0,0,2,2,2,2,37549,40603,39676,42407,41428,45576,4000,0,3700,0,5000,2000,1
80000,2,2,1,32,-1,-1,-1,0,0,-1,8592,4000,6881,7697,3333,3063,4000,6881,5003,3000,3063,0,0
130000,2,2,2,25,-2,-1,0,0,0,0,51734,77751,93696,79187,116374,120793,77817,79000,3382,103001,6000,4514,0
60000,2,2,2,26,0,0,0,0,0,0,58117,53986,47413,36527,28170,28963,2400,2050,2011,1200,1400,1200,0
50000,2,2,2,26,1,2,2,2,2,3,18253,20539,20616,20977,23287,22637,2900,700,1000,2970,0,0,0
170000,2,2,2,27,0,0,0,0,0,0,80848,83678,28461,13263,3637,4814,8000,2000,1000,1000,2000,1000,0
30000,2,2,1,32,1,3,2,0,0,2,27807,27078,26363,27379,28953,28354,0,0,1758,2332,0,1400,1
200000,2,1,1,31,-2,-2,-2,-2,-2,-2,0,0,0,0,0,0,0,0,0,0,0,0,0
20000,2,3,2,31,0,0,0,0,0,0,5556,3684,4298,3882,3563,3242,1028,1032,1000,72,369,0,0
70000,2,2,1,35,0,0,0,0,0,0,68445,67371,68263,68927,69176,70592,3001,3052,3348,2617,2840,2674,0
140000,2,2,1,41,0,0,0,0,0,2,41814,43616,44710,45661,50880,49934,2500,2100,2000,6000,0,2000,0
30000,2,2,1,38,0,0,0,-2,-2,-2,6061,3656,0,0,0,0,1007,0,0,0,0,0,1
240000,2,2,2,48,0,0,0,0,0,0,234312,231407,233781,220150,190170,194018,9454,10128,8012,6500,7000,7000,1
240000,2,2,2,35,0,0,0,-2,-2,-2,15750,12891,0,0,0,0,1005,0,0,0,0,0,0
100000,2,3,1,32,0,0,2,2,2,2,32200,37211,36338,37698,38074,40295,5884,0,2270,1300,3000,1700,0
320000,2,2,1,39,-1,-1,-1,-1,-1,0,42442,3336,7210,6091,24641,30005,3336,7210,6091,24641,30000,5645,0
130000,2,2,2,29,0,0,2,0,0,0,34529,52868,51457,60045,47696,43677,19000,0,10000,10000,10000,10000,0
50000,2,2,1,45,0,0,0,0,0,0,49375,45390,46210,46549,20084,20264,1721,2321,1660,3000,1004,1003,0
50000,2,2,1,28,0,0,0,0,0,0,43206,42105,40591,31609,29662,24741,2100,2021,1500,1009,1000,1000,0
50000,2,3,3,43,1,2,2,0,0,0,17962,18766,18177,19147,17827,18389,1400,0,1289,800,1000,1000,1
570000,2,1,2,30,0,0,0,-1,0,-1,323085,303794,243673,74003,57763,50852,50468,33372,74085,290,51107,41791,0
90000,2,2,2,26,0,0,0,0,0,0,61982,46323,43710,45474,46369,47623,2000,2100,2500,1650,2000,2000,0
110000,2,2,2,26,0,0,0,0,0,0,45028,46276,47527,48735,49925,50967,2000,2000,2000,2000,2000,2500,0
50000,2,3,1,45,0,0,0,0,0,0,22352,23244,20791,22104,22237,22703,1324,1351,1664,797,825,1030,0
30000,2,3,1,46,-1,-1,-1,2,0,0,2572,8822,5786,2749,28241,26960,8848,5869,0,26965,1066,3196,0
50000,2,3,1,46,-1,-1,-1,-1,-1,-1,65,0,1271,940,110,0,0,1271,949,110,0,558,1
80000,2,3,1,26,0,0,0,2,2,0,6808,8686,11628,12008,11658,12603,2000,3100,1000,0,1000,2000,0
60000,2,3,1,32,0,0,0,0,0,0,63354,65299,67087,27121,26316,26476,3000,3490,1794,1311,953,1390,1
30000,2,2,2,39,0,0,0,0,0,0,29758,30454,30221,29376,29564,28762,1500,1518,1439,1017,1032,1367,0
120000,2,2,1,46,0,0,0,0,0,0,80324,79071,76279,60939,61036,61359,3458,2519,2158,2151,2368,2197,0
80000,2,2,2,31,0,0,2,2,0,0,75953,81055,81587,78103,78335,78678,7000,3000,0,3000,3100,5900,0
120000,2,2,1,38,0,0,0,0,0,2,50721,25967,25949,25619,4456,2714,1667,1967,1650,500,0,1500,0
290000,2,1,2,35,0,0,0,0,0,0,190453,194303,197076,197488,196976,196579,8100,7000,8400,7000,7500,7500,0
220000,2,2,2,46,0,0,0,2,2,0,86957,85577,91266,88051,81803,79286,4000,12000,3100,0,2900,3000,1
60000,2,2,2,42,0,0,0,0,0,0,60902,61078,61160,61055,60895,61587,2350,2532,2510,3250,2900,2630,1
100000,2,2,1,36,0,0,0,0,0,0,25945,21237,16723,15868,8275,5954,4021,3013,4031,3012,2006,3121,0
50000,2,2,1,39,0,0,0,0,0,0,41598,35995,33059,32663,29608,28939,1825,1593,1458,1186,1198,1114,0
80000,2,3,1,40,2,0,0,0,0,0,16413,12171,11554,7830,4305,5427,2160,1500,1218,311,1351,1000,1
60000,2,2,1,36,0,0,0,0,0,0,60333,51838,45728,36441,37336,38138,2100,2000,1700,1500,1400,1500,0
50000,2,3,1,36,-2,2,2,0,0,0,51741,96172,48827,38600,19541,19795,300,5222,2034,744,5200,790,1
120000,2,3,1,39,1,2,2,2,2,2,69830,68108,70415,74443,75527,77171,0,3400,5800,2900,3000,3100,0
200000,2,2,1,48,0,0,-1,2,2,2,26465,20435,8475,8162,10962,7350,1000,8475,0,3000,0,7505,0
80000,2,2,1,38,2,0,0,0,2,0,62622,54613,43232,32361,22382,20509,3208,1964,3428,7,1000,2900,1
20000,2,2,1,25,-1,-1,-1,-1,-1,-1,3454,6875,13936,2816,7419,165,6885,14523,2816,7419,0,16963,1
30000,2,2,1,46,2,2,2,2,2,-1,34713,32875,29088,26788,17014,3000,2000,4,2916,106,3000,0,1
250000,2,2,1,40,0,0,0,0,0,0,121558,126367,130658,79361,81196,83040,6500,7000,4000,3000,3000,4000,0
140000,2,2,2,32,0,0,0,0,0,0,137647,136497,135505,137629,120147,122247,5004,5000,5000,4300,5000,5158,0
50000,2,3,2,47,0,0,0,0,0,0,11961,14259,16028,17760,19462,22141,2500,2000,2000,2000,3000,3000,0
20000,2,2,1,33,0,0,0,0,0,0,17287,13864,14534,9662,8091,0,1572,1242,1020,2000,0,0,0
30000,2,2,2,38,0,0,0,0,2,0,22070,23075,24124,27012,26279,26831,1676,1725,3613,0,975,980,0
340000,2,2,1,36,0,0,0,0,0,0,3058,4087,5129,3142,3210,4153,1087,1129,1052,120,1000,1000,0
50000,2,2,2,29,2,2,2,2,2,2,30715,29923,32700,28768,29639,28629,0,3304,4,2230,0,2009,1
280000,2,2,2,30,-2,-2,-2,-2,-2,-2,0,0,0,0,0,0,0,0,0,0,0,150,0
230000,2,1,2,31,-1,-1,-1,-1,-1,-1,903,1711,1292,885,1292,795,1711,1292,885,1292,795,1035,1
140000,2,1,2,32,0,0,0,0,0,2,97528,99468,101863,105575,122173,116266,3562,4000,5445,20000,0,9010,1
30000,2,2,2,37,2,0,0,0,0,0,25037,18486,19082,19145,15839,9335,2000,2000,2500,2000,2000,4000,0
200000,2,1,1,34,1,-2,-2,-2,-2,-2,0,0,0,0,0,0,0,0,0,0,0,0,0
400000,2,2,1,43,0,0,0,0,0,0,398711,407664,186081,189987,193824,201699,17000,7000,7000,7000,11000,10000,0
20000,2,2,1,46,0,0,0,0,0,0,10640,11252,12277,12287,12140,11990,1185,1600,1000,243,240,619,0
20000,2,3,2,34,1,2,2,2,2,0,19381,20359,19360,20421,19832,18052,1600,300,1700,0,804,1000,0
240000,2,2,1,32,0,0,0,0,-2,-2,153104,102049,105086,0,0,0,4500,5014,0,0,0,1418,0
30000,2,3,1,43,1,2,0,0,0,0,32577,29268,26897,23352,18738,15236,0,1468,1564,591,489,388,0
70000,2,2,1,41,2,3,3,3,3,2,50460,52331,53896,54426,52956,54459,3000,3000,2000,0,2500,2200,1
50000,2,2,1,43,2,2,2,0,0,0,49072,50559,49060,44908,29969,30230,4000,0,2000,1039,1100,1100,0
20000,2,2,2,45,2,0,0,0,0,2,13696,15156,16183,16893,18200,17769,2000,1574,1284,1591,0,644,1
200000,2,3,1,37,-1,-1,-1,0,0,-1,10701,4251,5144,6807,51013,54416,4251,5144,2000,44406,54725,3000,0
80000,2,2,2,56,0,0,2,0,0,2,57730,64934,63325,67711,71984,73672,8198,0,5487,5429,3000,2621,1
50000,2,3,1,43,0,0,0,0,0,0,3238,4672,2865,3878,4809,5726,1500,1056,1069,1000,1000,255,0
50000,2,2,1,38,2,0,0,2,2,2,29989,31184,33850,34495,35129,35918,2000,3500,1500,1500,1500,1500,1
200000,2,2,1,45,0,0,0,0,0,0,144249,144423,139978,126213,93788,94875,6097,8039,5112,5000,5008,4019,0
110000,2,2,1,33,0,0,0,2,2,2,105440,105852,111966,106068,109293,105804,5300,11000,0,8077,0,3947,0
80000,2,2,1,32,-2,-2,-2,-2,-2,-2,1880,1261,1650,3176,3379,1807,1261,1650,3176,3379,1807,2241,0
450000,2,2,2,36,-1,-1,-2,-2,-1,-1,12050,13500,6350,11670,1530,1232,13551,6364,11728,1532,1234,201,0
30000,2,3,1,41,0,0,2,0,0,0,30518,34984,30321,23610,20614,18873,5002,7,1511,5005,5183,5108,0
30000,2,3,1,36,2,0,0,0,0,0,7109,7963,9152,10282,10180,10394,1132,1321,1451,349,362,343,1
30000,2,2,1,33,4,3,2,0,0,2,31087,29545,26270,24966,23834,20859,0,0,2000,2000,0,1200,1
30000,2,2,2,33,0,0,0,0,0,0,30336,29965,28048,29775,27736,26956,3005,2000,3000,3000,2000,2000,0
100000,2,2,1,34,3,2,2,2,2,2,39192,39951,39030,43381,43771,44626,1700,0,5000,1400,1700,300,0
50000,2,4,2,36,0,0,0,0,0,0,46277,42207,20361,17527,17318,17738,2058,1265,5000,700,700,800,0
80000,2,2,1,36,1,-1,-1,-1,-1,-2,4749,6108,2861,3277,3319,1150,6120,2861,3279,3319,1150,1150,0
420000,2,1,1,47,1,-1,-1,0,0,0,0,14165,53697,50081,44875,42691,14165,55732,1563,1594,1454,1535,0
200000,2,2,3,40,0,0,0,-1,0,-1,118728,110699,61827,35902,326,1446,4895,3927,35955,0,5826,4706,1
120000,2,3,1,37,0,0,0,2,0,0,19821,20836,23562,22890,23189,23521,1651,3377,0,976,855,1011,0
210000,2,2,1,43,0,0,0,0,0,0,190693,169931,173389,154440,155592,116249,7000,7000,10005,6193,4231,5000,0
80000,2,2,2,43,0,0,0,0,0,0,72987,72055,70730,68487,57304,41345,2561,2745,2100,1684,4000,3000,0
60000,2,2,1,36,0,0,0,0,0,0,60299,44659,44291,41241,29534,29297,2000,3042,1433,1012,1029,1074,1
200000,2,1,1,49,-1,-1,-1,-1,-1,-1,1248,0,94,1712,9549,1060,0,94,1712,9549,1060,0,0
210000,2,1,2,37,-1,-1,-1,-1,0,-1,349,10128,19631,23906,373,3073,10152,19631,23906,0,3073,7418,1
50000,2,2,1,31,2,0,0,2,0,0,43979,44970,48101,46993,47940,50903,1724,3855,0,1694,3713,2000,0
200000,2,2,1,48,0,0,-2,-1,-1,-2,1002,0,490,902,0,0,0,490,902,0,0,0,0
220000,2,1,1,42,-1,-1,-1,-1,-1,-1,316,316,396,316,32816,316,316,396,316,32816,316,316,0
230000,2,2,1,42,-2,-2,-2,-2,-2,-2,390,390,390,390,1240,4234,390,390,390,1240,4234,2970,0
390000,2,1,1,46,-1,-1,-1,-1,0,0,6570,2287,0,18692,10418,8590,2287,0,18692,1000,172,4801,0
50000,2,3,1,39,0,0,0,0,0,0,38506,36749,32159,25145,17331,17901,2008,3000,2000,1000,1000,1000,0
200000,2,2,2,38,0,0,0,0,0,0,14956,9023,4963,5418,5131,5741,5000,1155,1000,103,1000,109,0
30000,2,2,1,41,0,0,0,0,0,0,39745,27393,26948,27379,22767,4721,1522,1800,1222,1500,1000,0,0
410000,2,1,1,44,-2,-2,-2,-2,-2,-2,-1,1733,-2506,-2506,-2506,-2506,1734,2506,0,0,0,0,0
130000,2,2,1,35,0,0,0,0,0,0,125989,127884,128231,127677,125675,127318,6500,6500,6201,5000,5500,5100,0
50000,2,3,1,47,0,-1,-1,-1,-1,0,1091,390,1554,390,780,390,390,1554,390,780,0,390,0
160000,2,3,1,53,0,0,0,0,0,0,95907,108036,110538,130873,134524,135264,15325,5731,24677,5753,5325,6000,0
140000,2,2,1,49,-1,-1,0,-1,-1,-1,8280,3147,2421,5021,2646,6117,3147,2000,5021,2646,5541,0,1
80000,2,3,1,51,1,2,0,0,0,0,52275,50838,51901,52959,54012,55147,0,1883,1920,1931,2003,2046,1
30000,2,2,1,47,0,0,0,0,0,0,30567,58722,30077,29841,20075,12250,3778,1900,1019,26,1131,1209,0
50000,2,2,1,55,0,0,0,2,2,0,21371,22389,25327,25668,24959,25506,1376,3314,1050,0,1100,950,0
20000,2,3,1,54,1,2,2,2,0,0,7189,6925,8402,9111,9802,10508,0,1600,1000,1000,866,0,0
20000,2,3,1,56,0,0,2,2,3,4,6949,8823,10523,12043,13542,14728,2000,2000,2000,2000,2000,2000,1
240000,2,4,1,59,0,0,0,0,0,0,233918,235404,236564,241075,146440,132290,8357,10001,10000,10000,5000,20000,0
100000,1,2,2,33,0,0,3,2,0,0,35169,39581,38678,37453,38013,0,5328,0,0,760,0,0,0
50000,1,2,2,22,0,0,2,0,0,0,51083,50043,98450,48689,19773,19931,3500,1000,2000,900,900,1000,0
20000,1,2,2,24,2,2,2,0,0,2,14195,15166,14638,15582,17809,17385,1500,0,1500,2500,0,1500,1
140000,1,1,2,27,0,-1,0,0,0,0,29751,143701,138062,86738,43417,37398,143713,5554,3619,3002,1940,2921,0
50000,1,1,2,26,1,2,2,2,2,2,38160,40213,41167,41890,42605,41792,3000,1900,1700,1700,0,2500,1
200000,1,1,2,28,-1,-1,-1,-1,-1,-1,2393,1726,1602,1040,3564,2031,1731,1606,1051,3574,2036,1703,0
20000,1,3,2,28,1,2,0,0,3,2,8055,7777,8805,12647,12173,11855,0,1158,4000,0,0,900,1
50000,1,3,2,27,0,0,0,0,0,0,49684,45435,37636,32034,28133,23860,1961,2075,1294,999,934,849,0
100000,1,1,2,30,0,0,0,0,0,0,100544,101167,101007,97862,79099,79812,4511,3711,3685,2797,2897,3046,1
220000,1,2,1,28,0,0,0,0,0,0,38074,43083,47051,65321,83882,72812,6000,5000,20012,23099,10029,30019,0
70000,1,1,2,28,0,0,0,0,0,0,19728,16923,10076,33079,23188,20937,8000,2000,30000,5000,20000,25000,0
240000,1,2,2,29,-1,-1,-1,-1,-1,-2,390,0,390,780,0,0,0,780,780,0,0,0,0
50000,1,2,1,27,0,0,0,0,0,0,46806,46176,47151,47251,20515,19404,2000,5300,1500,1100,1000,1000,0
50000,1,2,2,29,0,0,0,0,0,0,44177,44820,46022,46903,47837,48383,2070,3000,2000,2000,2000,2000,0
20000,1,2,2,23,-1,-1,0,-1,0,-1,4584,4005,5677,688,1688,61,4005,4078,1237,1000,61,0,1
490000,1,1,2,29,-1,-1,-1,-2,-1,0,264,678,-571,-1796,137158,139345,678,571,1225,140597,6000,3900,0
30000,1,1,2,29,1,2,2,2,2,2,25264,24560,29128,29845,30257,30779,0,5000,1500,1200,1300,0,1
400000,1,2,2,29,0,0,0,0,0,0,79435,75332,128630,69040,64657,54363,3803,2551,2735,2628,1574,1649,0
430000,1,2,2,30,-1,-1,2,0,0,0,28966,29957,29199,30267,49268,48241,5011,0,2000,20000,15000,5000,1
10000,1,2,2,29,0,0,0,0,0,0,9073,9036,7385,7665,7817,7981,1120,1117,1127,279,289,369,0
90000,1,2,2,29,1,-2,-2,-2,-2,-2,0,0,0,0,0,0,0,0,0,0,0,0,1
200000,1,2,2,29,-1,-1,-1,-2,-2,-2,8951,6595,0,0,0,0,9117,0,0,0,0,0,1
80000,1,1,2,31,0,0,0,0,0,0,72840,74631,77329,78147,79785,76766,9000,5000,3000,3000,2501,3000,0
420000,1,1,2,32,0,0,0,2,0,0,90875,91789,89489,87076,55508,57771,4118,14000,0,1837,3010,144204,0
130000,1,1,2,34,0,0,0,0,0,0,30190,31179,30569,28659,26952,15852,1818,2002,1400,600,1000,0,1
170000,1,2,1,34,0,0,0,0,2,2,47956,48854,50068,56691,57367,56322,2000,2000,7500,2200,0,3000,0
30000,1,2,2,34,2,2,2,0,0,2,10522,10148,8587,8366,8528,7030,1200,0,1200,1500,0,460,1
250000,1,1,2,30,0,0,0,0,0,0,73936,106903,174837,81376,61474,27864,40000,85756,35153,4236,6080,88,0
210000,1,1,2,40,-1,-1,-1,-1,-1,-1,325,325,325,325,325,325,325,325,325,325,325,325,1
180000,1,3,1,32,0,0,0,0,0,0,181293,177552,182492,180746,131166,114909,6400,8612,7534,5506,4850,5000,0
30000,1,1,1,42,1,2,2,2,0,0,20214,19596,21972,21321,21897,22395,0,3005,0,930,1000,2000,1
60000,1,2,1,44,0,0,0,0,0,0,59331,54989,53898,54960,56054,55263,2000,2000,1962,1974,2159,2100,0
150000,1,2,2,35,-1,-1,-1,-1,-1,0,13059,11526,18301,15858,2744,2144,11526,18305,15861,2744,0,19682,0
50000,1,3,3,44,2,2,2,3,2,2,41755,40793,44084,44763,44939,46078,0,3949,1700,1200,2000,2000,0
220000,1,2,1,47,2,4,3,2,2,2,233756,216591,197022,198088,187000,179703,3000,0,6000,0,14004,0,1
120000,1,3,1,39,-1,2,2,0,0,3,12190,13091,12591,17366,22064,21432,1400,0,5000,5000,0,0,1
170000,1,1,2,39,0,0,0,0,0,0,138811,136227,136893,122820,120550,102054,5505,4849,4614,4600,3704,4506,0
220000,1,1,2,39,3,2,0,0,0,2,184140,187089,189680,193561,205161,205477,7500,7100,7203,15000,3500,4500,1
480000,1,2,1,31,0,0,0,0,0,0,55346,58411,58883,59452,61168,56931,4000,3000,3000,3000,3000,3000,0
60000,1,3,1,31,1,2,0,0,-2,-2,36243,35369,35320,0,0,0,0,1027,0,0,0,0,0
80000,1,2,2,33,2,2,0,0,0,0,24928,24229,25832,27394,29922,31879,0,2000,2000,3000,2600,0,1
200000,1,3,2,48,0,0,0,0,-1,-1,87035,79529,67675,56519,11884,14343,2915,2646,2208,12503,14869,0,0
50000,1,2,2,25,0,0,0,0,0,0,50479,48294,48735,45036,19246,18872,1649,11890,1367,668,675,673,1
80000,1,2,1,43,0,0,0,0,0,0,44620,33729,40350,38812,33459,31650,1582,15350,1491,3459,1650,9028,0
300000,1,1,1,42,-1,-1,-1,-2,-2,-2,1653,1734,0,0,0,0,1734,0,0,0,0,0,0
30000,1,2,2,35,1,3,3,2,0,0,25601,26886,26185,25470,25751,27179,2000,0,0,1000,2000,1000,0
140000,1,2,1,49,0,0,0,0,0,0,35815,36800,37344,37933,38522,38519,1590,1926,1911,1500,1541,1559,0
50000,1,2,1,33,0,0,0,0,0,0,28086,29088,25692,24336,20243,18995,1500,2000,1410,1000,1000,1000,0
20000,1,2,1,38,0,0,0,0,0,0,14966,16278,17012,17992,18350,18738,1565,1299,1279,637,663,1469,0
40000,1,2,1,38,3,2,0,0,2,0,38291,37380,38180,40524,39720,39860,0,1706,3050,0,1565,1278,1
190000,1,2,1,39,2,2,2,2,0,0,166611,170196,172122,167858,171192,174937,7820,6100,0,6127,6503,6500,1
50000,1,3,1,43,0,0,0,0,0,0,50444,49654,49921,50512,20071,20277,2000,2050,1641,1000,1000,1000,0
210000,1,1,2,40,-1,-1,-1,-1,-1,-1,1535,2652,179,1326,1326,1326,2652,179,1326,1326,1326,4182,1
90000,1,2,2,29,0,0,0,-2,-2,-2,70559,51550,0,0,0,0,3000,0,0,0,0,0,0
30000,1,2,1,32,0,0,0,0,0,2,12452,13439,14420,15838,17331,16973,1500,1500,2000,2000,0,3600,1
220000,1,3,1,39,2,2,2,2,2,2,175808,179399,183039,185541,187984,191837,8000,8000,7000,7000,7000,0,1
110000,1,2,2,32,0,0,0,0,0,-2,42015,38897,29059,20799,-1961,-1961,1575,1377,1007,0,0,66296,0
10000,1,3,1,41,1,4,3,2,0,0,10711,10399,10092,9700,10000,9900,0,0,0,302,0,0,0
230000,1,2,1,34,-1,-1,-1,-1,-1,-1,1344,-6,2190,3475,1791,2993,0,2196,3485,1796,3002,2601,0
50000,1,3,2,43,-1,-1,-1,0,-1,-1,4166,4166,4216,4166,4166,4166,4166,4216,4116,4166,4166,4166,0
50000,1,2,1,40,1,2,0,0,0,0,49039,47949,49235,49577,17063,17634,0,2058,1400,762,1000,650,1
500000,1,1,1,46,0,0,0,0,0,0,11471,13270,14245,15199,20980,18255,2000,1500,1219,6000,1000,1000,0
30000,1,1,2,38,1,2,0,0,0,0,96258,69707,71904,62630,57406,46231,0,4000,5000,8000,1460,40000,0
400000,1,1,1,38,1,2,2,2,-1,0,36838,26214,16199,3320,111353,103569,65,3383,20,112679,3699,3567,0
500000,1,2,1,38,0,0,0,0,-1,0,49201,59372,49677,49515,42568,48268,30107,10026,7241,50091,25000,5078,0
50000,1,2,1,45,0,0,0,0,0,0,50297,49944,48030,32097,31450,29695,1939,1547,1464,1078,1225,1500,0
50000,1,2,1,33,0,0,0,0,0,0,49916,50240,26443,30768,10778,10989,2000,2000,5000,1000,1000,0,0
150000,1,1,2,37,2,2,2,2,2,2,36148,36858,35985,38687,37765,40352,1600,0,3300,0,3200,1700,1
430000,1,1,2,34,0,0,0,0,0,0,416678,424740,434836,378571,228568,232668,16005,18016,16005,9005,9013,8010,0
190000,1,3,1,34,0,0,0,0,0,0,187780,189924,192232,186472,190262,193403,6781,7071,6744,6866,7203,7182,0
110000,1,2,2,40,0,0,0,0,0,0,106455,109191,110937,108869,43207,42954,6000,5000,3814,2000,1600,1600,0
170000,1,2,1,39,0,0,0,0,0,0,142509,143339,125864,112300,110371,113685,5000,20000,6000,5000,5000,3000,0
320000,1,1,1,51,0,0,0,0,0,0,483184,290784,277482,282869,253903,249866,20373,13000,11160,8418,8325,8602,0
30000,1,2,1,49,-1,-1,2,-1,-1,-2,390,1358,578,340,-50,-440,1936,0,340,0,0,0,1
20000,1,3,1,53,3,2,2,7,7,7,2255,2255,2255,2255,2255,2255,0,0,0,0,0,0,1
80000,1,3,1,53,1,2,0,0,0,0,9637,7251,8026,3878,3618,0,0,1088,1000,1000,958,1210,0
360000,1,2,1,50,-2,-2,-2,-2,-2,-2,28595,0,2500,0,0,0,0,2500,0,0,0,0,0
330000,1,2,1,52,0,0,0,0,0,0,120212,119507,118891,107722,96842,85015,5000,5000,5000,5000,3500,5000,0
50000,1,3,1,57,2,0,0,0,0,0,18275,18494,16978,16282,17363,8833,1509,2003,1200,1281,1512,2308,0
10000,1,2,1,50,1,2,0,0,0,0,10171,8150,8446,8067,8227,8400,2,1281,1134,294,305,1000,0
190000,1,3,1,50,0,0,0,0,2,0,102648,106410,108770,115325,112063,114484,5400,5491,9800,0,4300,8700,0
140000,1,1,1,56,-1,-1,-1,-1,-1,-1,1862,7465,1744,1700,1700,4584,7465,1744,1700,1700,4584,1550,0
30000,1,3,1,54,3,3,3,2,0,0,29391,30224,29472,56952,28476,28296,1600,0,0,600,600,1000,1
360000,2,2,1,33,-1,-1,-1,0,0,-2,21730,20000,8660,10013,-24,-24,20000,8660,1510,0,0,5189,0
240000,2,1,2,28,0,0,0,0,0,0,233441,236496,242446,207633,197644,193724,9000,10307,9014,6029,6014,6034,0
20000,2,2,2,22,1,-1,-1,-2,-2,-2,3843,396,0,0,0,0,2000,0,0,0,0,0,1
30000,2,1,2,24,0,-1,-1,0,0,0,30900,410,28883,24291,27503,28142,410,28883,1710,6000,1200,1175,1
50000,2,2,2,24,2,2,2,2,2,2,49397,50388,51450,47867,51045,51118,2100,2200,0,4300,2100,0,0
400000,2,1,2,30,0,0,0,0,0,0,153655,156309,137701,191514,121092,166173,26876,10134,85450,10140,88097,10086,0
110000,2,2,2,24,-1,-1,-1,-1,-1,0,1183,1362,1352,1867,36986,40053,1362,1352,1867,36986,5000,3000,0
190000,2,2,2,25,0,0,0,0,0,0,26023,24995,23130,28126,26104,18840,1615,1200,26703,2104,7000,11747,0
70000,2,2,1,25,0,0,0,0,0,0,67574,69876,56925,28421,8706,29275,3839,2000,3000,1100,28000,1180,0
60000,2,2,1,25,2,0,0,2,0,0,33598,34733,37460,36558,37945,38782,2000,3600,0,2000,1600,1600,1
30000,2,3,2,22,2,2,0,0,0,0,29793,29008,29047,29507,11609,11711,0,1687,1147,524,400,666,1
100000,2,2,2,24,0,0,0,0,-1,0,7094,8249,7911,17716,1002,1518,1439,2000,10070,1002,1000,500,0
250000,2,2,2,26,0,0,0,2,2,2,124353,132251,148597,135715,76113,26366,10000,19888,2500,10302,17500,3000,0
230000,2,2,2,24,-2,-2,-2,-2,-2,-2,0,0,0,0,0,0,0,0,0,0,0,0,0
20000,2,2,2,25,0,0,0,0,0,0,18519,20195,19638,17198,14253,18475,2000,1376,1121,460,6000,624,0
60000,2,2,2,25,0,0,0,0,0,0,36081,37194,38116,39902,58737,56902,2500,2000,3000,20000,3000,2000,0
130000,2,2,2,25,0,0,0,0,0,0,111587,112348,114734,117823,120854,123904,4100,4200,5000,5000,5000,10700,0
60000,2,2,2,23,0,0,0,0,0,0,57097,58134,58647,59619,57068,57668,2659,2190,2078,2002,2062,2072,1
60000,2,3,1,25,0,0,0,0,0,0,60340,58556,57251,57826,22544,26675,2200,2600,2300,3000,5000,2000,1
20000,2,2,2,25,0,0,0,0,0,0,15389,16397,17195,17499,16236,10400,1270,1341,1160,556,600,0,1
130000,2,2,1,26,0,0,0,0,-2,-2,2783,131860,130000,0,0,0,130000,3000,0,0,0,0,0
120000,2,1,2,26,-1,-1,-1,-1,-1,-1,594,1052,736,420,2189,1482,1052,736,420,2189,500,0,0
210000,2,1,2,26,0,-1,-1,-1,-1,-1,10401,18480,330,330,330,330,18480,330,330,330,330,480,0
50000,2,2,2,27,0,0,0,0,0,0,48492,48356,32904,28864,29708,29921,1600,1715,2000,3010,2000,1100,0
80000,2,2,1,26,0,0,-2,-2,-2,-2,13465,20577,10424,4898,847,1342,20587,10759,4995,847,1344,4774,0
80000,2,2,2,24,2,2,2,2,2,2,22453,23787,23124,26700,27064,27685,2000,0,4300,1100,1200,0,1
130000,2,2,2,26,0,0,0,0,0,0,187600,185945,183828,164667,132746,57989,6074,6037,4646,4230,1941,2151,0
230000,2,2,1,28,-1,-1,0,0,0,0,1736,67982,72938,54105,18744,5148,68000,7064,4106,5075,1000,4080,0
210000,2,2,1,27,2,2,2,0,0,0,170646,174134,167095,161573,122362,116243,7800,16,6800,3800,5134,4000,1
10000,2,2,2,27,1,2,0,0,0,0,5150,4922,5941,6984,7120,7267,0,1257,1300,400,410,420,0
140000,2,2,1,29,0,0,0,0,0,0,100064,95224,104440,88467,71519,63150,6029,30000,7981,3000,3000,3000,0
50000,2,1,2,28,-1,-1,-1,-1,0,0,390,390,390,39685,40109,41303,390,780,39685,1337,5000,4696,1
340000,2,2,1,26,0,0,0,0,0,0,95878,97594,99835,102801,106263,98797,4500,5000,6000,7000,6000,30000,0
80000,2,1,2,29,2,2,2,2,2,0,54313,57988,59271,60013,58453,60155,4600,2800,2300,0,2800,6300,0
150000,2,2,2,28,0,0,0,0,2,2,49278,50156,51849,54659,55681,53878,2000,2500,4300,2500,0,2800,0
50000,2,1,2,28,-1,-1,-1,-1,-1,-1,5953,1044,2450,248,198,0,1044,2450,248,198,0,2890,0
50000,2,2,2,29,2,2,2,2,2,0,43629,46376,45354,49086,48027,49037,3790,0,4500,0,1751,1736,1
60000,2,3,2,26,0,0,0,0,0,0,27402,26455,28017,25011,28143,24712,1500,4022,1500,3500,1000,1000,0
10000,2,2,1,41,3,2,2,7,7,7,2400,2400,2400,2400,2400,2400,0,0,0,0,0,0,1
360000,2,1,2,31,3,2,2,2,2,2,2500,2500,2500,2500,2500,2500,0,0,0,0,0,0,1
20000,2,3,1,43,2,0,0,0,0,0,18310,18739,19411,20209,19880,4341,1300,1500,1257,456,149,191,1
60000,2,2,1,33,0,0,0,0,0,0,50696,54841,56444,53183,55288,55782,5000,2500,2000,3000,2700,2500,0
310000,2,2,2,31,2,0,0,0,2,2,137171,141486,144515,154587,156565,153965,6600,6800,14000,6000,0,5800,1
50000,2,2,1,37,0,0,0,0,0,-2,29969,17791,12592,5022,780,390,1281,1099,1009,10000,0,17458,0
380000,2,2,1,31,1,-2,-1,-1,-2,-1,3491,3859,8796,7991,5310,14655,3878,8863,8007,5362,14695,24446,0
30000,2,2,1,35,1,-2,-1,0,-1,0,0,0,12403,17849,4935,6491,0,12403,8359,4935,3000,1000,0
50000,2,2,2,44,0,0,0,0,-1,0,27200,10605,10355,9853,2917,1473,1172,1202,1000,2917,29,390,0
400000,2,2,2,32,-2,-2,-2,-2,-2,-2,6464,-270,-770,-761,-2710,187552,1692,0,9,11,194541,7015,1
150000,2,2,2,34,0,0,0,0,0,0,18631,18831,15729,11907,14103,14413,3000,3000,1353,5000,3000,5000,0
50000,2,1,1,30,1,2,0,0,0,0,49061,46783,42977,36737,19865,16499,1406,2000,1317,700,599,604,1
150000,2,2,2,32,6,5,4,3,2,2,81341,79529,77757,75841,73678,77273,0,0,0,0,4874,1000,0
500000,2,3,1,36,-2,-2,-2,-2,-2,-2,27866,1062,27610,18133,2506,169233,1062,27648,25012,2506,169233,11952,0
300000,2,2,1,36,-1,0,0,0,0,0,6447,14383,15576,16524,17096,12144,10000,2000,1500,1000,1000,1000,0
120000,2,2,1,42,2,2,3,2,2,3,25809,29366,28615,29347,30868,30099,4300,0,1500,2300,0,0,1
150000,2,2,2,36,1,2,0,0,2,0,93658,84029,77836,75277,66249,60021,0,3000,6000,0,2066,1837,1
50000,2,1,1,43,0,0,0,0,0,2,49819,49390,50612,29975,30559,29433,2227,2449,1778,2382,0,1251,1
30000,2,2,1,35,1,-1,0,0,2,0,0,741,1775,3040,2843,3052,741,1034,1299,0,255,106,0
210000,2,1,1,38,1,-2,-1,-1,-1,-1,0,0,517,-1,932,1066,0,517,0,933,1066,462,0
350000,2,3,1,36,0,0,0,0,0,0,42548,41593,40375,37959,36416,34875,2000,2000,2000,1200,1200,1500,0
150000,2,1,2,30,0,-1,0,0,-2,-2,7674,432,2232,0,0,0,432,2000,0,0,0,5757,0
230000,2,4,2,47,-1,-1,-1,2,-1,-1,8394,5743,1336,255,5425,4838,5743,1598,0,5425,4838,3840,0
70000,2,3,1,43,2,2,0,-1,0,0,85863,78125,68899,69131,29289,29898,0,1378,70000,1185,1220,1119,1
30000,2,2,2,49,0,0,0,0,2,2,15013,15856,18083,20275,20445,20971,1400,2500,2500,800,1000,800,0
190000,2,2,1,31,1,-1,-1,2,-1,-1,-92,465,3022,1397,1554,1561,2000,4000,0,1600,1600,1700,0
130000,2,2,1,33,0,0,0,0,0,0,84963,83958,84906,85690,85892,87996,2980,4012,3885,3158,4704,3218,0
150000,2,1,1,31,0,0,0,0,0,0,138121,145763,134887,105822,86341,88072,10001,6712,5500,3400,3201,3403,0
30000,2,2,1,32,0,0,0,0,-2,-2,17168,28655,29239,9435,724,724,12155,2000,1920,724,724,3294,1
220000,2,2,2,47,0,0,0,0,0,0,137736,130527,127116,121336,121736,119164,5100,6540,5000,5000,5000,4600,0
20000,2,2,1,46,1,2,0,0,0,0,13254,12749,13834,14894,15050,16251,0,1600,1600,700,1601,1620,1
360000,2,2,1,35,0,0,0,0,0,-2,127548,61629,59194,59444,-2206,-2206,2145,3721,2839,1303,0,0,0
200000,2,1,1,37,0,0,0,0,2,2,37958,40487,41590,43967,44722,46032,3023,1600,2900,1600,2000,0,0
300000,2,1,1,38,-1,-1,-1,-1,-1,0,2884,3558,2778,2778,5367,2589,3558,2778,2778,5367,0,3661,0
150000,2,4,2,36,0,0,0,0,0,0,144833,141559,80614,110343,64419,18536,6041,13013,64442,3000,2000,4000,0
60000,2,2,1,30,1,2,0,0,2,2,14135,13616,16065,18092,17504,19216,0,3000,2300,0,2000,0,1
40000,2,2,2,33,0,0,0,0,0,0,34253,34954,36093,36891,37019,40734,1567,2000,2000,1318,4610,0,0
100000,2,2,2,34,0,0,0,0,0,0,22173,22776,23837,24166,24216,24901,1372,1829,1554,1000,1000,586,0
150000,2,2,2,28,-1,-1,-1,-1,-1,0,326,326,326,326,652,326,326,326,326,652,0,326,0
30000,2,2,2,42,-1,-1,2,-1,-1,-1,836,1672,836,390,390,390,1672,0,390,390,390,0,0
220000,2,1,2,29,-2,-2,-2,-1,-1,-1,0,799,0,5501,3816,15448,799,0,5501,3816,15448,4179,0
30000,2,1,2,31,0,0,0,2,0,0,28803,28635,30217,28919,29302,28603,1800,3600,0,1500,1500,3300,0
130000,2,2,1,35,0,0,0,0,0,0,80713,93349,68158,69208,54677,59601,28000,3500,3000,3000,10000,3500,0
300000,2,2,1,36,0,0,0,0,0,0,147051,138726,139649,104245,56788,57920,6700,5800,5000,2200,2200,2600,0
100000,2,2,1,36,1,2,2,2,2,0,32196,31379,33862,35007,34147,35437,0,3000,2000,0,2000,3500,1
20000,2,2,1,35,2,0,0,2,2,2,5890,7282,9455,9154,10001,10046,1500,2454,0,1000,350,0,1
60000,2,2,1,48,0,0,0,0,0,0,50806,50980,51874,51808,16941,17295,2000,2100,1400,600,1000,1000,1
120000,2,1,2,35,-1,-1,-1,-1,0,-1,2776,2549,2558,2577,249,1976,2549,2558,2577,0,1976,1000,1
80000,2,3,1,42,0,0,-2,-2,-2,-2,71650,0,0,0,0,0,0,0,0,0,0,0,0
70000,2,2,2,38,1,2,2,2,2,2,21047,22102,22949,23275,23596,23078,1700,1500,1000,1000,0,2100,0
440000,2,3,1,49,0,0,0,0,0,0,386288,367400,347445,354373,307773,293357,14453,12611,13022,10572,10270,10722,0
130000,2,3,1,44,0,0,0,0,0,0,122264,125756,129159,127727,130334,0,3541,3497,2875,2607,0,0,0
70000,2,3,1,38,1,2,0,0,0,0,59020,57400,21868,13514,14303,14211,50,1379,1500,1000,1000,1000,0
80000,2,3,1,30,2,2,2,2,2,2,40654,41687,42719,43018,44013,45058,2000,2000,1300,2000,1900,1900,1
410000,2,1,2,31,0,0,0,0,0,0,309531,313646,270317,209076,191671,192848,11270,15325,9099,7016,7703,100000,0
180000,2,1,2,32,-1,-1,2,2,0,0,10831,17816,18247,33230,5168,0,7201,1000,0,103,0,0,1
120000,2,1,2,29,-1,2,-1,-1,0,-1,632,316,316,632,316,316,0,316,632,0,316,782,1
50000,2,2,2,30,0,0,0,0,0,0,35758,36664,30897,14693,247,0,3000,3000,5000,0,0,0,0
310000,2,2,1,30,-1,0,0,0,0,0,13768,17520,21218,40531,41630,51983,4000,4000,20003,3027,20006,10056,0
140000,2,1,1,30,1,-2,-2,-2,-2,-2,0,0,0,0,0,0,0,0,0,0,0,0,0
260000,2,1,2,30,1,2,0,0,0,0,96549,94114,96689,101023,93738,96218,0,5000,6000,5000,4000,8000,0
170000,2,2,2,39,0,0,0,0,0,0,161277,162706,166677,167049,38377,33668,5856,7424,7169,1241,1187,1396,0
80000,2,2,1,41,-1,-1,-1,-1,-2,-1,390,390,390,-390,0,1560,390,780,0,390,1780,0,1
240000,2,2,2,43,0,0,-1,-1,-1,-1,225159,216829,27620,24873,24511,24000,20000,27662,24873,24511,24000,37645,0
290000,2,2,1,49,-2,-2,-1,2,0,0,-236,-236,11764,11186,6863,6179,0,12000,0,0,0,0,0
80000,2,2,1,48,0,0,0,0,0,0,49526,48304,27864,27033,27617,26761,1740,1800,1500,1000,965,1500,0
210000,2,1,1,41,1,-2,-1,-1,-2,-1,-28,-28,3330,0,0,300,0,3358,0,0,300,0,0
110000,2,2,1,40,0,0,0,0,0,0,23303,23978,22369,20608,20608,20606,1511,1772,1320,750,745,747,0
50000,2,3,1,40,0,0,0,0,-1,0,117191,48729,49929,-596,28348,30530,2325,2525,283,29334,3000,2000,0
50000,2,3,1,35,0,0,0,0,0,0,49930,48261,49027,49564,28609,28302,2300,3000,2503,1500,1204,2000,0
120000,2,2,1,34,0,0,0,0,0,0,119287,116995,114061,116067,116294,118759,4400,4137,4400,4320,4500,4600,0
440000,2,1,1,40,0,0,0,0,0,0,416044,424528,434015,434419,393135,385578,16500,17500,17000,14500,14500,13500,0
340000,2,2,1,44,0,0,0,-1,0,0,240851,171731,61404,114807,114560,85272,8297,4951,199726,4476,3257,3497,0
210000,2,2,2,41,0,0,0,0,0,0,165425,169174,171459,177590,180147,184084,8000,6500,9000,7000,7000,7000,0
130000,2,1,1,46,0,0,0,0,0,-1,15393,16624,18932,22001,3403,3859,1593,3000,4000,0,3860,249,0
340000,2,1,1,43,0,0,0,0,0,0,15928,18338,20035,24238,20315,16378,3000,2000,5000,1000,723,5000,0
60000,2,2,1,35,2,2,2,2,2,2,3167,5601,5366,6772,6515,7906,2500,0,1500,0,1500,0,0
360000,2,1,1,37,-1,-1,-1,-1,-1,-2,5625,367,1726,396,-66,-66,368,1734,398,200000,0,150000,0
190000,2,1,1,43,2,0,0,0,0,0,191869,193660,174848,124776,92684,100151,7305,6099,4793,3684,12251,1265,0
120000,2,1,2,30,0,0,0,0,0,0,170263,157881,160796,160168,156165,158850,5520,5700,5815,5500,5522,6000,0
500000,2,1,1,50,-1,-1,-1,-1,-1,-1,21794,12574,12608,-134,22466,1969,12610,12694,0,22600,16837,0,0
320000,2,2,1,53,0,0,0,0,0,0,319711,33589,34608,38544,44486,52319,3000,3000,6000,8000,10000,1900,0
200000,2,3,2,63,-1,3,2,-1,-1,-1,632,632,316,316,316,316,0,0,316,316,316,316,1
340000,2,1,1,56,-1,-1,-1,-1,0,0,5610,5399,12347,8612,5479,0,5399,12353,8619,0,0,0,1
360000,2,2,1,54,0,0,0,0,0,0,277688,271867,272796,279597,253333,253737,10450,10414,11330,9081,9500,9000,0
50000,2,2,1,55,2,0,0,0,0,0,41696,41768,42561,42871,7606,11267,1674,2079,2001,500,4423,4000,1
300000,2,3,1,62,-2,-2,-2,-2,-2,-2,0,0,0,0,0,0,0,0,0,0,0,0,0
70000,2,3,2,60,0,0,0,0,0,0,10083,11091,12117,13125,13407,13692,1184,1210,1218,500,500,543,0
80000,2,2,1,61,0,0,0,0,0,0,74156,73878,64656,60537,42610,42769,3000,2506,3008,3000,2000,3000,0
60000,2,3,3,64,0,0,-1,-1,0,0,15463,14046,218,12716,10686,10400,1410,218,12723,483,600,9132,0
160000,2,2,1,58,-1,-1,-1,-1,-1,-1,1443,1443,1443,1443,1443,1443,1443,1443,1443,1443,1443,1443,0
60000,1,2,1,46,0,0,0,0,0,0,57487,59228,60040,58722,19790,19250,2706,3004,1475,690,1000,1200,0
80000,1,2,2,29,-1,0,0,-1,0,0,10278,5991,4457,75743,76343,76567,1085,1000,75743,2667,3395,1772,0
500000,2,1,2,51,1,-2,-2,-2,-2,-2,0,0,0,0,0,0,0,0,0,0,0,0,0
80000,1,1,2,24,0,0,0,0,0,0,77225,75429,71977,56023,47582,48039,3649,2502,2205,1702,1800,1908,0
80000,1,4,2,24,0,0,0,0,0,0,52991,50195,44410,22649,20650,0,2121,2358,3123,1500,0,0,0
50000,1,2,2,24,1,2,2,2,2,2,25932,24924,22599,24613,23922,25481,1800,0,2700,0,2100,0,0
10000,1,2,2,22,1,2,2,2,2,2,6829,6571,8950,8658,9413,9117,0,2500,0,900,0,971,1
20000,1,2,2,25,0,0,0,-2,-2,-2,17584,20000,0,0,0,0,3000,0,0,0,0,0,0
50000,1,2,1,25,0,0,0,0,0,0,42238,43259,35307,23096,18970,19514,1807,1405,1366,1000,1000,1000,1
110000,1,2,2,25,0,0,2,0,0,2,23459,27157,26549,34222,44062,45036,4000,0,9000,10700,1700,0,1
130000,1,2,2,22,0,0,0,0,0,0,120479,98341,132260,127335,51104,50536,5601,103012,3965,3508,3011,3033,0
180000,1,2,2,27,0,0,0,0,0,0,147310,152047,143809,112323,112208,113887,7503,30018,4011,3802,4106,4006,0
80000,1,2,2,26,-2,-2,-2,-2,-2,-2,2970,-10,-10,-10,16587,0,0,0,0,16597,0,0,0
80000,1,2,2,25,2,0,0,0,0,-2,76915,78270,79693,20335,0,0,3149,3039,1550,0,0,0,0
50000,1,2,2,28,1,-1,0,0,0,0,-727,50268,50860,40580,44532,46442,53860,3000,5000,5000,3000,1784,0
70000,1,2,2,28,1,2,2,2,2,2,26357,27223,27492,28738,27977,30022,1600,1000,2000,0,2500,0,1
10000,1,3,2,23,0,0,0,0,0,0,5807,6974,7838,9002,9182,9729,1270,1134,1298,478,847,0,0
50000,1,1,2,26,0,0,0,0,0,0,48924,48593,49459,50160,49244,50531,2200,2200,1890,2000,2000,1800,0
450000,1,1,2,29,1,-2,-2,-2,-2,-2,1261,1261,1261,1261,1261,1261,1261,1261,1261,1261,1261,1261,0
240000,1,2,1,33,1,2,2,0,0,2,172618,174842,141471,39578,46489,45632,6765,0,2000,7592,0,140000,0
110000,1,1,2,27,0,0,0,0,0,0,87487,90120,93661,96185,99667,102978,5000,5000,5000,5000,5000,4000,0
50000,1,2,1,29,3,2,2,4,4,4,400,400,400,400,400,400,0,0,0,0,0,0,0
60000,1,2,2,28,2,2,2,0,0,0,61743,62197,59892,60228,57969,55220,2800,0,3000,3000,3000,23000,1
100000,1,2,2,28,2,0,0,0,2,0,58566,56770,56300,54288,25759,25775,5100,2825,5000,0,2000,0,1
50000,1,3,1,32,2,2,3,2,2,2,38023,39589,40160,40796,41526,42209,2500,1500,1600,1700,1500,3600,1
90000,1,2,1,34,0,0,0,0,0,0,86371,85679,87036,88742,49148,48396,3073,3700,3374,1543,1405,1500,1
390000,1,3,1,49,0,0,0,0,0,0,282849,281836,284397,284241,285615,282611,12000,13000,12000,12000,10266,9800,0
10000,1,2,1,40,3,2,2,3,3,3,1050,1050,1050,1050,1050,1050,0,0,0,0,0,0,1
280000,1,2,2,32,0,0,0,0,0,0,35038,36558,39070,40545,42995,46278,2000,3000,2000,3000,4000,7200,0
50000,1,2,1,45,0,0,0,0,0,2,14488,15798,16867,17759,19354,17726,1558,1627,1519,2114,0,600,0
170000,1,2,1,36,1,2,0,0,0,0,158954,139482,139869,139956,141431,149946,7,6513,6548,5300,11001,0,0
50000,1,2,1,43,0,0,0,0,0,0,25387,25435,23268,23365,19602,18462,1374,1418,1295,677,669,686,0
50000,1,3,2,45,0,0,0,0,0,0,35962,34725,33219,31688,29425,29747,1857,1851,1820,1057,3300,0,0
80000,1,1,2,33,2,2,2,2,2,2,67206,65537,69361,67647,72524,74068,0,5500,0,6000,3000,0,1
140000,1,1,2,32,0,0,0,0,0,0,130134,131475,137236,121914,71210,72778,5000,8000,5485,5000,3000,2000,1
70000,1,2,2,32,0,0,0,0,0,0,71336,70393,131412,63823,52339,40836,3609,2523,2441,3038,2029,70004,1
510000,1,1,2,32,0,0,0,0,0,0,63573,62933,62320,61012,60519,58856,2900,3000,2400,2500,1800,1900,0
50000,1,3,1,45,1,-2,-2,-2,-2,-2,0,0,0,0,0,0,0,0,0,0,0,0,1
280000,1,2,2,31,0,0,0,-2,-2,-2,4821,3469,0,0,0,1047,1017,0,0,0,1047,56970,0
20000,1,2,1,35,1,2,0,0,0,2,5659,5422,6283,7454,8181,7905,0,1107,1278,1005,0,300,0
120000,1,2,1,45,0,0,0,0,0,0,52574,47092,44208,32652,24115,20399,2000,2000,1256,1000,750,623,0
100000,1,2,2,36,0,0,0,0,-2,-2,2069,3521,5399,0,0,0,1500,2000,0,0,0,1700,0
70000,1,1,2,30,0,0,0,-1,0,0,16163,1050,0,21280,21625,22275,1000,0,21280,1000,1000,1200,0
360000,1,3,2,42,0,0,0,0,0,0,52460,40764,31185,25603,20394,29138,3000,3000,5000,5000,19138,1000,0
100000,1,2,2,30,0,0,0,0,0,0,55776,44953,46922,48677,49496,51010,3000,3000,3000,2000,2000,2000,0
130000,1,2,1,48,3,2,2,2,3,3,120326,121877,118491,131444,133248,131001,5000,0,15000,5327,22,10,1
170000,1,1,1,39,-2,-2,-2,-2,-2,-2,0,0,905,0,0,0,0,905,0,0,0,0,0
140000,1,2,2,33,0,0,0,0,0,0,279184,259478,25020,21629,18367,15161,7000,2000,2000,2000,2000,2000,0
50000,1,2,2,44,0,0,0,0,0,0,50677,76727,78937,50205,30506,29860,4000,4695,2300,2500,2000,3000,0
170000,1,2,1,40,-1,-1,-1,-1,-1,-1,4599,3409,3790,2578,2100,2400,3409,6530,2578,2100,2400,6665,0
50000,1,3,1,29,0,0,0,-1,-1,-1,9527,9907,9660,880,990,780,2000,1092,880,990,780,0,0
180000,1,2,1,43,0,0,0,0,0,0,158843,152507,143489,146139,73718,137304,6029,7035,10007,20000,4000,10000,0
150000,1,1,1,34,1,-1,-1,-1,-1,-1,0,347,-13,4085,4006,826,347,0,4098,4006,826,3146,0
260000,1,1,2,36,-2,-2,-2,-2,-2,-2,16751,5877,427,-73,-73,-73,10000,10000,0,0,0,0,0
170000,1,3,1,39,0,0,0,0,0,0,54397,55501,56823,56269,48558,45690,2009,2239,2067,1594,1576,1503,0
140000,1,1,1,36,0,0,0,0,0,0,39598,40836,41878,42977,43960,45093,2200,2001,2100,2000,2000,2000,0
150000,1,2,2,32,0,0,0,0,0,0,151594,139114,92720,86468,79600,80866,4523,3500,3500,3000,2776,4019,0
280000,1,1,1,34,0,0,0,0,0,0,188698,353481,152132,138990,136778,137641,6337,6000,4974,5041,5215,7000,0
110000,1,2,1,48,2,2,2,0,0,2,65070,69480,67800,69182,73431,72132,5500,0,2512,5400,0,3000,1
150000,1,2,2,33,0,0,2,2,2,2,53224,57297,52714,56329,57311,56265,5000,0,4500,2500,0,2500,0
350000,1,2,1,37,0,0,0,0,0,0,219376,221056,224591,255247,259512,283724,7669,7957,35300,9247,29459,20000,0
130000,1,1,2,37,0,0,0,0,0,0,91390,88381,89091,91212,29441,29683,5000,3424,4193,1042,1100,1080,0
160000,1,3,2,31,0,0,0,0,0,0,50901,53859,55814,59726,61615,65939,4000,3000,5000,3000,5000,2000,0
110000,1,1,1,36,2,0,0,0,0,0,36152,37246,38340,39018,40122,41069,2000,2000,1500,1500,1500,1135,1
210000,1,2,1,41,2,2,2,2,2,2,85639,87705,90376,90687,91888,93852,4200,4800,2500,3900,3400,3400,1
250000,1,1,1,47,-2,-2,-2,-2,-2,-2,0,0,0,0,0,0,0,0,0,0,0,0,0
220000,1,2,2,39,0,0,0,0,0,0,103159,91253,81847,79489,77040,78892,5000,3000,4000,3000,3000,3000,0
20000,1,3,2,61,3,2,2,-1,0,0,1930,1742,-780,1170,780,0,0,0,1950,0,0,1320,0
100000,1,2,1,44,0,0,0,2,0,0,11509,11119,12376,4419,2946,1473,1270,3000,0,0,0,3230,0
500000,1,1,1,44,0,0,0,0,0,0,48533,49623,50969,52182,52821,53927,2200,2447,2660,2100,2109,2000,0
360000,1,1,1,37,-2,-2,-2,-2,-2,-2,-40,8147,1564,4941,2666,588,8187,1571,4965,2679,590,529,0
50000,1,2,1,46,-1,-1,-1,-1,-2,-1,4270,1600,3106,0,0,1370,1600,3106,0,0,1370,3930,0
300000,1,2,1,35,0,0,0,2,0,0,142378,146621,153217,154879,156692,154911,8000,10800,6000,6000,6000,6000,1
130000,1,2,1,37,-1,-1,-1,-1,-1,-1,923,1632,545,1262,1019,530,1632,545,1262,1019,530,1518,0
20000,1,1,1,36,0,0,0,2,0,0,16736,17834,20025,28806,14463,18668,1700,4000,300,10000,5000,1000,0
120000,1,2,2,45,0,0,0,0,0,0,123772,121289,116645,119191,116549,119507,6000,5800,6000,4400,5000,4800,0
100000,1,1,2,33,0,0,0,0,0,0,68073,64109,65302,73056,74034,44825,5000,3200,10000,10000,10000,10000,0
360000,1,3,2,34,0,0,0,0,0,0,304883,301286,258122,255309,233946,235916,15000,9221,9225,8112,8369,9000,0
20000,1,2,2,39,0,0,0,0,0,0,13231,14306,15370,16411,16839,17267,1300,1300,1300,700,700,700,1
120000,1,2,2,51,2,2,0,0,0,0,137965,128953,126516,123530,95921,88090,0,4940,4806,4107,4026,85750,1
10000,1,3,1,50,0,0,0,3,2,2,4674,6422,9145,8854,8563,9918,2000,3000,0,0,1500,0,0
100000,1,3,1,56,1,2,2,2,2,2,51021,53878,54046,52193,55151,55873,4388,2000,0,4212,2126,0,0
140000,1,3,1,50,0,0,0,2,0,0,143090,139095,147204,139896,136922,130098,5411,16000,0,5341,4830,4621,0
60000,1,2,1,57,0,0,0,0,0,0,59617,47807,35136,34163,27197,26528,3099,3000,5005,2000,4001,3016,0
80000,1,3,1,52,0,0,2,2,0,0,27308,29536,31756,30946,31830,0,3000,3000,0,1700,0,0,0
190000,1,2,1,50,1,2,2,2,2,2,19871,19259,21734,21087,22732,22228,0,3100,0,2000,0,1900,1
300000,1,3,1,57,1,-1,-1,-1,-1,-1,0,176,1269,11347,369,860,176,1269,11347,369,860,0,0
150000,1,1,2,52,0,0,0,0,0,0,227634,356216,247706,239805,242653,39496,18000,12370,6552,6936,395,0,0
350000,1,1,1,55,-1,-1,-1,-1,-1,-1,3297,11634,12952,39274,5474,14837,11637,12991,39278,6000,14837,931,0
330000,1,1,2,54,-2,-2,-2,-2,-2,-2,3027,2379,1803,909,3854,1509,2386,1894,911,3865,1513,0,0
420000,1,1,1,54,-2,-1,2,-1,0,0,1003,1632,629,13371,12383,8260,1632,0,13371,15,0,2512,0
30000,1,3,1,54,0,0,0,0,0,2,13693,14757,15815,16788,17787,17363,1600,1600,1540,1580,0,700,1
90000,1,2,1,57,0,0,0,0,0,0,10635,10889,10953,11155,15210,19425,3007,3000,3000,5000,6000,8000,0
480000,1,2,1,58,0,0,0,0,0,0,470310,472072,475509,466730,469490,398335,16898,17546,15921,15981,14420,14230,0
200000,1,2,1,66,-1,-1,2,-1,-1,-1,389,778,389,389,389,775,779,391,390,390,776,1,1
200000,2,1,2,31,1,-2,-2,-1,-1,-1,3028,1431,1818,4192,6066,1616,1473,1818,4192,6066,1616,2512,0
110000,2,1,2,31,1,-2,-2,-2,-2,-2,0,0,0,0,0,0,0,0,0,0,0,0,0
50000,2,3,2,27,2,0,0,-1,-1,-1,13979,11243,4396,3120,1805,16820,1261,1396,3125,1805,16820,3000,0
50000,2,1,2,26,0,-1,-1,-1,-2,-2,4197,934,252,-570,-570,-1000,1000,252,0,0,0,0,1
230000,2,3,3,30,-1,-1,-1,2,0,-1,291,763,2403,2205,1210,291,763,2403,0,0,291,291,0
450000,2,1,1,36,-2,-2,-2,-2,-2,-2,3961,2483,74,-73,14590,-70,2495,100,0,14663,0,14121,0
180000,2,2,2,24,-1,-1,-1,-1,-1,-1,316,316,316,316,316,316,316,316,316,316,316,316,1
50000,2,2,1,22,0,0,0,0,0,0,48560,49644,47247,42541,19716,20145,2000,2003,1298,1000,800,879,1
40000,2,2,1,25,0,0,0,0,0,2,40633,40633,40311,39380,41389,40628,1950,4300,2000,2938,0,3700,1
180000,2,2,1,30,1,-1,-1,-1,0,0,1591,150,8834,19565,14170,9017,150,8857,19565,502,3000,2707,0
20000,2,1,2,23,0,0,0,0,0,0,19422,17545,18163,19146,18331,18736,1300,1400,1300,700,700,1000,0
20000,2,2,2,22,0,0,0,0,0,0,15847,16885,18418,18915,17639,0,1300,1803,1300,1333,0,0,0
310000,2,1,1,36,0,0,0,0,0,0,157173,160555,170288,175252,177855,181846,6000,12398,7814,7000,7000,6597,0
20000,2,1,2,22,0,0,0,0,0,0,23050,22101,20912,19480,19129,20014,1336,2502,1700,807,2002,1007,0
20000,2,2,2,22,1,2,0,0,0,3,15712,15162,16188,17212,19363,18771,0,1276,1300,2443,0,0,0
20000,2,2,2,22,0,-1,2,-1,-1,-2,10294,3203,199,2780,0,0,4000,0,2780,0,0,0,1
80000,2,2,2,23,0,0,0,0,-1,-1,38587,27558,23470,21539,14578,11766,5000,5000,10006,14614,11766,18000,0
30000,2,1,2,22,0,0,2,2,2,2,18324,20986,20808,18908,19556,19148,3300,1300,0,2300,0,900,0
30000,2,3,1,23,2,2,2,0,0,2,15003,15955,15410,17149,18362,18919,1500,0,2000,1500,1000,700,1
150000,2,2,2,23,-2,-1,0,0,0,0,956,66470,66187,65419,61645,64189,66470,2451,2543,5000,4189,10000,0
50000,2,1,2,23,0,0,0,0,0,-1,40756,48482,47226,11151,-2897,48211,10000,2500,3002,1500,52000,1900,1
80000,2,2,2,23,1,-1,-1,2,0,-1,-1678,75061,3647,2173,390,780,78000,3647,0,0,780,0,0
30000,2,2,1,28,2,2,2,2,0,0,21588,20942,23691,23012,26105,30500,0,3100,0,3500,5000,1000,1
30000,2,3,2,23,0,0,0,0,0,0,28371,28238,28963,29991,22876,22177,2000,2000,2000,2000,2000,2000,1
30000,2,1,2,24,-2,-2,-2,-2,-2,-2,0,0,0,745,0,0,0,0,745,0,0,930,0
80000,2,1,2,23,1,-2,-2,-2,-1,-1,0,0,0,0,826,1803,0,0,0,826,1803,0,1
20000,2,1,2,24,-2,2,2,2,2,0,18252,19650,19054,20285,19563,17899,2000,0,2000,0,356,3431,1
210000,2,2,2,23,0,0,0,0,0,0,9987,14769,16658,21032,19497,3510,5000,5000,5000,8000,2000,4209,0
50000,2,2,2,23,0,0,0,0,0,0,37259,32822,20669,4510,2893,2000,1750,1150,1000,300,400,800,0
30000,2,1,2,24,-1,0,0,0,0,0,19998,21212,18127,14439,11026,10523,3001,2013,2001,2002,1500,20000,0
50000,2,2,2,25,0,0,0,0,0,0,49173,50141,96860,48803,19324,19668,1800,2100,2600,1000,1000,1000,0
70000,2,2,2,22,0,0,0,0,0,0,53399,49108,49674,44568,31156,30954,1841,2243,1467,1076,1096,1494,0
30000,2,2,2,22,0,-1,-1,0,0,-1,3077,390,1946,2503,0,780,390,1946,1000,0,780,1160,0
70000,2,2,2,23,2,3,2,2,0,0,64655,63031,64440,62816,63473,65112,0,3000,0,2300,2661,2035,0
20000,2,2,2,23,0,0,0,-2,-2,-2,8936,9700,0,0,0,0,1000,0,0,0,0,0,0
100000,2,1,2,26,1,2,2,2,0,-1,3144,2949,4480,764,528,933,0,1795,0,13,933,3000,0
130000,2,1,2,23,-2,-2,-2,-2,-2,-2,0,0,0,0,0,1250,0,0,0,0,1250,0,0
20000,2,2,2,26,0,0,0,0,0,0,16976,17687,18894,19693,19894,3473,1300,1500,1250,451,160,69,0
130000,2,2,2,25,1,2,0,0,0,0,136963,133293,133207,131578,101612,101650,0,6867,5660,3800,3677,3620,0
60000,2,2,2,24,-1,2,-1,0,0,0,3485,2488,20956,22462,21476,23164,0,24419,2018,15000,2000,2000,0
100000,2,1,2,25,0,0,0,0,2,0,13201,14671,16120,18588,13272,13549,2000,2000,2786,0,639,700,0
140000,2,1,2,26,0,0,0,0,0,0,131863,136170,139270,137548,96340,94201,6500,6799,5100,3300,3400,7461,0
70000,2,4,1,26,0,0,0,0,0,0,71993,71158,70557,37209,28905,28455,2851,3500,1500,1300,1100,1000,0
60000,2,2,1,26,0,0,0,0,0,0,28768,29510,30389,24914,25408,25941,1524,1403,1500,908,941,946,0
50000,2,3,1,24,0,0,0,0,0,-2,27172,28078,21165,1515,0,0,1390,1650,1000,0,0,0,0
60000,2,2,1,24,2,2,0,0,0,0,28600,27073,27396,27499,28060,27472,0,1460,1439,1000,1014,1078,1
130000,2,2,2,25,0,0,0,0,0,0,14351,10473,9429,10413,7874,7158,2000,3000,3000,4000,1000,2000,0
50000,2,1,2,24,0,0,0,0,0,0,33879,35211,36263,37061,37943,42305,1900,1918,1700,1500,5000,0,1
70000,2,2,2,22,0,0,0,2,0,0,32845,31377,31420,30940,24765,25942,3100,6000,1125,1300,3000,2500,0
50000,2,2,1,26,0,0,0,0,0,0,49855,51099,51192,50895,19535,20093,4100,3000,3500,1000,1000,1100,0
60000,2,2,2,24,0,0,0,0,0,0,29832,18628,15069,15761,5879,-2879,1538,1308,1000,118,1329,41378,0
210000,2,2,2,24,-2,-2,-2,-1,-1,-1,973,4197,1772,7293,1508,2498,4224,2631,8132,1563,2506,2135,0
300000,2,2,2,28,-1,-1,-1,-2,-2,-1,603,4728,0,0,0,279,4747,0,0,0,279,423,0
150000,2,1,2,24,-2,-2,-2,-2,-2,-2,2901,0,0,0,0,0,0,0,0,0,0,0,1
160000,2,2,2,25,0,0,0,0,0,0,156753,153392,143297,140984,120742,115637,10000,8000,7000,5000,5000,5000,0
10000,2,1,2,24,0,0,0,0,0,2,5707,6728,7865,7105,8298,8020,1123,1260,1500,1470,0,1500,0
180000,2,1,2,28,0,0,0,0,0,0,171237,172787,174667,176618,141697,143738,8000,7000,7000,5010,5200,6000,0
80000,2,2,2,25,1,-1,-1,-1,-2,-1,0,9000,380,0,0,363,9000,380,0,0,363,0,0
150000,2,2,2,26,0,0,0,0,0,0,11474,15023,17467,19789,20173,21696,5001,3000,2616,1000,2000,1000,0
20000,2,1,2,25,-1,-1,-1,-1,-1,-1,1983,326,3242,1206,326,326,326,3242,1206,326,326,326,0
400000,2,2,1,24,0,0,0,0,0,0,187790,176294,190256,89128,39276,23440,5519,44776,1502,2026,1015,52100,0
210000,2,2,2,26,0,0,0,2,0,0,107948,107525,108971,96011,87644,82077,5407,9145,12,3004,3000,4370,0
380000,2,2,2,27,0,0,0,0,-2,-2,118624,118871,120550,550,100,550,3700,3011,550,100,1000,736,0
120000,2,2,1,26,-1,-1,-1,-1,-2,-1,9267,29600,1980,0,0,10853,29600,1980,0,0,42138,26341,0
260000,2,1,2,26,-1,-1,2,0,0,2,1608,19948,20330,21369,22728,21983,29447,1000,1700,2000,0,1500,0
80000,2,1,2,26,0,0,-2,-1,-1,0,4301,0,0,2883,1856,2856,0,0,2883,1856,1000,2000,0
200000,2,2,2,24,0,0,0,0,0,0,225931,229787,233553,206398,145825,140249,8271,8182,6576,5073,5095,5172,0
80000,2,1,2,25,-1,-1,2,-1,-1,-2,746,4824,690,6097,0,0,4830,0,6097,0,0,2169,0
160000,2,3,2,26,0,0,0,0,-2,-2,2454,3488,4443,0,0,0,1083,1038,0,0,0,97502,0
90000,2,2,2,26,0,0,0,2,0,0,86183,87561,92996,89866,48574,41746,4100,8548,0,1527,1617,1490,0
80000,2,2,2,27,0,0,0,2,0,0,78933,78244,81584,78795,79402,80385,3400,6900,0,2800,3100,3000,0
190000,2,2,1,28,0,0,0,0,0,0,4639,4718,5610,7300,4694,2250,1100,1610,2310,2000,1000,300,0
90000,2,2,2,26,1,2,2,2,2,2,50200,49092,53295,53826,54548,55525,0,5000,2000,2200,2000,2500,0
90000,2,2,2,26,1,2,2,2,2,2,86335,88520,90311,91431,92840,91205,4500,4100,3500,3800,0,3500,0
200000,2,1,2,27,-2,-2,-2,-2,-2,-2,0,127,133,386,393,286,127,133,386,400,286,500,0
50000,2,1,2,23,-1,-1,-2,-2,-2,-2,2332,0,0,0,0,0,0,0,0,0,0,0,0
20000,2,2,2,22,0,0,0,0,0,0,15499,16505,35110,19495,19019,18134,1270,1320,2260,784,1000,2000,1
80000,2,2,1,30,-1,-1,-1,-2,-1,-1,36968,390,0,0,19688,5800,390,0,0,19688,5800,0,0
100000,2,2,2,25,0,0,0,0,0,0,62665,63694,65169,66501,66818,69335,2300,2500,2500,2500,3500,2602,0
130000,2,2,3,25,-1,2,2,-2,-1,-1,3148,1574,0,0,12677,30582,5,0,0,12677,30582,0,1
320000,2,1,2,28,-2,-2,-2,-2,-2,-2,4392,11684,1127,1943,13312,-5,11700,1135,1952,13375,5,0,0
130000,2,1,2,27,0,0,0,-2,-2,-2,49964,50000,0,0,0,0,1000,0,0,0,0,0,0
200000,2,1,2,26,-1,0,0,0,0,0,73508,73303,71674,12701,8855,9133,3100,2548,2050,3006,2000,137,0
80000,2,1,2,23,1,2,2,0,0,0,80457,82885,80495,78027,30052,30373,4350,0,2350,1048,1077,1154,1
300000,2,1,2,26,-2,-2,-2,-2,-2,-2,0,0,0,0,0,0,0,0,0,0,0,0,0
30000,2,1,2,27,0,0,0,0,0,0,25552,26135,27407,29002,26806,25948,1800,2000,2500,1500,1000,2000,0
130000,2,2,2,25,1,2,2,2,2,0,11446,12562,12075,15844,15295,16885,1600,0,4300,0,2000,2000,0
200000,2,2,2,26,0,0,0,0,0,0,22737,12169,14328,16222,9915,11226,3000,6000,3000,2003,3101,530,0
240000,2,2,2,26,0,0,0,0,0,0,210437,212486,205728,205275,192059,195620,9016,10000,9000,6600,7100,7500,0
300000,2,1,2,29,-2,-1,-1,0,0,0,25370,18078,21245,36737,37071,24930,21250,23005,35012,25000,24000,24000,0
420000,2,1,2,29,0,0,0,-2,-2,-2,52898,16200,0,0,0,0,3000,0,0,0,0,84363,0
220000,2,1,2,28,0,0,0,0,0,0,157215,161006,165222,168145,169162,172041,6502,8100,8200,6000,6200,6200,0
200000,2,1,1,28,-1,-1,-1,-1,-1,-1,1878,576,4251,1358,300,0,576,4251,1358,300,8909,5670,0
140000,2,1,2,29,0,0,0,0,0,0,58971,18772,20354,23409,26440,28507,7062,2354,3409,3440,2507,4572,0
420000,2,1,2,27,0,0,0,0,0,0,41354,45723,33124,31987,23703,22776,7004,9000,7000,5000,5000,10433,0
50000,2,1,2,28,0,0,0,0,0,0,36917,38098,36700,37319,37633,40307,2100,2000,1700,1307,3400,1500,0
200000,2,2,2,28,0,0,0,0,0,0,59373,55040,54414,53504,53670,45539,6002,3008,2006,2045,1346,1196,0
30000,2,2,1,28,0,0,0,0,0,0,25344,26614,27878,29103,29426,29907,2000,2000,2000,1100,1088,1124,0
160000,2,1,2,26,0,0,0,0,0,0,118204,121695,125724,129157,130567,144266,6000,5030,6000,4000,15000,5000,0
50000,2,1,2,30,0,0,0,0,0,0,31205,23646,24418,25938,27067,28193,2000,2000,2000,1500,1500,1500,0
70000,2,1,2,27,-1,2,-1,-1,-1,-1,6851,2720,4885,11889,0,4280,0,4885,11889,0,4280,20600,0
250000,2,2,1,28,2,0,0,0,2,0,28245,29468,31488,34060,33213,34670,2000,2500,3100,0,2000,8000,1
280000,2,1,2,29,0,0,0,0,0,0,149312,152323,155568,158775,162035,165522,5500,5700,5800,5900,6100,6100,0
190000,2,2,2,27,2,2,2,2,0,0,3902,4686,5459,6214,7104,8973,1000,1000,1000,1000,2000,2000,1
350000,2,1,2,30,-2,-2,-2,-2,-2,-2,856,187,375,187,242,184,187,376,187,243,184,828,0
120000,2,2,1,27,0,0,0,0,0,2,85492,83567,78276,78971,80907,79219,3500,4326,3000,9000,0,3000,1
180000,2,1,2,28,-1,-1,2,0,0,0,390,1345,955,1565,2175,2159,1345,0,1000,1000,400,1000,0
140000,2,2,2,28,0,0,0,0,0,0,129925,131624,133763,133195,101298,101601,6200,6600,4225,3800,3816,4000,0
50000,2,1,2,27,1,-1,-1,-1,0,0,0,45000,1000,4874,5374,5874,45000,1000,4874,500,500,0,1
320000,2,2,2,28,1,2,2,0,0,0,23595,23906,22035,22015,21163,25806,2000,0,2007,1000,5000,2000,1
230000,2,1,2,31,-2,-2,-2,-2,-2,-2,49279,4646,5419,4379,2455,34517,4674,5449,4407,2455,34517,8495,0
60000,2,2,1,31,-1,-1,-1,-1,-1,-1,44912,11409,-61506,3859,415,415,144047,365,73000,415,415,50136,1
300000,2,1,2,28,1,-2,-2,-2,-2,-2,0,0,0,0,0,0,0,0,0,0,0,0,0
360000,2,1,1,31,0,0,0,0,0,0,15121,6656,6722,8605,28405,-105,5006,2000,4000,20000,5000,4000,0
200000,2,1,2,28,1,2,0,0,0,0,205683,196807,191752,178560,170092,161850,0,9025,8030,5639,6054,5100,1
180000,2,1,2,27,-2,-2,-2,-2,-2,-2,0,0,0,0,0,0,0,0,0,0,0,0,0
310000,2,1,2,28,0,0,0,-1,-1,-1,37085,23506,12191,13775,12377,34458,3817,1000,13775,12377,34458,1269,0
50000,2,1,2,28,0,0,0,0,0,0,48211,41670,42710,43399,44261,45188,1971,2011,1700,1585,1641,4000,0
120000,2,2,2,29,0,0,0,0,0,0,61470,63335,66278,68928,67963,67900,3000,3500,3500,1902,2091,3000,0
90000,2,1,2,29,2,2,2,0,0,0,7052,9370,9078,10267,10350,10564,2605,0,1500,550,529,531,1
230000,2,2,2,31,0,0,-2,-1,0,0,4908,0,0,51750,51295,53257,0,0,52066,2000,3000,3000,0
60000,2,2,1,28,1,2,2,2,2,2,61474,59121,63389,60919,57800,58698,0,5229,18,3779,1764,0,0
210000,2,1,2,28,-1,-1,0,0,0,0,2568,52720,107861,112533,118699,41329,52720,57861,12533,8699,1329,13580,0
200000,2,2,2,30,0,0,0,0,0,0,38616,40612,32801,14664,17092,18820,3040,1306,3400,3000,2000,0,0
470000,2,2,2,30,0,0,0,0,0,0,216031,203735,181531,52119,48386,35425,7513,5552,1781,3021,3008,3015,0
130000,2,4,2,39,-1,-1,-1,-1,-1,-1,264,264,264,264,0,678,264,264,264,0,942,0,0
200000,2,2,2,32,-1,-1,2,-1,0,-1,2261,298,298,13764,5290,924,298,0,13764,0,924,6635,0
30000,2,2,2,28,0,0,0,0,0,0,25150,26253,27064,27884,29190,25789,3000,3000,2000,2000,1069,1074,0
20000,2,2,1,30,0,0,0,0,0,0,16754,17763,18854,19972,18090,19842,1291,2382,1500,605,2000,2000,0
330000,2,3,2,29,0,0,0,0,0,0,311577,319838,303679,271773,198604,149923,13110,10691,10373,7901,5328,5061,0
210000,2,1,2,28,-1,0,0,0,0,0,85672,68394,70305,65626,64638,67498,6009,5000,5000,5000,5000,5000,0
60000,2,2,1,34,2,2,2,2,2,0,40511,44019,45020,45785,44750,45578,4200,2000,1800,0,1700,3600,1
440000,2,2,2,35,-1,0,0,-1,-1,-1,3091,3853,4012,821,821,821,1150,1084,821,821,821,821,0
50000,2,2,1,41,1,2,2,2,2,2,24540,25330,26620,26889,26158,27737,1500,2000,1000,0,2000,0,1
90000,2,2,2,26,0,0,0,0,0,0,45069,43310,40275,37800,37323,34396,2000,2500,3000,3000,2000,3000,0
80000,2,3,1,37,0,0,0,0,0,0,77480,75329,64228,49103,48649,49701,3000,2500,1800,2000,1800,2000,1
150000,2,4,1,28,0,0,0,0,0,0,152105,137472,118583,95094,50999,35383,6300,4500,2524,2000,2000,92000,0
70000,2,1,1,31,0,0,0,0,0,0,63820,60697,61139,56609,47819,43471,5000,4000,3000,3000,3000,2000,0
80000,2,2,1,32,2,2,0,0,0,2,70381,68660,70081,70899,75331,74005,0,3126,2578,5616,0,3000,1
90000,2,2,1,35,0,0,0,0,0,0,21093,14418,17217,16486,17390,19021,1256,3445,1099,1393,3045,1003,0
170000,2,1,1,39,1,2,0,0,0,2,161105,145908,119161,120662,127815,125098,0,6000,5000,9000,0,6000,0
50000,2,3,2,45,0,0,0,0,0,0,3740,4382,5008,5627,6159,6677,1100,1091,1100,1000,1000,1000,0
210000,2,1,2,29,0,0,0,0,0,0,217220,231500,197027,198293,197841,205864,7700,10292,8900,7200,14300,10000,0
70000,2,3,2,32,2,2,2,0,0,2,23741,26021,24419,23541,10576,6985,4000,0,2000,1000,0,4000,1
260000,2,1,2,31,0,0,0,0,0,0,229398,202429,206210,208752,209083,208463,8720,9000,8910,7570,7751,8200,0
140000,2,1,2,27,0,0,0,0,-1,-1,10064,10551,11655,11377,735,1051,2000,2000,1000,735,1051,569,0
150000,2,1,2,27,-2,-2,-2,-2,-2,-2,0,0,0,0,0,0,0,0,0,0,0,0,1
20000,2,3,1,44,0,0,0,2,2,2,7661,8981,10860,12380,11400,0,1457,2600,2000,0,0,0,0
50000,2,3,1,45,0,0,0,0,0,0,49212,42376,20009,20877,19642,18769,1611,1700,1547,785,1000,888,0
90000,2,1,2,30,2,2,2,2,2,2,15979,17414,16846,20559,19933,21454,2000,0,4000,0,2000,0,1
210000,2,3,1,32,0,0,-1,0,0,0,1406,0,712,1025,4584,0,0,712,1000,4000,0,821,0
50000,2,2,1,34,2,2,2,0,0,0,46843,49378,48052,48573,28902,28205,4310,0,2033,1119,985,2000,0
350000,2,1,1,34,-1,0,0,0,0,0,37129,107295,108299,103487,90880,84387,75000,30000,4000,4000,5000,5000,0
360000,2,2,2,34,-2,-2,-2,-2,-2,-2,724,1232,291,776,0,312,1232,291,776,0,312,576,0
260000,2,2,1,37,1,1,-2,-2,-1,0,5917,-15910,-15910,-15910,24090,13977,0,0,0,40000,507,656,0
320000,2,1,2,27,-1,0,0,0,-1,0,19950,24544,31236,66091,5800,5800,5000,10000,36091,5800,0,464,0
210000,2,4,1,41,-2,-2,-2,-2,-2,-2,1662,13877,7600,5546,1241,1801,13934,7735,5551,1241,1801,1359,0
110000,2,3,1,37,0,0,0,0,0,0,104691,103655,85761,87336,39025,40242,5000,5000,4000,3700,2000,2000,0
100000,2,3,2,39,0,0,0,0,0,0,86453,84526,82078,25991,28071,28611,5000,5000,1300,5000,6000,5000,0
110000,2,2,1,35,0,0,0,0,0,0,6137,7040,3861,4869,4966,5070,1053,1073,1081,178,184,185,1
70000,2,3,2,38,0,0,0,0,0,0,70621,69821,68683,68771,55168,49674,2506,3500,2104,2015,2001,2102,0
150000,2,3,1,35,-2,-1,2,-1,-1,-1,600,660,330,330,330,740,660,0,330,330,740,0,0
50000,2,1,2,28,-1,-1,-1,-1,-1,0,1460,1625,3505,12931,2972,1589,1625,3556,14010,3000,0,691,0
170000,2,2,2,32,0,0,0,0,-1,0,10928,8400,5654,6285,4417,740,6151,4110,6920,6637,0,16744,1
90000,2,2,1,31,2,2,0,0,0,0,90089,91196,89779,89214,88847,88724,3500,4400,5013,4000,4000,4000,1
200000,2,1,2,40,0,0,0,0,0,0,132563,135202,137111,137121,139343,141859,4841,5047,4922,4926,5105,5500,0
300000,2,3,1,34,-2,-2,-2,-2,-2,-2,-75,29014,21180,-20,-20,4045,29089,21286,0,0,4065,0,0
30000,2,3,2,42,0,0,0,0,0,0,26012,27175,27822,28481,28265,28852,2000,1577,1626,800,814,629,1
30000,2,4,2,45,2,0,0,0,0,0,29278,30488,30900,30480,31124,29333,2000,1600,1500,1100,1053,1320,1
220000,2,1,2,36,-2,-2,-2,-2,-2,-2,122,104,2635,2460,859,2784,104,2653,2472,859,2784,2287,0
280000,2,1,2,30,0,0,0,0,0,0,36269,39229,48190,48758,49219,58412,10300,10018,10026,5000,10000,2401,0
250000,2,2,2,41,-1,-1,-1,-1,-1,-1,312,-18,3600,-10,2022,3809,0,3618,0,2032,3827,3710,0
210000,2,2,2,29,-1,-1,-1,-1,-1,-1,1778,224,2018,0,1118,1858,226,2031,0,1118,1858,620,0
70000,2,2,2,31,0,0,0,0,0,0,64888,64454,103298,50978,51374,52453,2127,2151,2500,1836,1904,1915,0
230000,2,1,2,31,1,-2,-1,-1,-2,-1,-9,-9,986,0,0,900,0,995,0,0,900,0,0
100000,2,2,1,40,0,0,0,0,0,0,89236,90828,83479,73749,68512,72518,3162,3523,3025,2344,5000,3000,0
270000,2,2,2,35,-1,-1,-1,-1,-2,-2,1636,37,2845,-1000,-1000,-1000,37,3000,1000,0,0,0,0
100000,2,2,1,36,0,0,0,0,0,0,97026,96109,97647,91998,69915,72044,5000,5000,3500,3000,3000,5049,0
50000,2,2,1,37,0,0,0,0,-1,-1,12246,11901,11631,11035,1335,90,1196,1261,1000,1335,90,1335,0
220000,2,3,2,40,0,0,0,0,0,0,220091,203554,207953,156699,157883,161208,7797,8201,7302,5437,5651,5683,0
110000,2,1,2,31,-1,-1,-2,-2,-2,-2,223,0,0,0,0,0,0,0,0,0,0,0,0
150000,2,2,2,33,-1,-1,-1,-1,-1,-1,508,1155,1868,874,1735,1940,1166,1873,876,1741,2245,0,0
80000,2,2,1,42,0,0,0,-1,-1,0,43045,43024,9821,600,53900,55000,1301,5098,600,53900,1100,10000,1
150000,2,2,1,36,0,0,0,0,0,0,289463,296846,301634,314201,84135,90500,8245,7143,13700,15000,7500,0,0
140000,2,3,1,40,2,0,0,0,2,2,30755,31757,32808,35342,35965,36741,1815,1866,3400,1500,1500,1484,1
270000,2,1,1,41,-1,-1,-1,-1,-1,-1,1278,-4,3564,1280,1898,0,0,3568,1280,1898,0,2605,0
160000,2,1,1,31,2,2,2,0,0,0,147710,151368,147184,149053,136809,140678,7501,0,5790,4825,6000,5354,0
130000,2,3,1,43,0,0,0,0,0,0,32667,33822,34975,35943,36447,37259,2000,2000,1850,1400,1400,1400,0
20000,2,2,1,39,0,0,2,2,0,-1,15299,14112,11221,10656,7928,580,1883,3520,0,1000,580,0,0
210000,2,3,2,37,1,-1,0,0,0,0,0,202,4202,5152,5444,5786,202,4000,1208,500,400,5380,0
50000,2,2,2,41,0,0,0,0,-2,-2,43885,45408,36025,0,0,0,2408,2025,0,0,0,0,1
90000,2,2,1,47,1,2,2,2,0,0,6681,6426,10289,10816,11333,11997,0,4000,1000,1000,1000,1000,0
410000,2,1,2,31,0,0,0,0,0,0,400967,365398,367247,304903,310333,317330,14158,13000,13000,12000,12000,15000,0
180000,2,2,1,32,0,0,0,0,0,-2,5244,8135,12621,17987,-99,-99,3000,5000,15000,0,0,0,0
180000,2,1,1,42,-2,-2,-2,-2,-2,-1,626,0,1290,0,0,1200,0,1290,0,0,1200,0,0
200000,2,1,2,32,-2,-2,-2,-2,-2,-2,261,1715,281,1105,354,-2,1723,282,1110,390,0,0,0
350000,2,1,2,35,-2,-2,-2,-2,-2,-1,8526,10892,9218,9834,1458,5225,10951,9274,4711,1472,5251,68361,0
190000,2,1,2,47,-1,-1,-1,-1,-1,-1,314,3031,597,1640,306,39506,3031,597,1648,306,39506,697,0
500000,2,1,1,35,-2,-1,0,-1,-1,-1,5799,36189,23338,7896,8970,215305,36277,6112,10014,9018,215518,20018,0
90000,2,1,2,33,-1,-1,-1,-1,-1,-1,3000,6000,0,3000,3000,3000,6000,0,3000,3000,3000,3000,0
190000,2,2,1,34,0,0,0,2,2,2,84031,86730,93705,91317,96079,94428,5000,9310,0,7200,0,8000,0
180000,2,2,2,43,0,0,0,0,0,-2,152122,98901,101689,102925,0,0,10000,6500,5000,0,0,0,0
200000,2,3,1,49,1,-2,-1,-1,-1,-1,0,0,2317,7588,7606,14053,0,2317,7588,7614,14053,0,0
30000,2,1,2,45,1,2,-1,-1,-1,-1,5830,1330,909,390,29570,940,0,909,390,29570,940,3482,0
30000,2,3,2,23,1,2,0,0,0,0,30335,29546,29826,29997,29789,29967,0,2000,1500,1000,2000,0,0
160000,2,4,1,28,-1,-1,-1,-1,-1,-1,819,162,165,165,165,165,162,168,165,165,165,165,0
130000,2,2,1,33,-1,-1,-1,0,0,-2,41573,0,13853,14277,0,0,0,13853,1000,0,0,0,0
50000,2,2,2,40,0,0,2,0,0,0,46319,49518,48188,49966,19294,18971,4000,1000,3800,820,900,695,0
220000,2,3,2,43,0,0,0,0,0,0,223022,215787,220680,219459,177765,175238,7750,8397,7349,6518,7000,7000,0
500000,2,1,1,41,-2,-2,-2,-2,-2,-2,4513,4342,3321,6760,5788,12633,4375,3337,6789,5816,12696,4348,0
180000,2,2,1,32,2,2,2,2,2,0,13286,15548,15009,17752,17172,18732,2800,0,3000,0,2000,5000,1
60000,2,2,2,24,0,0,0,0,0,0,53910,55028,56449,56273,28316,30763,2600,2900,2034,2000,3000,1000,0
100000,2,2,1,46,1,2,2,0,0,0,97515,99028,96592,99801,27930,27377,4000,0,5000,2000,1116,1500,0
180000,2,1,2,42,2,2,2,2,2,2,130304,140191,142477,141674,146312,149133,13600,6000,3000,8500,5300,300,1
380000,2,2,1,48,0,0,0,0,0,0,64001,60427,58603,58359,59527,58482,5000,7000,7359,10000,7000,10000,0
150000,2,1,1,49,1,-2,-2,-1,-1,-1,0,0,0,12200,16961,3000,0,0,12200,16961,3000,493,0
50000,2,1,2,44,0,0,0,0,0,0,10012,11039,12549,16995,17490,18253,1500,2000,5000,778,1200,752,0
170000,2,1,2,27,0,0,0,0,-1,0,89909,61785,17848,14000,124208,122955,8941,3848,4000,124208,5000,5000,0
80000,2,2,1,28,0,0,0,0,0,0,77856,76079,78410,55417,50733,50441,3670,4520,3311,50441,1800,2100,1
260000,2,2,1,33,-2,-2,-2,-2,-2,-2,3342,8978,4331,13860,1987,5626,9023,4353,13929,1997,5654,3964,0
100000,2,2,2,34,-1,-1,-1,-1,-1,-2,1919,1831,163,1028,0,0,1831,163,1028,0,0,0,0
40000,2,2,2,43,1,3,2,2,3,2,9268,8974,8885,10583,10269,9960,0,200,2000,0,0,1200,0
180000,2,1,2,30,0,0,0,0,0,0,44478,40311,43847,50763,69026,32030,8000,10000,10000,23000,5000,4000,0
150000,2,1,2,31,-2,-2,-2,-2,-2,-2,5596,2569,0,0,0,302,2573,0,0,0,302,176,0
140000,2,2,2,37,0,0,0,0,0,0,86858,89509,91476,92591,95887,97739,5000,4300,3600,5000,3310,3400,0
200000,2,1,1,40,-2,-2,-2,-2,-2,-2,0,0,2479,0,0,0,0,2479,0,0,0,0,0
230000,2,3,2,30,-1,-1,-2,-2,-2,-1,2380,0,0,0,0,31868,0,0,0,0,31868,13216,0
370000,2,2,1,45,0,0,0,-1,-1,-1,137250,141167,103000,41200,1109,99723,5927,5000,41200,1109,99723,5000,0
310000,2,1,2,35,0,0,0,0,0,0,308105,303679,278488,256962,262381,278117,13088,9834,9500,9700,20200,11000,1
320000,2,1,2,30,0,0,0,0,0,0,2419,3193,5127,6871,7751,8623,2000,2000,2000,1000,1000,1000,0
170000,2,2,2,38,0,0,0,0,0,0,153123,151050,148362,142223,126060,123978,7000,6000,5012,5000,5000,5000,0
100000,2,2,1,32,0,0,0,2,0,0,18641,23380,33045,32346,36597,46121,5000,10000,0,5000,10000,0,0
50000,2,1,1,40,-2,-2,-2,-2,-2,-2,0,1470,0,0,591,426,1470,0,0,591,426,595,0
170000,2,1,2,37,-2,-2,-2,-2,-2,-2,7365,255,4884,4442,1800,0,255,4892,4478,1800,0,150,0
150000,2,4,2,29,0,0,-1,-1,0,0,17196,12991,3305,11164,18803,22891,2012,3310,11164,18800,10000,16910,0
240000,2,2,1,47,0,0,0,0,0,0,121386,123877,127344,125050,126479,130266,6000,7000,6500,5000,6000,6000,0
230000,2,2,2,30,-2,-1,0,0,0,0,0,63508,59835,60963,59337,71089,63508,2300,2200,2200,25000,2400,0
270000,2,1,2,30,2,2,2,0,0,0,172933,184761,164009,161843,151862,0,19028,0,3451,5004,0,0,1
250000,2,2,1,37,0,0,0,0,0,0,212954,215928,221963,224949,229577,234221,8000,9510,8160,8364,8493,8625,0
130000,2,2,1,45,-1,2,-1,-1,-1,-1,1980,990,990,990,990,1130,0,990,990,990,1130,1000,0
310000,2,2,1,42,0,-1,-1,2,-1,-1,21692,19697,17257,7900,17161,14585,19697,2270,4,17161,7030,0,0
60000,2,1,2,32,1,2,0,0,0,2,17992,17405,18619,19636,20326,21534,0,1500,1328,1018,1687,778,1
300000,2,2,1,30,-1,2,-1,-1,-1,-1,10940,10104,1610,2749,155,3167,0,1610,2768,155,3167,435,0
210000,2,2,2,37,0,0,0,0,0,0,26557,31090,58054,44624,43339,44245,5000,28008,15000,1552,1605,1615,0
220000,2,3,2,40,0,0,0,2,0,0,197139,166221,178594,174330,179525,184562,6500,15000,0,8000,8000,15000,0
220000,2,2,2,41,0,0,0,0,0,0,119951,122336,126415,127447,129983,132727,4375,6047,4622,4652,4838,4838,0
20000,2,2,1,34,0,0,0,0,0,-1,5185,6547,8879,10926,17536,2090,2000,3000,3000,7000,2090,0,0
340000,2,1,2,37,0,0,0,0,0,0,334125,335778,343792,301895,198944,197439,13562,15000,12000,8120,7720,4000,0
200000,2,2,1,46,0,0,0,0,0,0,106651,103173,104137,103422,95206,65108,3692,5000,3300,2500,2930,1500,0
80000,2,3,1,46,0,0,-1,2,-1,-1,25505,14696,1278,1107,16634,2136,1000,2278,0,17000,2500,0,1
420000,2,3,2,35,0,0,0,0,0,0,65958,63715,62201,56125,49114,47563,3500,3002,2200,1700,1800,1700,0
30000,2,2,2,33,-2,-2,-2,-2,-2,-2,498,4831,477,8560,1550,955,4831,477,8561,1550,955,570,0
70000,2,2,1,49,0,0,0,0,0,0,64049,66079,67488,58246,48859,46688,3700,3100,2200,1600,1850,1800,1
220000,2,1,2,29,3,3,2,2,2,0,4695,4488,4283,5807,5568,5827,0,0,1587,0,500,586,1
80000,2,1,2,27,0,0,0,0,0,0,35303,36215,37330,38407,39168,40037,1800,2000,2000,1700,1650,3200,0
430000,2,1,2,34,1,2,0,0,2,0,14965,11576,14099,15128,14647,16317,0,3000,3500,0,2000,2000,0
200000,2,1,1,32,0,0,0,0,0,0,101685,100328,151733,147327,59949,39197,4000,59949,6000,2000,2000,2000,0
150000,2,3,2,30,0,0,0,0,0,0,24523,22224,20880,17305,16094,18516,2029,3030,3118,3003,3040,2050,0
500000,2,1,1,44,0,-1,-1,0,0,0,329570,71921,367979,294969,189612,128459,72001,368199,6486,234,90,167116,0
270000,2,2,2,28,0,0,0,0,0,0,38875,38589,27846,21787,16429,5488,6000,2000,1200,330,2000,8258,0
120000,2,2,1,32,0,0,0,0,0,0,37981,36149,37179,38500,38955,39926,1586,1616,1937,1392,1596,1684,0
170000,2,2,2,38,-1,-1,-1,-1,-1,-1,13451,10539,2087,6720,23000,0,10539,2087,6720,23000,0,44400,0
460000,2,1,1,45,-1,-1,-1,-1,-1,-1,184,1899,1819,1572,237,1572,1904,1819,1572,237,1572,230,0
180000,2,1,1,41,1,-2,-2,-1,-1,-2,1520,-10,-10,3844,0,0,10,0,3854,0,0,0,0
310000,2,1,1,35,0,0,0,0,0,0,143072,153378,176904,174117,125526,108107,30000,30000,10054,10000,10000,5000,0
370000,2,2,1,35,0,0,0,0,0,0,201666,200757,192231,187486,191019,186529,7094,8500,6983,6500,7150,7000,0
180000,2,2,1,44,-1,-1,-1,-1,-1,-2,108,131,550,99,0,0,131,550,99,0,0,0,0
50000,2,2,1,42,0,0,0,0,0,0,41836,26598,14487,16233,18543,20240,6000,2000,2000,3000,2000,2000,0
400000,2,2,1,45,-2,-2,-1,-1,-1,-1,10985,2441,16046,2483,10719,1722,2441,16046,2483,10719,1722,2836,0
50000,2,2,2,37,1,2,2,2,0,0,47071,40218,24587,14999,13410,7378,148,3115,3,1000,415,565,1
230000,2,1,1,46,-2,-2,-2,-2,-2,-2,4957,9463,7697,5308,2048,6283,9467,7697,5308,2048,6283,18157,0
220000,2,1,1,47,-1,-1,-1,-1,-1,-1,3148,4206,30770,949,3359,619,4206,30775,949,3359,619,6641,0
280000,2,2,1,46,0,0,0,0,0,0,34433,34763,25048,24116,50483,47056,1383,1647,1004,41551,2056,1670,0
60000,2,2,1,37,0,0,0,0,0,0,38670,37606,35189,31373,28455,26598,1606,1674,1420,937,1006,1039,0
290000,2,2,2,41,-1,0,0,0,0,0,32192,32595,14688,17105,18875,21304,2500,13500,3000,3000,3000,2000,0
230000,2,2,1,40,0,0,0,0,0,0,33907,35038,36574,36985,37701,30735,2000,2100,1500,1000,1000,1000,0
200000,2,2,1,46,-1,2,2,-1,-1,2,2893,2881,1436,1261,2849,1438,1436,0,1261,2849,0,1261,1
60000,2,2,1,32,0,0,0,0,0,0,59274,59240,59631,58105,57194,60650,2131,2133,2050,2191,5300,0,0
220000,2,2,2,35,-2,-2,-2,-2,-2,-2,3327,-17,2706,0,0,92472,0,2723,0,0,92472,10000,0
20000,2,3,1,43,0,0,0,0,0,0,14959,32006,17139,17979,18518,15243,1600,1700,1500,1000,1000,1780,0
140000,2,2,1,35,-1,-1,-1,-1,-1,-1,326,326,6410,4246,326,326,326,6736,4246,326,326,502,0
130000,2,2,1,49,0,0,0,0,0,0,53714,55404,56566,57139,58300,59523,2570,2650,2100,2100,2150,3000,0
260000,2,1,1,38,-2,-2,-2,-2,-2,-2,0,0,0,0,0,0,0,0,0,0,0,0,0
50000,2,2,2,42,0,0,-1,0,0,0,37606,17971,10812,12237,13057,15057,3000,15000,2000,2000,2000,0,0
200000,2,2,2,36,0,0,0,0,0,0,9738,10749,11773,12784,13039,13314,1177,1201,1212,467,485,1147,1
240000,2,3,2,35,0,0,0,0,0,-1,18086,11226,7899,8072,728,24511,1133,1124,2000,728,24709,1972,0
200000,2,3,1,42,-1,-1,-1,2,-1,0,390,742,4352,390,780,390,742,4000,0,780,0,1757,0
310000,2,2,1,46,0,0,0,0,0,0,43990,45872,47135,46944,49121,51337,3000,3000,2000,3000,3000,1000,0
500000,2,1,2,34,-1,-1,-1,-1,0,-1,4677,6187,4775,31188,5827,3637,6187,4775,31188,0,4119,7390,0
170000,2,2,2,33,1,-2,-2,-2,-2,-2,-189,-189,-189,-189,-189,-189,0,0,0,0,0,0,0
500000,2,1,1,44,-2,-2,-2,-2,-2,-2,2128,635,13258,4562,893,2030,635,13337,4562,893,2030,0,0
200000,2,2,1,35,0,0,0,0,-1,-1,27561,17365,9889,0,9002,728,5000,1015,0,9002,728,10000,0
20000,2,2,1,46,1,2,2,-1,0,-1,4426,2735,-211,1863,390,390,0,0,2253,0,390,1735,1
220000,2,1,1,41,0,0,2,0,0,0,138657,156689,150748,154481,156487,154870,22000,0,8000,7000,6500,5000,0
240000,2,2,1,32,1,-2,-2,-2,-2,-2,0,0,0,0,0,0,0,0,0,0,0,0,0
250000,2,1,2,30,0,0,0,0,0,0,144807,162326,168186,175369,178156,189259,20000,10000,10000,7200,14000,7200,0
90000,2,1,2,36,0,0,0,0,0,-1,39317,28491,20367,16680,10320,7601,1808,1657,1000,206,7601,286,1
240000,2,2,2,36,2,2,0,0,0,0,247477,241976,242629,239438,203445,203585,11,10949,9419,7461,7601,7501,0
20000,2,3,1,35,0,0,0,0,0,0,19792,19995,20269,18268,19478,19885,1339,1500,1290,1500,704,882,0
80000,2,2,2,33,0,0,0,0,2,0,12554,13564,14608,17441,16866,17443,1523,1567,3400,0,1000,1000,0
160000,2,1,1,43,-1,-1,-1,-1,-1,-1,2980,2817,0,450,748,5054,2817,0,450,748,5054,4711,1
390000,2,4,1,40,0,0,0,0,0,0,195688,199033,197961,195958,196019,199014,7636,5653,5545,5532,5859,6818,0
80000,2,2,1,33,2,3,2,2,0,0,51016,51081,52059,47912,48646,49341,1200,2100,0,1800,2000,2000,1
30000,2,3,1,37,0,0,0,0,0,0,25689,26455,27525,28545,29388,30133,1500,1500,1500,1300,1200,1500,1
170000,2,2,1,29,0,0,0,0,0,0,50104,32978,11779,79862,39617,34091,2000,2009,78417,8000,3000,3000,0
200000,2,1,2,30,1,-1,2,-1,0,0,0,1186,1024,990,1000,0,1186,0,990,10,0,840,0
280000,2,2,2,49,0,0,0,0,0,0,278569,277306,225732,229877,219267,225421,11005,12000,12100,12000,10000,10000,0
170000,2,2,2,48,0,0,0,0,0,0,99728,97889,99902,100128,101531,102770,4500,5000,4000,4000,4000,7000,0
230000,2,1,2,35,-1,-1,-1,-1,-2,-2,1890,533,267,0,0,0,533,267,0,0,0,0,0
200000,2,3,2,43,0,0,0,-1,-1,-1,5853,5512,492,2038,316,1226,1024,492,2038,0,1226,1582,0
420000,2,2,2,49,0,0,0,0,0,0,115505,113724,112976,111344,100648,94891,4044,4297,4773,3203,2951,2837,0
260000,2,2,1,45,0,0,0,0,0,0,243952,224426,193708,163477,139993,133197,15521,10005,7000,5500,5000,4000,0
200000,2,2,2,38,0,0,0,2,-1,0,18703,9733,7078,1195,43115,43869,1533,2395,0,45000,1600,2000,0
150000,2,2,1,40,0,0,0,0,0,0,87105,82772,75928,66245,61833,62375,3000,3504,2300,2199,2414,2500,0
80000,2,2,1,37,0,0,0,0,0,0,63558,59812,68636,40659,32436,36658,2500,10000,3000,3000,5000,5000,0
150000,2,2,1,49,1,-1,-1,-1,-1,-1,0,1870,669,0,13453,5773,1870,669,0,13453,5773,100,0
170000,2,1,2,28,0,0,0,0,0,0,56766,59811,61987,63849,66276,68207,4000,3638,3500,3500,3000,3000,0
210000,2,1,2,28,-1,-1,-1,-1,-1,0,2670,262,3771,5474,69536,76188,262,3771,5474,69536,10000,4000,0
450000,2,2,2,39,-1,0,0,0,0,-1,217126,43647,39827,43978,389,389,10329,3001,5217,1,390,390,0
300000,2,1,2,29,0,0,-2,-1,-1,-2,11500,0,0,1780,0,0,0,0,1780,0,0,0,0
230000,2,2,2,30,0,0,0,0,0,0,149775,107052,231164,120523,117102,116718,10000,130223,9953,4014,3307,4100,0
70000,2,1,2,50,2,0,0,0,0,0,62049,64315,58564,56741,25172,29186,4000,3000,10032,8000,5139,1000,1
170000,2,2,1,52,0,0,0,0,0,0,170133,168945,160660,163652,131396,130402,7620,6200,10000,5100,5500,5000,1
30000,2,3,2,50,0,0,2,0,0,0,17891,19087,20078,20935,17228,17606,1800,1600,1600,1000,734,481,0
30000,2,3,1,51,0,0,0,0,0,0,15126,13327,13829,10898,9217,9048,1236,1518,1074,500,300,1000,0
110000,2,2,2,52,0,0,0,0,0,0,38298,39295,40331,41346,42013,42890,1935,1971,1986,1653,1706,1714,0
200000,2,4,2,51,2,0,0,0,0,0,455293,441048,433541,425538,419080,98840,10688,10688,10278,11567,98843,156961,0
20000,2,3,1,51,0,0,0,-1,0,0,18768,19684,11580,780,780,0,1714,1000,780,0,0,0,0
430000,2,2,2,50,0,0,0,0,0,0,268537,207118,202412,207496,250337,255277,10000,8000,12000,50000,28000,60000,0
280000,2,2,1,50,-1,-1,-1,-1,-1,0,8740,4919,176823,117686,36708,18126,4919,176823,117686,36708,363,853,0
20000,2,3,2,50,-1,0,0,0,0,0,19681,19968,19261,20184,17016,15725,1313,1481,1404,0,0,822,0
80000,2,2,2,49,-1,-1,-1,-1,-1,0,390,390,390,390,780,390,390,390,390,780,0,390,1
500000,2,1,1,54,-1,-1,-1,-1,0,0,6259,2937,10410,30016,8014,2630,2962,10457,30026,26,13,2283,1
150000,2,2,2,51,0,-1,-1,-2,-2,-1,13219,1179,0,0,0,35752,1179,0,0,0,35752,1448,0
80000,2,3,1,55,0,0,0,2,0,0,67671,61346,59100,53133,48598,48882,2141,6433,0,2000,2000,2000,0
320000,2,1,2,50,-1,-1,-1,-1,0,0,1999,729,2462,12360,10943,9597,730,2472,12360,0,237,3417,0
50000,2,1,1,50,2,2,2,2,2,2,38483,39511,40582,41316,41998,42674,1960,2000,1700,1662,1493,0,1
60000,2,3,1,51,0,0,0,0,0,0,60350,61112,60557,35555,30214,30170,2435,2575,1404,990,1347,1316,0
360000,2,1,1,52,-2,-2,-2,-1,-1,-2,-3,-3,-3,1000,0,0,0,0,1003,0,0,0,1
130000,2,2,1,53,1,2,2,2,2,2,112363,109067,117301,113926,120846,118804,0,10000,0,8800,0,8000,0
70000,2,3,1,57,0,0,0,0,0,0,10042,10577,11129,11650,12997,14322,1176,1196,1185,2000,2000,2000,0
150000,2,3,1,53,0,0,0,0,0,0,29076,14131,15112,13652,86575,82377,1200,1500,3795,80000,1700,0,0
70000,2,2,1,62,2,0,0,0,0,0,48367,49358,50396,51462,52609,53708,1796,1834,1900,2000,1945,2000,1
360000,2,1,1,57,-2,-2,-2,-2,-2,-2,-2,-2,-2,-2,1422,0,0,0,0,1424,0,6624,0
200000,2,1,1,59,0,0,0,0,0,0,92215,94085,96174,98116,99490,101412,4300,4500,4438,3900,3800,3500,0
180000,2,3,2,55,-1,0,0,0,0,0,52824,53165,54842,54868,56286,56621,2000,3002,3000,2300,2345,2000,0
180000,2,2,1,62,1,-2,-2,-2,-2,-2,0,0,0,0,0,0,0,0,0,0,0,0,1
60000,2,3,1,66,0,0,2,2,4,4,47350,51230,54784,58232,61670,65120,5000,5000,5000,5000,5000,1000,0
220000,1,2,1,39,-2,-2,-2,-2,-2,-2,1557,4445,4292,1803,2970,6348,4478,4323,1812,2985,6379,1860,0
20000,1,2,2,22,3,2,2,2,3,2,16132,16562,19279,20663,20043,19584,1000,3000,2000,0,0,1803,1
20000,1,2,2,23,1,2,4,3,2,2,11113,14110,13609,13102,12595,14287,3500,0,0,0,1900,0,1
50000,1,1,2,23,0,0,0,-1,-1,0,11306,6657,3565,3820,1275,1275,1069,1240,3840,1275,0,0,1
20000,1,2,2,22,1,2,2,0,0,0,15471,16211,16752,17471,17830,19230,1300,1100,1300,649,1698,861,0
20000,1,2,2,23,2,2,2,0,0,0,16771,19403,18541,19254,19456,19323,2919,0,1298,1000,692,766,1
20000,1,2,2,22,0,0,0,0,0,-1,9493,10531,11557,12546,9900,1000,1500,1500,1500,800,1500,0,0
480000,1,1,1,37,-1,-1,-1,-1,0,0,2849,30999,53425,76538,106032,66535,45205,55328,77000,30048,30015,15056,0
50000,1,2,2,23,0,0,0,0,-2,-2,48784,50371,51400,0,0,0,2400,2400,0,0,0,0,0
30000,1,2,2,34,-1,-1,-1,-1,-2,-2,390,0,780,0,0,0,0,780,0,0,0,0,0
140000,1,2,2,25,0,0,0,0,0,2,17172,18695,20880,23515,25122,24581,1815,3000,3000,2000,0,2500,0
130000,1,2,2,25,0,0,0,0,0,0,101281,129217,128302,125300,4125,4210,31200,4268,89527,107,500,1000,0
20000,1,3,2,25,0,0,2,3,2,2,9248,11859,14264,13746,13228,14333,3100,2900,0,0,1325,670,0
40000,1,1,2,25,-1,0,0,2,2,0,977,1787,2566,3174,2634,1547,1190,1349,1200,0,547,231,0
270000,1,1,2,27,0,0,0,0,0,0,176380,188744,194534,199524,203514,208396,15000,10000,7841,6930,7800,7730,0
50000,1,2,2,24,2,0,0,0,0,0,47121,46623,46693,31040,30669,30218,1950,1949,1482,1040,913,779,0
90000,1,3,2,25,1,3,2,2,2,2,25179,24496,23325,24336,24817,25338,0,0,1405,886,919,1104,1
360000,1,1,2,27,-2,-2,-2,-2,-2,-2,4614,6777,14101,11959,3184,7252,6813,14171,12023,3200,7288,1892,0
50000,1,1,2,24,-1,2,-1,-1,-1,0,1959,662,1655,0,1250,1000,0,1655,0,1250,0,0,0
50000,1,1,2,24,0,0,0,0,0,0,12570,11659,8312,11451,9312,7239,6000,6000,8000,186,0,0,0
80000,1,1,2,26,0,0,0,0,0,0,75755,77397,77839,69534,60747,52280,3500,3328,2811,1192,1516,2316,0
80000,1,2,2,25,1,-2,-1,-1,-2,-2,0,0,431,0,0,0,0,431,0,0,0,0,0
50000,1,2,2,26,0,0,0,0,0,2,42695,43679,44757,45703,48476,47603,2000,1781,1727,3500,0,3600,0
230000,1,2,2,27,0,0,0,0,0,0,5504,4782,3864,3242,1428,2358,2000,2000,2000,300,2000,1400,0
120000,1,3,2,26,0,0,0,0,0,0,88143,83432,78471,77711,79250,55860,6000,4100,3000,3000,2000,0,0
160000,1,4,2,26,0,0,0,0,0,0,11152,11354,11486,12176,8044,0,5398,5676,8874,161,0,0,0
30000,1,3,2,27,0,0,0,0,0,0,29584,25645,24564,25823,26269,26335,3000,2000,2000,2500,3000,2500,0
150000,1,3,2,27,0,0,0,0,0,0,85993,81682,83467,86076,87829,58213,2922,3100,4000,3536,2200,2123,0
120000,1,1,2,28,2,2,0,0,2,2,114127,110826,113559,118784,118967,108887,0,6000,9000,3425,45,3500,1
220000,1,4,2,23,-1,0,0,0,0,0,181870,186428,190995,165452,170786,174213,7500,7500,7000,8000,8000,158956,0
50000,1,2,2,28,0,0,0,0,0,0,45622,47061,48264,27806,24901,25441,2500,2500,2000,2000,941,3113,1
400000,1,1,2,28,-1,0,-1,0,0,0,21012,10107,240244,287499,86684,6796,5056,241366,278006,425,34,2966,0
160000,1,2,2,26,-2,-2,-2,-2,-2,-2,3720,396,396,396,396,1353,396,396,396,396,1353,2423,0
30000,1,2,2,27,0,0,0,2,0,0,25081,26358,29319,28510,29813,30179,2000,3700,0,2000,910,917,0
50000,1,2,2,24,0,0,0,0,0,0,51112,51086,51365,50579,20413,20452,2109,2388,1602,900,838,707,0
160000,1,2,2,30,0,0,0,0,0,0,155967,151161,132051,93367,84622,87255,7541,5500,4200,3032,4000,2609,0
20000,1,2,2,27,0,0,0,0,0,0,19812,17678,19068,19642,27988,1280,1291,1681,1255,672,52,0,0
210000,1,2,2,29,0,0,0,0,0,0,62590,61942,118652,8757,8936,9118,3815,93575,1000,179,182,0,0
80000,1,2,2,29,2,0,0,2,0,0,9928,11446,13150,13233,13663,13994,2000,2200,600,650,700,1449,1
290000,1,2,1,30,-1,-1,-1,0,0,0,8452,7718,237648,236463,146420,148600,7728,237648,8900,5300,5541,4700,0
20000,1,2,2,28,2,2,0,0,0,0,17429,16849,17187,8585,8760,12000,0,1202,1000,175,3240,0,1
310000,1,2,2,29,3,2,2,2,-1,2,400,400,400,400,20334,19050,0,0,0,20334,0,21573,0
100000,1,1,2,29,0,0,0,0,0,0,57757,60367,62959,61796,62602,64983,5003,5003,1723,3115,3000,3000,0
110000,1,1,2,29,0,0,0,0,0,0,104216,104343,142622,73702,75513,77111,7316,3000,6000,3000,2935,3011,0
200000,1,2,1,29,-2,-2,-2,-2,-2,-2,1418,3052,3538,17091,2413,1301,3066,3555,17175,2435,1307,5839,0
150000,1,2,2,28,1,2,0,0,0,0,155963,148095,143845,132677,86265,88390,12,8000,5300,3500,5000,4000,0
500000,1,1,2,29,0,0,0,0,0,-1,29378,20154,11963,8839,2678,3028,5000,8000,3000,1000,3028,8878,0
50000,1,2,2,32,0,0,0,0,0,2,50240,50149,50021,44924,49669,42689,6000,8000,3000,9000,0,10000,1
30000,1,3,2,32,0,0,0,0,0,0,5981,7369,8542,9552,9743,10085,1500,1300,1159,350,500,370,0
360000,1,1,2,29,-1,2,-1,-1,-1,-1,6902,1950,2618,2868,425,29879,141,2618,2868,425,29879,18780,0
80000,1,2,2,30,0,0,2,-1,-1,-2,53627,64913,19476,61302,0,0,33000,56,62877,0,41150,81000,0
50000,1,2,2,31,0,0,3,2,0,0,10426,14466,13952,13418,13686,13456,4231,0,0,451,456,449,0
50000,1,3,1,26,1,2,2,0,0,0,14655,15688,13400,13596,13861,14255,1600,0,2000,2000,2000,2000,1
130000,1,1,1,42,0,0,0,0,0,0,23970,23181,18912,19960,81985,80189,1288,1700,2000,63000,2885,3000,0
60000,1,2,1,30,1,2,2,2,2,0,46138,44832,47830,48458,47176,47461,0,4000,2000,0,2000,1700,1
170000,1,1,2,29,0,0,0,0,0,0,175349,165527,147798,120811,117680,118907,5800,6520,5700,4300,4500,4500,0
100000,1,2,2,32,0,0,0,2,2,2,34904,37007,42076,41105,44090,48914,3000,6000,0,4000,5700,2000,1
90000,1,3,3,40,0,0,0,0,0,0,53256,53695,55426,56544,57048,58421,1923,2597,2637,2041,2291,4824,1
150000,1,3,1,39,-2,-2,-2,-2,-2,-2,0,0,0,0,0,0,0,0,0,0,0,0,0
20000,1,3,2,47,1,2,0,0,0,2,17629,17053,17796,18729,19049,17300,0,1325,1258,1373,0,602,1
180000,1,1,1,48,0,0,0,0,0,0,64788,66092,65236,65912,66523,67020,3000,2370,3000,3000,2588,2500,0
200000,1,2,1,40,2,2,0,0,0,0,208012,199367,202668,111486,118951,89077,0,8756,5003,10053,10066,10027,1
180000,1,1,2,28,2,2,2,2,2,2,175154,175790,153515,130864,131569,128983,5100,50,14500,4500,296,4500,0
50000,1,2,2,34,1,2,2,2,0,0,53916,55036,56075,54515,52250,52433,2600,2500,0,2000,4000,0,1
310000,1,2,2,34,0,0,2,0,0,0,200328,48481,47426,48621,49743,50824,3860,0,2000,1895,2000,2000,0
280000,1,2,1,47,0,0,0,0,0,0,191759,189888,185018,182224,184859,185412,10051,10025,10009,10022,10049,7005,0
360000,1,2,1,40,-1,-1,2,-1,-1,-1,1473,3125,1473,1473,1473,1473,3125,0,1473,1473,1473,1473,0
50000,1,3,1,44,0,0,2,0,0,0,5789,46897,43134,12909,8797,9934,43134,0,1219,257,2000,2000,0
450000,1,2,1,41,-2,-2,-2,-2,-2,-2,1068,1281,907,882,968,1243,1287,911,886,972,1249,1416,0
50000,1,2,2,41,0,0,0,0,0,0,39369,40710,42736,43751,44619,45900,2000,3000,1729,1597,2000,1709,0
420000,1,1,2,33,1,2,2,-2,-2,-2,170146,9771,0,24683,23702,46093,0,20,24683,752,30002,1056,0
120000,1,2,1,45,0,0,0,2,-1,-1,22573,22506,12440,10218,3516,4321,5000,10218,0,4500,4321,3000,0
120000,1,1,1,49,0,0,0,0,0,0,10105,114804,117262,117427,116637,115794,106000,5800,5700,4400,8421,0,0
360000,1,2,1,36,-2,-2,-2,-2,-2,-2,4671,928,5384,499,596,2338,929,5405,500,597,2340,2649,0
20000,1,2,1,40,0,0,0,0,0,0,14353,16580,16730,17930,18267,18604,3000,1800,2000,1000,1000,1000,0
20000,1,3,1,40,0,0,2,3,2,2,13370,16326,17963,17386,16809,18137,3200,2200,0,0,1600,900,1
70000,1,2,1,37,0,0,0,0,0,0,57981,66858,65303,63066,28291,25258,15000,3247,3500,837,1000,2500,0
20000,1,2,2,30,0,0,0,0,0,0,15070,16384,17413,18117,18632,19180,1568,1597,1301,816,1000,779,1
500000,1,2,1,44,-2,-1,-1,0,0,0,77009,92353,223085,278999,207007,66516,94064,223792,85184,4803,1189,222429,0
300000,1,1,1,33,0,0,0,0,0,0,31808,22743,22396,21055,14714,7323,1514,1216,3127,3046,2011,142,0
110000,1,1,2,33,0,0,0,0,0,0,92575,86147,87889,61123,59395,52189,4000,5009,4000,3027,3000,2500,0
50000,1,2,2,43,-1,-1,-1,-1,0,-1,396,396,396,792,396,396,396,396,792,0,396,792,1
270000,1,3,2,38,0,0,0,0,0,0,263842,179711,185948,184252,183601,187003,11021,12041,8028,7001,5454,6001,0
280000,1,1,2,35,1,-2,-2,-1,-1,-2,-2,399,182,4411,976,4968,401,183,4429,981,4992,4517,0
340000,1,2,1,49,0,0,0,0,0,0,317686,302986,263928,260916,257001,210033,17000,18000,13000,12000,12000,8000,0
60000,1,1,1,37,2,0,0,0,0,0,21962,23592,25702,26961,28509,29546,2000,2500,2000,2000,1500,2000,1
130000,1,2,1,33,-1,-1,-1,-1,-1,-1,390,390,390,390,390,390,390,390,390,390,390,390,0
130000,1,2,1,48,-2,-2,-2,-2,-2,-2,1115,1897,1020,3640,948,9071,1902,1023,3650,950,9093,4,0
360000,1,1,2,38,-1,-1,-1,-1,-1,-1,1800,2410,2722,2961,2669,2054,2413,2738,2969,2677,2060,2071,0
180000,1,1,2,31,0,0,0,0,0,0,17426,29047,30572,38043,39441,42652,12000,2000,8043,2000,4000,12500,0
390000,1,1,1,32,0,0,0,0,0,0,26214,25100,34131,31120,15768,30831,6000,10778,7063,7060,30009,10025,0
20000,1,3,1,48,0,0,0,0,0,0,19195,20089,16739,17486,9392,9587,1257,1368,1115,301,310,352,1
50000,1,2,2,29,-1,-1,0,-1,-1,-1,5140,9377,5140,5140,5140,5140,9377,1000,5140,5140,5140,2600,0
80000,1,2,1,39,0,0,0,0,0,0,145905,147860,78545,19212,36800,18900,5107,3269,1400,368,1000,0,0
50000,1,3,1,46,1,2,0,0,2,0,35556,34685,36121,38135,37416,38503,0,2000,2800,0,1500,2500,0
170000,1,1,2,36,-1,-1,-1,-1,-1,-1,37830,11160,4336,947,316,3797,11376,4346,947,316,3797,316,0
150000,1,2,2,49,0,0,0,0,0,0,86035,86414,87852,88692,90211,91543,3090,3218,3196,3360,3310,3573,0
90000,1,1,1,37,0,0,0,0,0,0,51438,40028,38704,37135,35141,33502,1950,2000,1800,1150,1200,1150,0
150000,1,1,2,34,0,0,0,0,0,0,56142,60855,53256,60945,60720,57407,10115,15010,10015,3022,1522,2013,0
20000,1,2,2,26,1,2,2,0,0,2,8476,10187,9885,11398,12208,11869,2000,0,2000,1000,0,1200,1
30000,1,2,1,30,0,0,0,0,0,-1,29202,30695,29342,23572,21381,28609,2001,10019,1219,1032,28609,1269,0
200000,1,2,2,35,-1,-1,-1,-2,-1,-1,1121,4621,4318,1640,6614,707,4621,4351,1654,6614,707,0,0
130000,1,3,2,39,2,2,2,2,2,2,66548,71034,69329,74175,72383,77217,5600,0,6000,0,6000,0,1
50000,1,3,1,39,0,0,0,0,0,0,23257,22938,21583,22453,21618,19525,1333,1500,1274,700,700,688,0
10000,1,2,2,31,-1,-1,-1,-1,-1,-2,390,390,0,780,0,0,390,0,780,0,0,0,0
500000,1,1,1,41,-1,-1,-1,-1,-1,-1,11060,6860,27243,2487,6269,10744,6895,27398,3104,6300,10797,4882,0
10000,1,3,2,37,0,0,0,0,0,0,4950,5963,6983,7993,8151,8322,1103,1123,1133,291,302,1000,1
290000,1,1,2,41,0,0,0,0,0,0,275367,255049,247090,242309,238609,238712,10580,9006,8507,10902,8600,8671,0
160000,1,2,2,37,0,0,0,0,0,0,140266,133372,129619,116388,114022,111743,5019,5000,4156,4500,4500,4000,0
240000,1,4,1,40,-2,-2,-2,-2,-2,-2,19295,2054,6984,0,0,0,2054,6984,0,0,0,0,0
50000,1,2,1,41,0,0,0,0,0,0,43607,45375,46836,48635,19373,20129,2500,2500,3000,1500,2000,3000,0
80000,1,1,2,39,0,0,0,0,-1,-1,48491,55637,60163,0,780,390,8000,6000,0,390,390,540,0
210000,1,3,1,38,2,2,2,2,2,2,122157,130309,116004,78564,37154,0,12301,16,5812,218,0,0,1
50000,1,2,1,49,1,2,2,0,0,0,50435,50936,49463,50046,19858,19278,2400,0,2300,1000,1000,1000,1
230000,1,2,2,38,2,2,2,2,2,0,177917,181465,185074,187053,176805,180826,8000,8000,6500,0,7000,6500,0
80000,1,2,1,38,0,0,0,0,0,-1,40356,25023,16392,7467,6727,994,1631,1432,1000,520,1097,2236,0
80000,1,2,2,32,2,0,0,0,0,2,79237,65301,67253,67352,74448,72928,3000,4005,2500,10000,0,5000,1
200000,1,3,2,43,3,2,2,2,2,2,2500,2500,2500,2500,2500,2500,0,0,0,0,0,0,1
130000,1,3,2,38,2,2,0,0,0,0,114726,107602,106907,94152,96365,97413,20,4544,3200,3500,3585,2519,1
50000,1,2,1,41,0,0,0,0,-2,-2,49999,51043,51400,0,0,0,2263,2400,0,0,0,0,0
50000,1,1,2,46,0,0,0,0,0,0,49386,49487,50401,49148,30036,29873,2000,2500,2040,2000,1037,2000,0
260000,1,3,1,44,0,0,0,0,0,0,250416,257987,260104,253488,145630,148720,11000,7100,135546,4500,4590,4501,0
370000,1,2,2,39,0,0,0,0,0,0,377259,310284,278781,256794,156583,17909,15198,14177,15118,15020,10000,308000,0
100000,1,1,2,34,0,0,2,2,2,2,18185,24932,24246,26839,26109,27686,7100,0,3000,0,2000,0,1
150000,1,3,2,29,-1,-1,2,-1,-1,-1,820,3191,1965,1300,936,901,3431,0,1300,936,901,911,0
80000,1,2,1,36,0,0,0,0,0,0,77870,79472,81757,77200,77669,79667,2900,3900,2750,2800,3200,2964,1
320000,1,2,1,37,0,0,0,0,0,0,367670,374631,348144,311004,254598,227869,13200,13006,11500,9000,10000,8000,1
50000,1,2,2,34,0,0,2,0,0,0,46413,50056,49072,49724,19801,14301,4729,86,2198,1198,600,1000,0
40000,1,4,2,37,0,0,0,0,-1,0,36712,37403,18688,-620,32760,12500,1596,1006,0,17000,2000,780,0
200000,1,2,1,36,0,0,0,-2,-1,0,5440,7268,0,0,42362,43094,2000,0,0,87000,1566,1830,0
270000,1,1,2,34,1,2,0,0,2,0,20979,17228,20924,22448,15490,17343,0,4000,2000,0,2000,2000,0
30000,1,2,1,39,2,0,0,0,0,2,18557,19643,20721,21867,24291,23766,1700,1700,1800,3100,0,565,1
120000,1,3,1,36,-2,-2,-2,-2,-2,-2,326,326,326,326,326,652,326,326,326,326,652,0,0
360000,1,1,1,44,-2,-2,-2,-2,-2,-2,188,1610,1088,7870,5988,342,1610,1088,7870,5988,342,7159,1
350000,1,2,2,34,-2,-2,-2,-2,-2,-2,2184,1445,2424,4582,5600,2927,1445,2424,4584,5610,2927,1298,0
220000,1,3,1,48,-2,-2,-1,0,0,0,0,0,2128,4071,5640,7078,0,2128,2000,2000,2000,1500,1
280000,1,3,2,35,0,0,0,0,0,0,275659,265870,269140,272665,159017,88321,10932,12011,10807,4306,4023,5387,0
150000,1,2,2,36,0,0,0,0,0,0,149931,152915,149867,144731,147661,149949,5500,5513,5200,5200,5400,6000,0
320000,1,1,1,38,0,0,0,0,0,0,18924,21589,23926,31161,32234,35688,3000,3000,8000,1900,4000,1600,0
360000,1,1,2,45,-1,-1,-1,-1,-1,-2,287,29646,9251,18860,-40,-40,29794,9297,18954,0,0,0,0
280000,1,1,1,37,2,-1,-1,-1,-2,-1,1405,1549,1504,0,0,2949,1549,1504,0,0,2949,2838,0
90000,1,3,2,34,0,0,0,0,0,0,74012,76777,78594,39209,40057,40744,4600,4300,2700,1500,1400,2000,0
170000,1,1,2,42,0,0,0,0,0,0,166708,85607,88228,91719,97759,99905,4000,4000,5000,7500,4000,5000,0
50000,1,2,2,44,0,0,0,0,0,0,49699,49685,28637,38137,27128,29992,2300,1487,21704,3000,15000,18300,0
400000,1,4,2,40,0,0,0,0,0,0,178069,181613,186905,188959,183659,96385,6496,8214,6621,3400,3541,6000,0
180000,1,1,1,46,0,0,0,0,0,0,178517,130975,135592,107315,56274,57608,5000,7000,5200,2000,2060,2000,0
160000,1,1,1,37,0,0,0,0,0,0,16750,9715,5140,5379,3183,5120,1100,1500,1500,1000,2000,4000,0
70000,1,3,1,30,0,0,0,2,0,0,67730,67021,67328,60962,61146,56066,3000,6006,0,1900,2000,2000,0
100000,1,2,1,46,-1,-1,0,-1,-1,-1,390,3505,5695,3480,2949,477,3505,2695,3480,2949,477,1753,0
20000,1,2,1,31,0,0,0,0,0,0,18764,19750,19848,20570,19980,19990,1610,1488,1600,400,400,400,0
160000,1,1,2,31,-2,-2,-1,0,0,0,2930,459,2613,22315,26911,35239,466,4171,22137,20000,12198,0,0
20000,1,2,2,30,3,2,3,3,5,4,15556,16987,18406,20795,20175,21265,2000,2000,3000,0,2000,0,0
360000,1,1,1,45,-1,-1,-1,-1,0,-1,2369,1367,8570,5625,3684,2804,1367,8570,5625,0,2804,2473,0
150000,1,2,1,40,0,0,0,0,0,0,172935,46462,42407,28265,25402,21514,35749,3016,1201,601,2002,1020,0
360000,1,2,3,32,-2,-2,-2,-2,-2,-2,10591,-326,56337,10959,7056,0,326,56663,11013,7091,0,0,0
250000,1,2,2,38,-1,-1,-1,-1,-1,-1,2395,29636,23850,8220,0,8420,29658,23938,8220,0,8420,0,0
80000,1,2,2,41,0,0,0,0,0,0,80920,80956,73875,75949,44167,45362,3500,4000,3900,2000,2000,1500,0
140000,1,1,2,44,0,0,0,0,2,0,72763,75064,76892,79522,79623,80895,3905,4025,4924,2381,2926,3108,0
40000,1,2,1,47,0,0,2,2,3,2,34664,37611,36726,40985,40085,39354,3524,0,4898,0,0,1800,0
500000,1,2,1,33,0,0,0,0,0,-1,26597,16573,19080,13860,15904,134584,3357,3010,2000,2044,131438,4504,0
160000,1,1,1,48,1,-2,-2,-2,-2,-2,0,0,0,0,0,0,0,0,0,0,0,0,0
120000,1,3,1,45,0,0,-1,-1,0,0,24591,16160,225,3550,3550,3550,3000,225,3550,0,0,0,0
200000,1,2,1,54,0,0,0,0,-2,-2,41190,40921,17702,-2540,-6491,-7741,2138,5101,19,6,11,1,0
30000,1,3,1,52,0,0,0,0,0,0,28541,28889,30050,29797,18464,12235,1502,2002,1025,1230,1042,0,0
50000,1,2,1,50,0,0,0,0,0,0,47053,11165,12186,13280,14055,14428,1200,1206,1300,1000,600,530,1
20000,1,2,1,50,0,0,2,2,2,2,14123,16758,17494,16916,18135,17703,3200,1300,0,1500,0,1200,0
90000,1,2,2,52,0,0,0,0,0,0,86826,87186,87526,88924,88735,87521,4000,3505,3962,2909,3107,3127,0
190000,1,3,2,54,0,0,0,0,0,0,142032,40883,42835,31982,36329,26964,5883,2835,5982,33329,1964,11849,0
50000,1,1,2,48,0,0,0,-1,0,0,56672,53540,53321,49263,29063,26644,2500,1066,50045,992,1000,1000,0
50000,1,3,1,51,0,0,0,0,2,2,38302,39299,40703,44350,43517,46821,1634,2038,4685,0,3982,0,0
20000,1,3,2,59,2,2,2,2,0,0,7451,5119,5546,6302,7193,8075,2000,1500,1000,1000,1000,1000,0
140000,1,2,1,52,1,2,0,0,2,0,31511,30705,31809,34374,33522,34481,0,1600,3100,0,1500,1500,1
50000,1,1,1,63,-1,-1,2,-1,-1,-1,264,528,264,264,264,264,528,0,264,264,264,264,0
280000,1,2,1,53,0,0,0,0,0,-1,278127,42518,31900,21342,11500,2000,1700,1500,1400,2000,2000,2900,1
80000,1,2,1,51,2,-1,2,-1,0,0,1041,780,390,992,602,-178,1000,0,992,0,0,0,1
210000,1,3,1,47,-1,-1,-2,-2,-2,-2,1772,-55,-55,-55,-55,-55,0,0,0,0,0,0,0
150000,1,1,1,59,-2,-2,-2,-2,-2,-2,5066,2616,3766,3289,8356,10916,2616,4097,3371,8923,13919,8227,0
440000,1,1,1,64,0,0,0,0,0,0,427038,431540,413605,355274,361170,338732,20000,18000,18003,15000,13000,17000,0
70000,1,1,1,67,1,-1,-1,2,2,2,275,400,2,2,2,2,10400,10002,0,0,0,0,0
290000,1,3,1,55,0,0,0,0,0,0,21372,25278,29127,32901,36634,40460,5000,5000,5000,5000,5000,5000,0
350000,1,1,1,70,0,0,0,0,0,0,106813,100895,70244,64839,57583,45554,4000,3371,2089,3008,1300,1500,0
190000,1,3,1,67,2,2,2,2,0,0,186797,191210,195681,190545,191478,187875,9000,9000,0,7033,7348,10000,0
50000,1,1,1,58,0,0,0,0,0,0,55262,53057,50447,34608,22658,18503,2000,1703,1406,721,645,658,0
480000,1,2,1,53,1,-1,-1,-1,-1,-1,-11,11349,13461,9327,1368,1538,11360,13469,9327,1368,1538,15605,0
60000,2,2,2,35,0,0,0,-1,0,0,42174,40510,20513,22123,17094,18668,3090,10709,22154,1000,2000,700,0
160000,2,1,2,26,-1,-1,-1,-1,-1,-1,5323,1714,2003,2580,0,380,1726,2235,2605,0,380,1488,0
90000,2,3,2,27,1,2,0,0,0,0,94699,92290,90719,39902,39200,38531,0,4183,1600,1280,1310,1432,1
360000,2,2,2,25,0,0,0,0,0,0,354626,356006,351383,335323,332865,333404,14000,14000,12000,12000,12000,12000,1
150000,2,2,2,30,0,0,0,0,0,0,106911,105889,96548,87085,52323,51260,4000,4500,5000,2000,1700,2300,0
290000,2,2,2,26,0,0,0,0,0,0,291861,254619,226755,155527,125986,107792,9596,7700,4402,3300,3100,4000,0
70000,2,1,2,27,2,2,2,2,2,2,43616,44597,45784,46528,47458,48347,2000,2200,1800,2000,1800,2000,1
120000,2,2,2,30,-1,-1,-1,-1,-1,-1,140,3230,3011,1964,1883,1538,3230,3011,1964,1883,1538,1911,0
20000,2,3,1,22,2,0,0,0,0,0,16358,17063,18406,18992,16564,16944,1282,1625,1209,1000,570,411,0
30000,2,2,2,29,2,2,2,2,2,0,18872,21734,21103,22939,22273,22814,3500,0,2500,0,900,1000,1
290000,2,2,1,29,2,0,0,0,0,0,112676,113924,116828,119857,122243,124885,4500,4630,4857,4251,4485,4493,1
500000,2,2,2,34,0,0,0,0,0,0,367463,287148,262173,90450,9685,-39046,10584,30232,3018,1335,30000,10000,0
20000,2,1,2,27,-1,-1,-1,0,-1,-1,5888,4088,6597,9333,4133,8456,4813,6597,5000,4431,8500,8032,0
490000,2,2,2,35,0,0,0,0,-1,0,48108,45281,46705,41125,20205,6483,3000,5015,5007,20205,3000,1181,0
60000,2,2,2,27,0,0,0,0,0,0,57697,48934,44653,44056,42210,41796,2200,5000,2000,1500,2000,1600,1
180000,2,2,2,25,-1,-1,-2,-2,-1,0,3887,0,0,0,2454,4710,0,0,0,2454,3000,0,0
160000,2,2,2,39,0,0,2,2,2,0,30633,37119,36263,43481,43515,49619,7000,0,7847,1026,7000,7968,1
110000,2,1,2,26,0,0,0,0,0,0,103705,94786,94708,83765,73122,74366,3500,3500,3000,3700,12488,100,0
20000,2,2,2,22,3,4,3,2,0,0,22353,21720,21098,20334,19943,19956,0,0,0,458,463,235,1
30000,2,2,1,23,6,5,4,4,3,2,40439,37936,36489,33971,31632,28677,0,1011,0,0,0,2405,1
110000,2,2,2,24,-1,0,0,0,0,0,90929,92303,92114,70057,28492,107453,3550,3200,2500,1600,80000,4000,0
30000,2,2,2,25,2,2,0,0,0,0,28518,27774,28987,24960,14358,16123,0,2027,2000,1000,2000,2000,0
20000,2,2,2,22,-1,3,2,2,0,0,18021,17439,17466,17846,18310,18923,0,600,1000,1000,1000,700,1
130000,2,1,1,35,0,0,0,0,0,0,23693,27228,30795,38637,39259,72981,4257,4338,8399,1260,34721,5202,0
30000,2,2,2,22,-1,2,2,2,2,2,11222,11738,13255,14380,14081,10796,1000,2000,1670,551,0,500,1
50000,2,2,2,22,0,0,0,0,2,0,11970,14445,16391,17804,10868,12151,3000,2500,2050,0,2000,3000,0
30000,2,2,2,22,0,0,0,0,0,0,19502,8999,11797,11972,16482,9082,3000,3000,4000,5000,5000,5000,0
10000,2,2,2,23,-1,-1,-1,0,0,0,9438,1985,9436,8057,8891,-873,1985,9436,1000,1500,0,11571,0
30000,2,2,2,22,0,0,0,0,0,0,19759,19973,22058,24598,26564,27521,3000,3500,3000,2500,2000,3000,0
10000,2,1,2,23,2,0,0,0,0,2,3413,5188,6937,7946,8714,8432,2000,2000,1132,900,0,500,0
50000,2,2,2,23,1,-1,0,0,0,0,14191,5896,6175,10000,1952,406,5896,2006,5074,1300,406,0,0
30000,2,2,1,22,2,2,2,0,0,0,30525,28574,14220,14188,7058,7976,1725,0,1230,1000,1000,0,1
60000,2,2,1,30,0,0,0,0,0,0,65460,64128,62736,59133,57662,53059,2299,2232,2152,2226,1908,1933,1
330000,2,2,2,31,0,0,0,0,0,0,30532,33814,38243,39603,40542,41239,3814,5000,2000,1598,1500,2000,0
130000,2,2,2,22,1,-2,-1,2,2,-2,0,0,1485,299,0,0,0,1485,0,0,0,0,0
50000,2,3,2,23,2,2,0,0,0,2,7285,7022,7887,8898,9565,9267,0,1138,1149,816,0,1710,1
70000,2,1,2,23,-2,-2,-1,0,0,0,-22,-11,5173,6345,7083,8961,0,69900,1262,1000,2000,1000,0
130000,2,2,2,23,-1,0,-1,-1,-1,-1,13429,2984,9811,5136,19040,2940,1000,10363,5177,19040,2940,1332,0
60000,2,2,2,24,0,0,0,0,0,0,28277,27295,27403,23837,23078,22618,1450,1724,1600,1000,1000,2500,1
50000,2,2,1,24,0,0,0,0,0,0,46437,40703,20215,21116,20036,18952,1912,1370,1271,664,658,638,0
30000,2,2,2,24,-1,0,0,0,0,0,1513,27350,28561,29684,32650,34299,26500,2048,2000,3769,5007,2007,0
50000,2,2,2,23,0,0,0,0,0,-1,21699,33109,32856,27438,4786,768,11877,1660,1600,624,768,173,0
340000,2,2,2,25,-2,-2,-2,-2,-2,-2,-2,-2,466,-3,1292,586,0,468,0,649,1178,0,0
30000,2,2,1,25,2,0,0,0,0,0,27458,21203,18394,19560,13035,13836,1267,1342,1508,500,1000,1102,1
110000,2,1,2,26,0,0,0,0,0,0,111306,111038,87820,67259,50007,51202,3931,2885,2212,1789,2000,2000,0
30000,2,2,2,27,0,0,0,0,2,2,8476,9677,10715,13218,12709,17463,1500,1500,3000,0,5000,0,0
120000,2,2,1,22,2,2,0,0,0,0,121522,120084,122250,70901,40860,39553,2000,5700,2964,1527,1407,1873,0
20000,2,2,2,24,3,2,2,2,2,2,322,322,322,322,322,322,0,0,0,0,0,0,1
130000,2,2,2,22,0,0,0,0,0,0,34970,14867,10341,9788,7193,9006,2012,2000,2290,1005,4078,713,0
90000,2,2,2,24,0,0,0,0,0,0,14329,14520,14747,4753,5152,4664,3000,1240,1220,1000,500,800,0
20000,2,1,2,24,0,0,0,0,0,0,20933,22202,21867,21813,21228,21614,2700,1400,1400,800,1783,1000,1
100000,2,1,2,30,1,-2,-2,-2,-2,-2,0,0,0,0,0,0,0,0,0,0,0,0,0
150000,2,3,2,25,-2,-2,-2,-2,-2,-2,0,1145,2580,0,0,0,1145,2580,0,0,0,0,0
180000,2,3,2,42,0,0,0,0,0,0,102826,102646,82849,78064,73437,108072,5011,5006,5000,5005,42500,3000,0
120000,2,2,2,26,0,0,0,0,0,2,87151,88304,89657,41720,29022,28422,3500,3103,1800,2381,0,1100,0
210000,2,2,2,26,0,0,0,0,0,0,177492,179951,171135,166199,144060,132326,10000,10000,10000,10000,10000,10000,0
50000,2,1,2,23,-2,-2,-2,-2,-2,-2,307,0,0,0,0,0,0,0,0,0,0,0,0
50000,2,1,2,24,2,2,2,2,0,0,45049,43379,46097,44187,43165,37967,0,3628,8,1500,1490,1303,1
20000,2,2,1,24,0,0,0,-1,-1,-1,16393,8118,5463,1379,2668,390,1688,1463,1379,2668,390,390,0
20000,2,1,2,24,0,0,2,-1,-1,0,5275,5487,2778,6572,5016,2508,2778,0,6572,5016,0,0,0
130000,2,1,1,23,1,2,-1,-1,-1,-1,126885,62717,29615,22110,15352,10452,239,29615,22135,15352,10452,4623,0
50000,2,1,2,24,0,0,0,0,0,0,40246,41679,41688,32806,18609,19793,2128,3000,6000,1000,1500,705,0
80000,2,2,2,24,0,0,0,0,0,0,75125,77353,78321,73731,39643,39457,3503,5001,2092,1218,1445,878,0
270000,2,2,1,25,0,0,0,0,0,0,184560,178592,170225,156719,151716,153519,6061,6081,5072,5009,5254,4069,0
210000,2,2,2,24,-1,-1,-1,-1,-1,-2,1077,7882,816,300,0,0,7960,816,300,0,0,0,1
90000,2,2,2,24,0,0,0,0,0,2,12750,15359,16404,17424,18925,18483,3155,1600,1600,2100,0,1500,0
100000,2,3,2,25,0,0,0,0,0,0,97997,97018,94247,62919,10492,4809,4000,4046,4752,4000,4500,3000,0
210000,2,2,2,25,-1,-1,-1,0,0,0,2785,461,6472,83589,73689,64854,461,13966,80000,2326,2272,3661,0
320000,2,3,2,25,0,0,0,0,0,0,66497,68327,68759,69746,70040,71076,3084,3007,3031,2367,2450,2432,0
90000,2,2,2,25,1,-2,-2,-2,-2,-2,0,0,0,0,0,0,0,0,0,0,0,0,0
60000,2,4,2,27,0,0,0,0,0,0,170536,175143,180162,190202,209923,55491,5143,5162,10202,19923,1591,5500,0
200000,2,2,2,25,-1,-1,-1,-1,-1,-1,2298,1490,1669,142,1100,6861,1490,1669,144,1100,6861,1110,0
50000,2,1,2,25,0,0,-1,0,0,0,4705,9557,7861,8984,10664,7292,5000,7861,1320,2000,6000,10000,0
240000,2,4,2,25,0,0,0,0,0,0,26501,26869,27488,17891,6696,4129,5000,6000,3000,0,0,3585,0
90000,2,2,2,25,2,0,0,0,0,0,77651,78651,79972,81415,81878,83206,3300,3600,3805,3100,3200,4100,1
120000,2,1,2,26,0,0,0,0,0,0,115520,98551,84797,66398,44428,31738,5001,5076,5000,3042,2110,600,0
140000,2,1,2,26,0,0,0,0,0,0,63119,64240,64992,52809,51406,50328,2450,2226,2367,1740,1754,1818,0
80000,2,2,2,24,0,0,0,0,-1,-1,41444,14262,14631,8592,1425,88516,1306,1500,1500,1425,88516,3300,0
420000,2,2,2,25,0,0,0,0,0,0,23191,24541,24813,25893,26397,26557,2267,2034,1500,1467,1267,1767,0
80000,2,4,2,27,0,0,0,0,0,0,81787,77845,60159,54151,45108,44490,2600,3009,2200,2000,2000,2832,0
180000,2,2,2,27,0,0,0,0,0,0,173098,172494,172060,166204,145146,142961,8000,8100,8000,5600,5500,15000,0
40000,2,1,2,27,0,0,0,-1,0,0,33563,20539,2360,38639,8899,0,1204,1000,38639,178,0,0,0
140000,2,1,2,24,0,0,0,0,0,0,28872,30083,31119,32597,33257,35061,2000,1522,2000,1500,2500,2000,0
340000,2,1,2,27,0,0,0,0,0,0,195524,196119,197690,182112,166822,143166,7524,9809,7852,6525,6002,6007,0
110000,2,2,2,25,0,0,0,0,0,0,52059,49709,8504,7277,7774,8261,1150,1330,2500,1000,1000,1000,1
40000,2,1,2,27,0,0,0,0,0,0,30923,26175,27251,29397,19650,23202,5000,1522,10000,10000,15000,841,0
420000,2,1,2,27,-1,-1,-1,-1,0,0,15629,5402,1237,24712,11912,12647,5402,1237,24712,0,2647,22019,0
50000,2,2,2,25,0,0,0,0,0,0,47858,40506,40110,41070,40731,40440,1949,1685,2777,1423,1462,1463,0
180000,2,1,2,27,1,2,2,2,0,0,5892,4824,3784,3089,2715,1821,0,3089,0,1521,0,347,1
200000,2,1,2,27,-2,-2,-2,-2,-2,-2,4257,3690,4460,3190,5238,950,3690,4460,3190,5238,950,250,1
120000,2,2,2,27,1,-2,-1,-1,-2,-2,0,0,2382,0,0,0,0,2382,0,0,0,0,1
340000,2,3,2,28,0,0,0,0,0,0,1830,4777,7681,12519,15299,15905,3000,3000,5000,3000,1000,10000,0
200000,2,1,2,28,0,0,0,0,0,0,52935,51971,51341,49090,50009,51076,2500,2200,2500,3500,3000,3000,0
300000,2,2,2,28,0,0,0,0,0,0,327724,325970,325020,319750,265136,262378,11250,11877,10487,7831,8092,7634,0
120000,2,2,2,28,0,0,0,0,-2,-2,48499,48684,6344,0,0,0,1621,1000,1326,0,0,0,0
200000,2,2,1,28,0,0,0,-1,0,0,5733,4426,3559,22458,20888,17875,2023,2018,22491,7521,2000,3000,0
70000,2,2,2,25,2,0,0,0,0,0,46526,47820,48750,49936,51102,52276,2070,2000,2000,2000,2000,2100,1
230000,2,2,2,28,0,0,0,0,0,-1,7865,12377,12543,13713,17960,650,5000,2000,1500,5000,650,0,0
200000,2,1,2,28,0,0,0,0,2,2,58833,61991,7357,9471,8538,7685,4100,3000,3000,0,1000,0,0
100000,2,2,2,27,0,0,0,0,0,0,42713,50270,22576,18247,22029,19540,10000,10000,1500,4000,5000,5000,0
110000,2,1,2,27,0,0,0,0,0,0,110553,108387,111427,111697,111956,111325,4000,4800,4300,4300,4400,3874,1
70000,2,1,2,25,0,0,0,0,2,2,35871,37174,37904,40651,39697,42253,1902,1632,3379,0,3200,0,0
30000,2,2,2,25,0,0,2,0,0,0,5293,8107,7738,10179,11902,13109,3000,0,3000,2000,1500,1000,0
250000,2,2,2,29,0,0,0,0,0,0,46948,46351,33227,33732,32245,37589,2500,10000,3000,3000,8000,0,0
20000,2,1,2,28,0,0,0,-2,-2,-2,12031,13446,0,0,0,0,5000,0,0,0,0,612,0
400000,2,3,1,25,0,-1,-1,-1,-1,-1,12570,958,4465,14272,1965,958,958,4465,14272,1965,958,6405,0
200000,2,2,1,28,1,-1,-1,-1,-1,-1,0,2658,150,3570,2853,0,2658,150,3570,2853,0,0,0
50000,2,2,2,29,1,2,2,2,0,0,22021,22334,21047,19925,20638,18803,1000,2000,1000,1000,1000,1000,0
130000,2,2,2,28,0,0,-1,0,0,0,131630,65325,2315,101035,82288,86788,3600,2315,100000,3500,8000,4000,0
50000,2,1,2,26,-1,-1,-1,-1,-1,-1,651,651,1072,1713,651,646,651,1072,1713,651,646,651,1
260000,2,2,1,28,0,0,0,0,0,0,238896,244419,250051,247271,250327,253355,11000,11065,9500,9000,9100,9500,0
360000,2,2,2,27,0,0,0,0,0,0,44179,37697,29686,23724,5576,2273,1498,1799,1008,120,2289,5302,0
120000,2,2,2,29,-1,-1,-2,-1,0,0,1450,0,0,1187,1187,1187,0,0,1187,0,0,0,0
90000,2,1,2,28,0,0,0,2,2,2,38355,39413,41181,41701,44000,45651,1700,2404,1500,3000,2500,600,0
260000,2,2,2,29,0,0,0,0,0,0,150709,151527,155081,156138,145251,139784,6911,7514,6756,5176,5200,5700,0
200000,2,1,2,29,1,-1,0,0,-1,-1,0,928,1280,1675,97,138,928,1000,1000,97,138,0,0
50000,2,2,2,28,0,0,0,0,0,0,28157,28409,27589,27875,28539,29202,1430,1770,1446,1500,1500,1073,0
230000,2,1,2,29,0,0,0,0,0,0,4827,5605,7719,7601,12140,16145,2000,3050,5000,5000,5000,5000,0
150000,2,2,1,30,-1,-1,0,0,-1,-1,35213,115041,135090,80085,35940,38460,115041,66066,2031,35940,38460,41154,0
150000,2,2,1,30,0,-1,-1,-1,-1,-1,1499,1231,0,1872,0,113,1231,0,1872,0,113,0,0
300000,2,1,2,28,-2,-2,-2,-2,-2,-2,936,0,744,2826,0,18525,0,744,3000,0,18525,3078,0
420000,2,2,2,26,0,0,0,0,0,0,24434,22586,36569,28994,15159,9379,1500,28000,1210,303,2000,0,0
230000,2,1,2,27,-1,-1,-1,-1,-1,-2,17077,22420,57255,34289,0,0,22437,57326,34311,0,0,0,1
20000,2,4,2,22,1,2,0,0,0,0,11871,11375,10620,11355,11209,11299,0,1265,1000,244,500,500,0
60000,2,1,2,29,0,0,0,0,0,0,23304,20517,20261,22832,24234,24928,3000,3000,3000,2000,2000,2000,0
500000,2,2,2,29,-2,-2,-2,-2,-2,-2,902,0,0,0,0,0,0,0,0,0,0,19440,0
200000,2,2,1,30,-1,2,-1,2,0,0,1877,1690,6314,6034,6034,2493,0,6314,0,0,0,0,0
110000,2,2,2,29,2,0,0,0,0,0,99876,72548,74379,75878,78503,80451,3000,3000,3000,3500,3000,3000,1
50000,2,1,2,27,0,0,0,0,0,0,49959,47675,48349,46192,45272,46230,2100,2426,2100,1600,2000,1900,0
170000,2,1,2,27,-1,-1,2,-1,-1,-1,356,1472,736,736,736,736,1536,0,736,736,736,736,0
310000,2,2,2,27,-1,-1,-1,-1,0,-1,1261,1261,1261,1651,390,390,1261,1261,1651,0,390,390,1
360000,2,3,2,29,-2,-2,-2,-2,-2,-2,3307,0,0,0,0,1131,0,0,0,0,1131,3409,0
50000,2,2,1,31,0,0,0,0,0,-2,47800,50725,53518,4199,0,0,3725,2364,2398,0,0,17324,1
100000,2,2,1,31,0,0,0,0,0,-1,91192,91305,103216,88782,35146,39849,4000,15074,16197,13112,43122,43000,0
100000,2,1,2,27,-1,-1,-2,-2,-1,-1,4829,0,0,0,5330,0,0,0,0,5330,1274,2100,0
150000,2,1,2,29,-1,0,-1,-1,2,0,1148,3019,100,802,802,702,2000,100,702,0,0,0,1
390000,2,1,1,28,0,0,0,0,0,0,60697,64440,67503,68566,65411,66597,5000,5000,5007,5000,5000,5000,0
250000,2,1,2,31,-1,0,0,0,0,-1,36439,30161,24326,13198,6686,9423,5000,1298,1000,134,9423,19346,0
220000,2,1,1,33,0,0,0,0,0,0,199040,182158,143895,147039,152384,159631,10032,7000,7500,10000,10000,7000,0
90000,2,2,2,25,0,-1,-1,-1,-1,-1,27658,11865,4602,28426,8978,5104,6708,8853,28990,9028,5119,428,0
90000,2,2,2,25,0,0,0,-1,-1,2,88822,76400,0,2757,3060,2864,1588,0,2757,500,0,475,1
200000,2,1,2,27,-2,-2,-2,-2,-2,-2,0,0,0,0,0,0,0,0,0,0,0,0,1
230000,2,1,2,33,0,0,0,0,0,0,181532,187639,193252,200648,203103,207573,9000,10000,12000,7130,7600,8100,0
190000,2,4,2,30,0,0,0,0,-1,0,198098,194576,202868,198936,28950,28666,4515,15466,4700,47450,16666,17549,0
500000,2,2,2,29,-2,-2,-2,-2,-2,-2,2140,3919,3572,2749,2140,3109,3919,3763,2749,2140,3109,2140,0
280000,2,1,2,29,-1,-1,-1,-1,0,-1,1939,333,779,8029,8040,2979,333,779,8029,11,3129,138,0
80000,2,1,2,30,3,2,0,0,0,0,82523,80586,80783,75115,49420,50677,0,4000,3000,1800,2000,2000,1
90000,2,2,2,31,0,0,0,0,2,2,22259,23418,24443,26695,25967,26946,1838,1408,2660,0,1400,2000,1
200000,2,2,1,29,0,0,0,0,0,0,74566,73700,73624,73928,72060,72393,3213,3304,3815,3004,3006,4012,0
130000,2,2,1,29,0,0,0,0,0,0,130927,133658,132026,122804,121663,122032,7000,5306,5000,5000,6000,10000,0
160000,2,1,2,30,0,0,0,0,0,0,78623,65315,52890,50275,51337,53349,3000,4000,2500,2500,3000,2800,0
390000,2,2,2,30,0,0,0,-1,-1,0,35169,17147,3350,4710,80474,80330,1070,1226,4710,83756,3100,3100,0
20000,2,2,2,27,0,0,0,0,0,0,14248,15703,17140,18127,18605,16351,2000,2000,1600,1030,1000,1000,0
240000,2,3,1,30,-1,-1,-1,-1,-1,-1,7075,15732,9285,1617,188,98,17003,9343,1617,188,98,0,0
120000,2,3,1,30,1,2,0,0,0,0,119511,116086,117580,120041,80578,82280,3,4351,5000,3000,3000,3200,1
80000,2,2,2,24,1,1,-1,-1,-1,-1,62550,0,10000,18150,7490,7490,10000,10000,18150,7490,7490,7490,0
100000,2,1,2,24,1,-2,-2,-2,-2,-2,-78,-78,-78,-78,-78,-78,0,0,0,0,0,0,0
130000,2,2,1,25,0,-1,-1,-1,0,0,61223,4003,3223,23264,20582,18182,4003,3223,43264,2000,1000,2000,0
290000,2,1,2,26,-1,-1,-2,-1,-1,-1,32126,10823,5248,32307,28492,1799,10884,5275,32563,29143,1809,11384,0
240000,2,1,2,28,1,2,2,2,0,-1,17868,188,2288,2100,405,1665,0,2100,405,0,1665,0,0
180000,2,1,2,28,-1,-1,-1,-1,-1,-1,26000,5480,5960,600,6800,12627,5488,5960,600,6800,12627,0,0
20000,2,2,1,31,1,-1,-1,-1,-1,-1,-19,3350,883,470,240,0,4540,883,470,240,0,0,0
290000,2,1,2,29,0,0,0,0,0,0,78928,73380,67146,68063,63910,73553,8000,10000,5005,8000,15000,10000,0
420000,2,2,1,32,0,0,0,0,0,0,546485,228070,184810,131304,110930,84193,18546,8931,4940,1796,3100,133131,0
60000,2,2,2,27,1,2,2,2,2,2,5087,7236,8104,7825,8580,8300,2410,1131,0,886,0,332,0
410000,2,1,2,30,-2,-2,-2,-2,-2,-2,0,8417,0,2830,0,0,8417,0,2830,0,0,500,0
340000,2,2,2,29,0,0,0,0,0,0,246245,250923,256428,233608,171349,158565,8730,9680,8613,6101,5725,5524,0
250000,2,1,2,33,2,0,0,0,0,2,243262,238599,198588,203286,215882,214320,7991,9000,8000,16000,2000,6200,1
20000,2,3,2,37,2,2,2,2,0,0,12443,13947,14331,12495,12787,13583,2000,902,500,500,1000,700,0
50000,2,3,2,36,0,0,0,0,0,0,48831,46763,44302,42942,20103,20163,2002,4228,1603,900,700,810,0
110000,2,2,2,33,0,0,0,0,0,0,83762,84677,87748,99201,78281,77772,3200,4521,20000,2710,2800,2700,1
100000,2,3,1,36,2,0,0,2,0,0,99298,101972,115335,112016,112906,120101,5220,16608,0,4233,9200,21000,1
120000,2,2,1,41,-1,-1,-1,-1,0,0,4591,0,28466,21455,15685,6737,0,28466,21455,0,0,200,0
20000,2,3,1,49,0,0,0,0,0,0,17543,17888,18577,18111,19114,17038,2100,1700,3500,2000,1000,1000,1
260000,2,2,1,41,-2,-2,-2,-2,-2,-2,8154,1365,717,717,2325,1117,1365,717,717,2325,1117,891,0
100000,2,2,1,36,1,-2,-1,0,0,0,0,0,19928,23255,23968,24531,0,19928,4000,1100,1100,1400,0
50000,2,3,2,44,2,0,0,2,2,2,23268,24377,27164,26429,28291,27702,1500,3500,0,2300,0,1500,1
200000,2,3,1,46,-1,-1,-1,-1,-1,-1,14617,1261,8187,1261,1261,1261,1261,8187,1261,1261,1261,1261,0
200000,2,2,2,35,0,0,0,-1,-1,-1,6512,4312,0,2412,1396,0,2000,0,2412,1396,0,396,0
50000,2,2,1,35,0,0,0,0,0,0,7378,7543,7754,7825,7132,7319,1121,1168,1075,218,1100,0,1
50000,2,3,3,46,-2,-1,0,0,0,0,-1494,2590,3506,19792,19422,19830,7084,1000,19286,664,689,761,0
440000,2,2,1,46,0,0,0,0,0,0,177425,180641,181557,149944,113135,105280,7700,8610,6907,3727,3800,4001,0
150000,2,2,2,38,-1,-1,-2,-2,-2,-2,1242,0,0,0,0,0,0,0,0,0,0,0,0
130000,2,2,1,48,2,2,2,2,2,2,105500,107761,109965,110797,107529,114104,5500,5400,4100,0,8500,0,1
140000,2,2,2,33,0,0,0,0,0,0,62063,56426,41717,42823,25224,26855,22400,2000,2000,900,2000,10000,0
200000,2,1,2,31,1,-1,-1,-1,-1,-1,0,6372,2180,6605,970,0,6372,2182,6605,970,0,0,0
180000,2,1,2,32,0,0,0,0,0,-1,17332,14579,17814,8260,9090,4441,4579,5000,2000,4110,4441,3549,0
50000,2,3,1,35,3,2,2,2,0,0,34440,32823,34699,30869,29890,29719,0,3511,0,1045,1066,1134,0
360000,2,1,2,31,-2,-2,-2,-2,-2,-2,3429,33535,2441,5681,65816,17577,33702,2453,5710,66145,17589,8050,0
500000,1,1,2,31,-2,-2,-2,-2,-2,-2,26760,747,2652,-11,-213,-213,750,2676,1,0,0,0,0
330000,2,2,1,43,0,0,0,0,0,0,15018,17365,19114,14093,16005,4935,3000,2500,3000,3000,170,2000,0
420000,2,1,2,37,0,0,0,0,0,0,433837,426169,411637,340947,267641,214445,15500,17000,13541,10008,7705,7246,0
210000,2,2,1,49,-2,-2,-1,-1,-1,-1,21639,8455,18062,3019,5587,28210,8455,18145,3019,5587,28210,2706,0
160000,2,2,3,41,0,0,0,0,-2,-1,8554,1375,2310,0,0,351,1000,1000,0,0,351,0,1
210000,2,3,2,36,0,0,0,0,0,0,57605,58727,59854,61330,62394,63912,3000,3000,2804,3000,3000,2468,0
260000,2,2,1,43,-1,-1,-1,-2,-1,-1,684,1726,0,0,5055,5996,1742,0,0,5055,5996,5648,0
70000,2,1,2,37,0,0,0,0,0,0,64860,64533,48493,48824,19000,39000,2200,3000,1400,500,20000,0,0
350000,2,3,1,38,-2,-2,-2,-2,-2,-2,1316,3033,2168,7951,4986,3641,3061,2181,8071,5002,3654,5820,0
500000,2,2,1,38,0,0,0,0,0,0,80460,79689,74664,70270,66053,63924,3527,3030,3028,2513,2100,2524,0
450000,2,2,1,34,0,0,0,0,0,0,372188,383052,74835,87584,95161,103398,20000,3703,15000,10000,10000,25000,0
80000,2,3,1,45,-2,-2,-2,-2,-2,-2,3473,3329,2939,3627,3868,2193,3329,2939,3627,3991,2299,3031,0
460000,2,1,2,30,-2,-2,-2,-2,-2,-2,0,0,0,0,630,0,0,0,0,630,0,0,0
50000,2,3,2,31,0,0,0,0,0,-1,41124,38634,75580,17014,-1963,7671,1750,3016,1000,0,10400,5000,0
150000,2,2,2,31,0,0,0,0,0,0,138363,138979,37713,35592,35808,36730,6000,2000,2000,1300,1500,1500,0
360000,2,2,2,32,-2,-2,-2,-2,-2,-2,171,1058,3494,6339,2131,535,1058,3494,6339,2131,535,82000,0
180000,2,2,1,32,1,-2,-2,-2,-2,-2,0,0,0,0,0,0,0,0,0,0,0,800,1
340000,2,3,1,47,0,0,0,2,0,0,169842,158469,154170,135951,123353,110723,7000,14000,0,4000,4000,5000,0
500000,2,2,2,34,-1,-1,-1,0,0,-1,2730,3926,17501,17194,9030,2180,5606,17501,2194,1030,2180,2012,0
240000,2,2,1,36,0,0,0,0,0,0,214122,217850,212593,180867,173780,168880,19000,10000,7000,10000,8000,10000,0
100000,2,2,2,35,0,0,0,0,0,0,98118,99577,95736,98679,67007,67485,3500,4000,5700,2507,2500,3000,0
210000,2,1,2,32,-2,-2,-2,-2,-2,-2,524,4581,248,1448,398,150,4581,300,1448,398,150,2043,0
60000,2,1,1,38,-1,-1,-1,-1,-1,-1,6842,15772,23011,9941,12688,8719,15772,23011,9941,12688,8958,6484,0
310000,2,2,2,37,0,0,0,-1,-1,-2,68430,72280,77097,7636,0,0,5000,7097,7636,0,0,2039,0
600000,2,2,2,30,0,0,0,0,0,0,501499,510470,520492,525749,480722,460068,19500,20462,19445,17348,16536,16845,0
180000,2,2,2,36,-1,-1,-1,-1,-1,-2,360,2240,6071,1554,0,0,2240,6071,1554,0,0,0,1
200000,2,2,2,29,1,-2,-2,-2,-2,-2,0,0,0,0,0,0,0,0,0,0,0,246,1
200000,2,2,2,34,-2,-2,-2,-2,-2,-2,0,0,0,445,2309,-10,0,0,445,2332,10,0,0
360000,2,2,1,37,-2,-2,-2,-2,-2,-2,-5,-5,-5,-5,-5,-5,0,0,0,0,0,0,0
260000,2,1,1,44,0,0,0,0,0,0,296349,300155,305798,306082,304048,14982,6891,8668,6907,6088,14982,12588,0
200000,2,4,2,40,0,0,0,0,0,0,201598,198373,152601,105588,73886,198487,10100,6700,5500,4500,127600,7500,0
260000,2,2,1,33,0,0,0,0,0,0,112501,110395,112288,113388,114128,117005,4000,5550,5600,4100,4700,11002,0
50000,2,3,1,37,0,0,0,0,0,0,49080,49240,48751,30250,29570,26969,2228,2000,1370,949,922,2500,0
100000,2,1,2,34,0,0,0,0,0,2,66193,63155,50385,31371,54713,28347,3413,5010,10005,30326,0,20000,0
120000,2,3,1,38,0,0,0,0,0,0,111098,114863,118038,118805,59210,61267,5600,6500,5000,3000,3000,3000,0
180000,2,1,1,39,-2,-2,-2,-2,-2,-2,0,0,0,0,0,0,0,0,0,0,0,0,0
210000,2,3,1,34,-2,-2,-2,-2,-2,-2,11848,5677,8173,6855,2200,1500,5687,8177,6860,2200,1500,2390,0
110000,2,2,1,34,0,0,0,2,0,0,45302,44980,46987,45165,44636,45094,2100,4100,0,1800,2000,2000,0
120000,2,2,2,29,1,-2,-2,-2,-2,-2,0,0,0,0,0,0,0,0,0,0,0,0,0
80000,2,4,2,30,-1,-1,-1,0,0,0,2994,16709,29459,30472,36317,21671,16709,29469,5000,10000,2000,3000,0
240000,2,1,1,31,0,0,0,0,0,0,3371,2880,6809,29324,30924,35770,2000,4015,25000,2000,5000,2000,0
280000,2,2,2,30,0,0,-1,0,0,0,21489,-86,4414,64183,61001,60601,5,4500,60000,1244,2000,4000,0
70000,2,2,1,33,0,0,0,0,0,0,31130,16171,16373,16945,21462,11128,10171,3000,1260,6138,1128,500,0
130000,2,3,1,47,-1,2,2,-1,0,-1,5027,4151,1622,5032,1749,3645,1622,16,5377,829,3645,4213,0
100000,2,2,2,27,0,0,0,0,0,0,48051,49247,48799,49508,50686,51815,2000,2200,1822,2000,2100,2100,0
240000,2,1,2,45,-2,-2,-2,-2,-2,-2,103344,0,0,0,0,0,0,0,0,0,0,73826,0
500000,2,1,1,37,1,-1,-1,-1,-1,0,0,17250,2287,96501,12143,50143,17250,3037,96501,12500,38000,0,0
120000,2,2,1,27,-1,-1,-1,-1,0,0,1164,1844,-7809,120680,63530,63552,1671,380,131062,2000,3000,3000,0
50000,2,2,1,48,0,0,0,0,0,-1,46589,48009,48942,36545,5107,4640,2500,2174,2117,117,4853,0,0
340000,2,2,1,31,0,0,0,0,0,0,192860,189272,137255,137180,135783,135201,7332,5008,6367,4800,4941,4696,0
80000,2,1,2,32,-1,-1,-1,-1,-1,-1,5566,5783,6011,5783,2257,8257,6000,6011,5783,2257,6000,0,0
240000,2,2,1,43,1,-2,-2,-1,0,0,0,0,0,12700,12500,26225,0,0,12700,0,13725,0,0
270000,2,2,1,34,0,0,0,0,0,0,106600,109383,113480,114432,112124,114885,4500,5800,4300,5000,4500,4500,0
50000,2,3,1,48,0,0,0,0,0,0,50411,48409,42248,33855,28064,29660,5000,2000,2500,2500,2000,2500,0
100000,2,1,2,30,-1,-1,-1,-1,-2,-2,430,35993,2772,0,0,0,35993,2772,0,0,0,0,0
250000,2,2,2,36,-1,-1,-1,-1,-1,-1,396,396,396,3160,396,396,396,396,3160,396,396,396,0
30000,2,1,2,25,0,0,0,0,0,0,26417,27421,28573,29222,28451,27270,1448,1600,1500,1000,1000,1200,0
300000,2,2,1,27,1,2,0,0,0,0,311987,305417,296009,92553,94259,96868,0,12500,3200,3000,3000,3000,0
280000,2,2,2,27,0,0,0,0,0,0,272507,219510,217637,177535,178337,180885,8533,8888,8006,6406,6606,7006,0
70000,2,2,2,37,0,0,0,0,0,0,69099,69684,64801,64863,123234,60733,3018,3400,2200,2500,2500,2510,0
310000,2,2,1,46,-1,-1,-1,-1,-1,-2,12479,423,430,843,857,-777,423,430,845,857,628,0,0
60000,2,3,2,40,-1,-1,-2,-2,-2,-2,728,0,0,0,0,0,22,10785,0,0,0,0,0
70000,2,2,1,39,3,2,2,2,2,2,20392,19772,22234,21579,22720,23704,0,3100,0,1500,1500,0,1
610000,2,1,2,43,0,0,2,0,0,0,403546,418882,413942,420120,427886,437131,25002,8000,16385,16000,16000,34000,0
210000,2,2,1,45,0,0,0,0,0,0,203273,188955,183774,152509,136376,131656,6515,7113,6011,4471,4513,4261,0
160000,2,1,1,33,1,-2,-2,-2,-2,-2,0,0,0,0,0,0,0,0,0,0,0,0,0
200000,2,1,1,41,1,-1,0,-1,2,0,2217,61328,2877,160944,156864,160066,61634,2877,160944,0,5900,13000,1
20000,2,1,2,27,0,0,0,0,0,0,5635,5735,4941,4236,3200,1375,1186,1300,1246,264,375,700,0
80000,2,3,1,31,0,0,0,-1,0,0,62636,61808,22227,48215,45618,37799,5000,4000,50012,10000,10000,7177,1
350000,2,1,2,38,-2,-2,-2,-2,-2,-2,10354,29812,15209,9260,2120,2459,29916,15217,9280,2128,2459,11409,0
180000,2,1,2,33,-2,-2,-2,-2,-2,-2,8492,5199,9973,10069,13190,20127,5199,9973,10083,13279,20127,9422,0
280000,2,2,2,33,0,0,0,0,0,0,55709,51834,41426,35212,40052,46510,9441,2691,3001,6010,10000,6655,0
70000,2,2,1,37,0,0,0,0,2,0,66447,66759,68200,72972,71248,50610,2391,2518,5950,0,1782,1985,1
250000,2,2,1,32,0,0,0,0,2,2,195044,198294,202571,226423,221296,234762,8000,7478,27349,0,17000,0,0
690000,2,3,2,34,0,0,0,0,0,-1,390757,397292,390166,360568,331674,160287,14724,19118,7415,20348,160671,91323,0
210000,2,1,2,27,-1,2,-1,-1,-1,-1,780,390,390,1554,5705,6386,0,390,1554,5705,2000,0,1
230000,2,2,2,30,-1,-1,-1,2,-1,-1,3948,5899,4080,1935,1656,2351,5899,4080,0,1656,2351,3312,1
150000,2,2,2,40,0,0,0,0,0,0,76282,78800,67443,68720,70572,72275,3705,4000,3000,3000,3000,4000,0
90000,2,2,1,35,0,0,2,0,0,0,35232,38329,37433,38507,39468,40183,4000,0,1700,1600,1500,4000,0
50000,2,3,1,34,0,0,0,0,0,0,24203,23708,23609,22675,21628,20576,1367,1741,1280,706,700,776,0
60000,2,2,1,33,0,0,0,0,0,0,57810,56189,58283,59385,57792,59010,2100,3000,2800,2000,2000,2200,0
200000,2,1,2,35,-2,-2,-2,-2,-2,-2,441,0,3514,4042,8606,1870,0,3514,4042,8606,1870,10332,0
60000,2,3,1,48,0,0,0,0,0,0,49890,51060,52236,54362,55458,56767,2000,2000,3000,2000,2200,2500,0
90000,2,2,2,33,0,0,0,0,0,0,89129,89543,84447,78238,68234,69684,3308,3014,3203,3000,3000,3000,0
280000,2,1,2,46,-1,-1,-1,-1,-1,-1,2475,1236,2726,10898,1050,812,1236,2726,10916,1056,812,9109,0
190000,2,4,1,40,0,0,0,0,0,0,58783,59881,136994,118268,110476,111802,3100,80000,5000,4000,4100,5000,0
80000,2,2,1,37,2,2,2,2,2,-2,1662,3347,4140,3920,0,0,2427,1000,0,0,0,0,1
50000,2,3,1,45,0,0,0,0,0,0,48169,48163,49302,16522,15175,16371,2400,2500,1318,700,1600,600,0
300000,2,1,1,31,0,0,0,0,0,0,147277,149893,152529,152882,113347,114554,7000,7000,6000,4084,4056,4300,0
460000,2,1,1,37,1,2,0,0,0,0,268775,262956,268463,273066,278594,284423,0,9737,9060,9200,9480,9627,1
330000,2,1,2,44,2,0,0,2,0,0,238795,243621,259517,253863,257535,262753,10300,21400,0,9400,9542,9766,1
150000,2,2,1,40,0,-1,-1,-1,0,0,6369,5215,4090,51893,52033,51188,5215,4090,51893,2000,3000,2202,0
290000,2,2,2,38,-2,-2,-2,-1,0,0,0,130,0,24756,25147,25685,130,0,24756,899,942,927,0
80000,2,2,2,40,0,0,0,0,0,0,79390,79835,81229,82456,82854,80868,3200,4300,3340,3500,2999,3300,0
140000,2,3,1,42,0,0,0,0,0,0,138391,135476,135956,137143,137195,136300,6300,6500,6265,5000,5006,5000,1
500000,2,1,2,44,0,0,0,0,0,0,120452,190135,212134,201014,222520,208271,100000,50000,10012,50000,10000,10000,0
360000,2,2,1,37,-2,-2,-2,-2,-2,-2,10072,7728,2344,9536,9043,0,7728,2344,9536,9043,0,2909,0
200000,2,1,1,42,-1,-1,2,-1,-1,-1,796,770,770,5259,1329,3609,770,0,5269,1329,2280,0,0
100000,2,3,1,35,-1,0,0,0,0,0,50327,51326,52403,53410,54030,55157,1835,1902,1878,1446,1500,30000,0
130000,2,3,1,39,0,0,2,0,0,0,91982,99328,96898,97990,100160,102190,8900,0,3600,3800,3800,5000,1
340000,2,3,1,32,0,-1,0,0,0,0,11049,57301,59375,60216,59842,46882,57301,3000,2600,1000,1817,11022,0
300000,2,1,2,29,1,-2,-2,-2,-2,-2,0,0,0,0,0,0,0,0,0,0,0,0,0
80000,2,1,1,29,-1,-1,-1,-1,0,-1,2175,358,1872,746,746,4424,358,1872,746,0,4424,0,0
170000,2,2,2,36,-2,-2,-2,-2,-2,-2,2848,1941,0,0,0,0,1941,0,0,0,0,0,0
260000,2,1,1,38,-2,-2,-1,-1,-2,-2,629,622,3074,0,688,2605,625,3084,691,0,2613,378,1
170000,2,1,2,33,0,0,0,2,0,0,144031,147135,158528,138030,139444,148093,5500,14000,0,5200,11100,0,0
220000,2,1,2,28,-2,-2,-2,-2,-2,-2,2956,2968,3054,4701,2869,3654,2968,3054,4701,2869,3654,2754,0
500000,2,2,1,40,0,0,0,0,0,0,26102,33012,56116,31924,33255,27668,33009,50018,30023,30013,18019,40018,0
20000,2,1,2,49,0,0,0,0,0,0,16715,16719,34196,18760,19132,19533,1271,1300,2612,684,709,875,0
310000,2,1,1,47,-1,0,0,0,0,0,2257,5202,6495,5781,7754,12315,3000,3000,1000,4000,5000,5000,0
130000,2,1,2,32,0,0,0,0,0,0,126164,126080,129104,130745,127344,127809,6500,7000,8000,5000,4500,4500,0
70000,2,3,1,32,0,0,0,0,0,0,70122,69080,68530,69753,70111,70212,2431,3112,3000,2438,2500,2554,0
180000,2,2,1,32,-1,2,-1,-1,-1,-1,3305,1649,1473,1473,2705,1473,0,1473,1473,2705,1473,1473,0
240000,2,2,2,38,1,-2,-2,-2,-2,-2,0,0,0,0,0,0,0,0,0,0,0,0,1
260000,2,2,1,38,0,0,0,0,0,0,163550,166795,171803,175248,175157,178850,5966,7692,7788,6267,6513,10000,0
600000,2,3,2,44,0,0,0,-1,0,0,140179,112498,82803,380337,368527,390197,5000,8340,380478,12625,60000,7000,0
280000,2,2,1,34,-2,-2,-2,-2,-2,-2,9103,6419,11966,5844,8994,14631,6439,12042,5844,4672,14724,4429,0
230000,2,1,1,36,-1,-1,-1,-1,-1,-1,1240,2078,380,2100,530,2282,2078,380,2100,530,2282,1390,0
210000,2,2,2,31,-1,-1,-1,-1,-1,-1,1154,1368,1080,1567,788,0,1368,1080,1567,788,0,1638,1
80000,2,2,1,44,-2,-2,-2,-1,4,3,0,0,0,600,600,300,0,0,600,0,0,0,0
200000,2,1,2,46,-2,-2,-2,-2,-2,-2,2263,3441,2124,6041,2975,3441,3448,2124,6063,2975,3441,1841,0
20000,2,2,1,32,0,0,0,2,2,2,8217,9910,12146,11954,14750,14371,2000,2400,600,3000,0,600,1
450000,2,1,2,31,-1,-1,-2,-2,-1,0,2609,0,0,0,17855,3430,0,0,0,17855,0,2500,0
300000,2,3,2,31,0,0,0,0,0,0,92235,67283,65059,147613,236687,237105,4505,6039,100000,100000,8600,8500,0
100000,2,2,2,30,1,2,0,0,2,2,31708,30904,31953,34308,34951,34261,0,1850,3200,1500,0,1500,1
240000,2,1,2,33,-2,-2,-2,-2,-2,-2,5000,0,5000,0,254,9366,0,5000,0,254,9366,1150,0
260000,2,1,2,33,-2,-2,-2,-2,-2,-2,18480,3958,-86,-86,17315,14961,3978,0,0,17401,15036,18207,1
110000,2,1,2,31,0,-1,-1,-2,-2,-2,14268,2491,0,0,0,0,2491,0,0,0,0,0,0
30000,2,2,1,35,0,0,0,0,0,0,25239,26847,26319,26868,25345,26781,3000,3000,2000,3304,2000,3000,0
20000,2,2,1,35,1,2,2,2,0,0,16335,15780,18411,17809,18009,16595,0,3200,0,765,700,774,1
300000,2,2,2,36,-1,-1,-1,0,0,0,8310,2592,77000,78718,80908,90495,2592,77000,3000,3500,11100,0,0
200000,2,3,2,45,-2,-2,-2,-2,-2,-2,0,10221,1356,0,984,134,10221,1356,0,984,134,81,0
200000,2,2,1,40,-2,-2,-2,-2,-2,-2,1521,-5,-5,-5,-5,1028,0,0,0,0,1033,12857,0
200000,2,1,1,40,0,0,0,0,0,0,9141,9046,9635,10197,10118,10535,1138,1157,1149,500,1000,1000,0
200000,2,1,1,38,0,0,0,0,0,0,185155,180069,179899,170716,164553,165326,6500,8000,7520,6000,6100,7500,0
160000,2,1,1,36,-1,-1,0,-1,-1,-1,1714,2845,3342,171,1770,837,2845,1000,171,1770,837,299,0
230000,2,3,2,48,-1,-1,-1,-1,-1,-1,3096,518,4988,3528,3642,14073,518,5003,3528,3642,14073,1485,1
380000,2,2,1,43,1,-2,-2,-1,-1,-1,0,0,0,2039,0,4481,0,0,2039,0,4481,312,0
230000,2,2,1,40,-1,-1,-1,0,0,0,1215,225,5703,6560,11560,0,525,5703,1000,5000,0,7790,0
80000,2,1,1,39,1,2,2,2,0,0,21340,22389,23017,22349,22791,23331,1700,1280,0,814,905,30331,0
310000,2,1,1,39,-1,-1,-1,-1,0,0,3803,678,3050,9080,4990,4940,681,3072,9100,23,4964,1676,0
90000,2,2,1,44,2,2,-1,-1,-1,-1,1654,827,827,2040,1279,1292,0,827,2040,1279,1292,1378,0
180000,2,2,1,35,-1,-1,-1,-1,-1,-1,11285,11781,13613,8401,1859,429,11798,13694,8401,1859,429,946,0
50000,2,1,2,37,0,0,0,-1,0,0,43886,50411,9688,857,3810,4741,2500,7026,1000,3000,1000,1000,0
100000,2,4,2,34,0,0,0,0,0,-1,91674,91348,87244,23181,7721,3219,5004,3811,3002,4000,3219,1864,0
150000,2,2,2,44,2,2,0,0,0,0,168179,159008,157164,155109,153033,156636,0,5684,5538,5410,11000,0,1
350000,2,2,1,43,-2,-2,-2,-2,-2,-1,2124,3027,2448,4590,0,430,3048,2460,4616,0,430,430,0
130000,2,3,1,44,0,0,0,0,0,0,40331,43929,45816,47018,48550,49737,5000,3390,3000,3000,1955,3000,0
450000,2,1,1,39,-2,-2,-2,-2,-2,-2,8494,24178,5307,118852,11489,26518,25128,5318,118877,11489,26518,3575,0
470000,2,2,2,43,-2,-2,-2,-2,-2,-2,5631,404,-3,-3,352,0,404,0,0,355,0,2090,0
200000,2,1,2,43,-2,-2,-2,-2,-2,-2,-109,-109,-109,-109,-109,-109,0,0,0,0,0,0,1
160000,2,2,1,36,-2,-2,-2,-2,-2,-2,-20,-20,3640,2935,1603,14129,0,3660,3135,1650,14200,1500,1
360000,2,1,1,36,-2,-2,-2,-2,-2,-2,0,0,0,0,0,0,0,0,0,0,0,0,1
200000,2,2,2,33,-2,-2,-2,-2,-2,-2,1502,3806,0,4573,1242,0,3836,0,4573,1242,0,3239,0
30000,2,3,2,47,2,2,2,0,0,2,11652,12461,11970,12981,14077,14367,1300,0,1214,1310,660,0,1
210000,2,2,2,43,0,0,0,0,0,0,209781,180962,181870,159975,138349,112371,6500,6601,5085,4087,4220,27704,0
400000,2,2,1,46,0,0,0,0,0,0,43405,39802,37115,39907,35061,35969,15000,15000,10000,15000,20000,20000,0
120000,2,2,1,50,0,0,0,0,0,0,118492,119637,102228,75558,47536,44749,6141,4474,2647,1367,1322,1500,0
60000,2,3,1,63,0,0,0,0,0,0,59471,59021,49580,38140,29843,27719,2400,1940,1477,1025,1006,1261,0
30000,2,3,1,51,0,0,2,2,2,0,22373,25363,23582,21422,18302,16527,3400,1400,1000,700,1000,488,0
20000,2,2,1,54,3,2,3,2,2,2,6329,8488,8212,7931,8797,8514,2415,0,0,1000,0,500,1
80000,2,3,1,55,0,0,0,0,0,0,59838,63860,59515,48444,44372,45412,10000,5000,4000,4851,3000,2200,0
150000,2,2,1,51,0,0,0,0,0,0,146018,147598,148393,149709,107862,108623,7000,7600,6000,4000,4100,4300,0
490000,2,1,1,53,-2,-2,-2,-2,-2,-2,1700,8913,0,400,4186,6205,8913,0,400,4186,6205,2025,0
340000,2,2,1,57,-1,-1,-1,-1,-1,-1,16729,8942,10301,20793,14817,4614,8942,10321,20793,14817,4614,7005,0
100000,2,2,1,55,2,2,2,2,2,2,44400,47439,48385,49285,50176,51228,4100,2000,2000,2000,2000,0,1
30000,2,3,1,52,1,-2,-2,-2,-1,0,-190,-760,-760,-760,760,760,0,0,0,1520,0,0,0
260000,2,3,1,59,0,0,0,0,0,0,258885,261183,262546,238614,195149,195771,10000,11000,13067,10003,8000,11488,0
50000,2,3,1,53,0,0,0,0,0,0,48549,49180,48521,8731,8777,9261,2277,2290,1500,1000,1000,2000,1
200000,2,3,1,50,0,0,0,0,0,0,8413,8611,15818,21813,20890,29890,5000,8000,10000,10000,10000,4686,0
20000,2,2,1,51,2,2,2,2,0,0,17612,18820,19717,18701,18726,18501,1800,1500,0,1000,1000,1000,0
360000,2,2,1,52,1,-2,-2,-2,-2,-2,0,0,0,0,0,0,0,0,0,0,0,207,0
400000,2,2,1,48,0,0,0,0,0,0,352730,335226,317661,319004,316611,314106,12370,15012,13000,12055,13368,12000,0
300000,2,4,1,54,1,-2,-2,-2,-2,-2,0,0,1702,0,0,0,0,1702,0,0,0,0,0
50000,2,2,1,50,0,0,0,2,0,0,12699,13734,17634,17053,17394,18563,1247,4147,0,624,1451,0,0
80000,2,3,1,54,0,0,0,0,0,0,55498,56368,42486,24500,28900,29400,2000,2000,1600,5000,1000,600,0
50000,2,3,2,50,1,-2,-2,-2,-2,-2,0,0,0,0,0,0,0,0,0,0,0,0,1
30000,2,2,1,49,1,2,-1,-1,-1,2,10440,9972,16073,6342,8073,1731,0,16101,6342,1731,0,5517,0
50000,2,2,1,58,0,0,0,0,0,0,50182,41207,19129,18538,17494,17833,1500,1700,1500,700,1000,1000,0
360000,2,3,1,47,0,0,0,0,0,0,366484,365469,364081,365927,363629,303097,14463,15861,13600,12057,9340,9515,0
240000,2,3,2,49,-1,0,0,0,2,0,1271,4241,7164,10041,9731,13540,3000,3000,3000,0,4000,3000,0
210000,2,1,1,53,0,0,0,0,0,0,180227,186423,169614,172297,177427,182399,11000,8000,7000,8000,8000,9000,0
210000,2,1,2,50,-1,-1,-2,-1,-1,-1,1561,0,0,806,1945,0,0,0,806,1945,0,1315,0
500000,2,1,1,52,-2,-2,-2,-2,-2,-2,9534,9164,9285,20348,10893,9697,9267,9961,20390,10925,9718,13021,0
110000,2,1,1,52,-1,-1,-2,-1,-1,-2,1865,0,0,1930,-170,-170,0,0,1930,0,0,0,0
50000,2,3,3,53,0,0,0,0,0,0,49326,50302,50036,48816,19587,18406,1803,2100,1500,1000,700,600,1
280000,2,2,1,57,-1,-1,-1,-1,0,-1,7640,9369,12261,12610,3160,9380,9369,12277,12610,0,9380,2098,0
140000,2,3,1,56,0,0,0,0,0,0,141342,137996,139888,126590,111187,111414,5025,5962,4878,4100,4200,4003,0
190000,2,2,1,52,-2,-2,-1,-1,-1,-1,175,1547,6101,4803,5039,0,1547,6101,4803,5039,0,0,0
230000,2,1,2,53,-2,-2,-2,-2,-2,-2,0,742,0,0,596,4870,742,0,0,596,4870,0,0
300000,2,2,2,57,-1,-1,-1,2,-1,0,2890,390,1380,390,1170,390,390,1380,0,1170,0,0,0
200000,1,2,2,30,0,0,0,0,0,0,183464,184391,169311,165686,162639,165627,7197,7035,7032,6008,7002,6523,0
150000,1,1,2,26,-1,0,0,0,0,0,29997,31171,30356,30545,31257,33762,2000,2000,2000,1200,3000,2000,0
400000,1,2,1,30,-1,0,0,0,-1,-1,11633,12294,13038,13751,5765,21784,1200,1287,1000,5819,26957,507,0
20000,1,1,2,27,1,2,2,2,0,0,15678,15129,17973,31269,11401,8311,0,3100,0,2000,1000,2000,0
90000,1,2,2,28,2,2,0,0,2,0,82671,78750,66605,63795,61061,54646,0,3324,5380,0,2000,1800,1
200000,1,2,2,25,1,2,0,0,0,0,124652,109401,63518,14607,16399,18026,6,5000,2000,2000,2000,20000,0
230000,1,2,2,30,-1,0,-1,0,0,0,9125,7795,191795,192255,187755,187740,4000,191795,10000,8000,8000,8000,0
200000,1,1,2,30,-2,-2,-2,-2,-2,-2,0,0,0,0,0,0,0,0,0,0,0,0,0
400000,1,1,2,36,-2,-2,-2,-2,-2,-2,0,0,0,0,0,0,0,0,0,0,0,0,1
20000,1,2,2,23,2,0,0,2,2,-2,15021,17452,19853,19437,0,0,6000,3000,295,0,0,0,1
20000,1,3,2,22,0,0,0,0,0,2,18306,18977,19328,19035,19262,12308,1287,1462,1522,1165,0,1000,0
20000,1,2,2,21,0,0,0,0,0,0,18671,18497,19633,18347,9347,0,1614,1750,1000,1000,0,0,0
50000,1,2,2,24,-1,-1,0,0,0,0,90,6560,7029,1734,916,18864,7396,1459,1000,18,18784,1000,0
20000,1,2,2,22,2,3,2,2,2,0,15662,16004,17046,16676,16704,16984,900,1600,200,600,700,2100,0
50000,1,3,1,22,0,0,0,0,0,0,45458,46450,47599,48456,44546,43256,2051,2200,2016,2009,2092,1020,1
420000,1,2,1,24,0,0,0,0,0,0,392639,397332,376317,214062,164003,162836,16117,20516,7092,6019,4636,5570,0
20000,1,4,2,21,0,0,0,0,0,-2,13203,4443,3259,2969,0,0,1036,1132,2000,0,0,0,0
50000,1,3,2,26,2,0,0,0,0,0,31708,32439,28302,13881,14376,15261,1700,2000,1500,1100,1500,2000,0
20000,1,2,2,24,0,0,2,3,2,2,14068,16706,18342,17755,17967,17538,3200,2200,0,800,0,1401,0
20000,1,3,2,24,0,0,0,0,0,0,3724,5646,6808,14046,13924,16924,2000,1262,7500,278,3000,0,0
100000,1,3,2,25,0,0,0,0,0,0,76068,69334,54883,55383,36095,31322,2895,2088,1511,1124,1053,1009,0
20000,1,3,2,24,1,3,2,0,0,3,14665,14146,13634,14401,16257,15713,0,0,1300,2101,0,0,1
20000,1,2,2,23,0,0,0,0,0,0,20432,16941,18066,19259,20071,19800,1280,1405,1598,1410,1021,0,0
20000,1,2,2,23,2,0,0,2,0,0,15789,16831,20404,19621,14051,0,1610,4183,0,281,0,0,1
130000,1,2,2,25,0,0,0,0,0,2,72850,74937,75900,74982,79701,81282,3300,2800,3000,6000,3000,0,0
160000,1,2,2,25,0,0,0,0,0,0,4071,4554,4770,5494,4586,4686,1060,1276,1000,92,100,1000,0
240000,1,2,2,26,0,0,0,0,0,0,27967,28707,27970,187880,169261,148519,10016,2081,169267,5062,4608,5096,0
500000,1,3,2,30,-1,0,0,0,-1,-1,1092,5227,5453,5540,6263,1831,4303,1096,1020,6315,1833,9649,0
60000,1,2,2,26,0,0,0,0,0,0,59487,59199,59326,58938,30101,29735,2113,2500,3000,2500,1500,1100,0
20000,1,2,1,25,0,0,0,0,0,0,14447,15455,17562,17322,17119,17350,1552,2659,1419,606,500,1000,0
10000,1,2,2,26,0,0,0,0,0,0,8882,9933,9825,17506,16608,9176,1300,2200,1300,320,1820,1000,0
20000,1,4,2,26,0,0,0,0,0,-2,20564,20284,19394,39950,0,0,3055,1467,1096,1000,0,0,0
60000,1,2,2,26,0,0,0,0,0,0,58072,59040,57416,55736,26958,28847,2282,2324,2049,2000,3000,1120,1
30000,1,2,2,25,2,0,0,0,0,0,24279,25281,26568,29872,23504,25724,1713,2000,4000,0,3000,1000,1
50000,1,2,2,24,0,0,0,0,0,0,12236,13324,14403,15460,15804,16549,1300,1300,1300,600,1000,602,0
360000,1,1,2,24,2,0,0,-2,-2,-2,1188,1803,777,-3,-3,-3,1003,783,0,0,0,0,1
160000,1,1,2,26,0,0,0,0,-1,-1,138825,135233,130038,79027,6666,6666,6800,5600,3715,6666,6666,6666,1
130000,1,2,2,27,-1,-1,-1,-1,-1,-1,6136,9258,3397,2435,1570,1467,9272,3397,2435,1570,1467,550,0
200000,1,3,2,28,0,0,0,0,0,0,203357,201115,192220,180090,184603,189340,7064,7048,6000,6500,7430,0,0
160000,1,3,2,26,0,0,0,0,0,0,58929,60950,61292,16623,33393,34220,3000,2000,15000,33000,3000,1100,0
260000,1,2,2,32,0,0,-2,-1,-1,-1,60587,-83,-83,458,-7941,156600,0,0,541,4538,166000,6000,0
160000,1,1,2,27,-1,-1,-1,-1,-1,-1,5574,3327,5958,55914,23285,29170,3353,7916,56116,23302,11580,9976,0
130000,1,2,2,27,0,0,0,-1,0,0,7100,4007,4900,1235,3946,2817,1100,1000,1235,3011,1008,966,0
30000,1,2,2,28,1,2,2,0,0,0,26026,27300,26577,28120,29659,30394,2000,0,2000,2000,1200,1000,0
110000,1,1,2,28,0,0,0,0,0,0,107800,105820,104780,98139,72176,74011,4000,4000,4100,3000,3000,3000,0
40000,1,2,2,28,-1,-1,-2,-2,-2,-2,3333,-167,-5187,-187,-187,113,167,4982,5000,0,3335,27000,0
210000,1,2,2,28,2,0,0,-1,0,0,209479,211302,-4244,205759,151849,150221,10000,2572,213509,6022,5817,4048,1
200000,1,4,2,28,-1,-1,-1,-1,-1,0,1707,1106,2628,7502,38584,16990,1109,2807,26316,50108,85,1746,0
10000,1,2,2,23,0,0,0,0,0,0,4304,5324,6509,7313,6469,6988,1100,1279,1083,500,1000,1000,0
110000,1,2,2,24,0,0,0,0,0,0,74349,70338,71796,73253,74138,75691,3101,3187,3244,2700,2748,3331,0
140000,1,1,2,29,1,-2,-2,-2,-2,-2,0,0,0,0,0,0,0,0,0,0,0,0,0
20000,1,1,2,29,0,0,0,0,0,0,22819,19296,20183,20036,19965,20061,1700,2000,1600,1000,1500,1000,0
230000,1,2,1,28,0,0,0,-1,0,0,231357,233543,99033,237008,184695,185116,10000,7000,237008,6488,6605,6800,0
200000,1,1,2,28,2,-1,3,2,-1,-1,833,932,662,311,355,1266,932,0,0,355,1200,0,0
80000,1,2,1,29,4,3,2,2,2,2,12237,11756,11281,12785,12283,13184,0,0,2000,0,1100,0,1
260000,1,1,2,30,-1,0,0,0,0,0,182329,181133,177351,175130,182154,188264,10000,10000,10000,10000,10000,17000,0
200000,1,2,2,30,-1,-1,-1,-1,-1,-1,15140,18028,16456,15370,14966,16230,18044,16474,15392,14972,16240,14960,0
20000,1,3,1,30,0,0,-1,-1,-1,-2,16925,12216,1179,1536,-301,-301,1000,1179,1536,0,0,0,1
30000,1,2,1,30,-2,-1,-1,-2,-2,-2,5678,20762,2462,13019,4679,0,20774,2476,13263,4793,0,0,0
110000,1,1,2,30,0,0,0,0,0,0,57040,51123,47251,46630,52889,53907,5000,4000,4000,10000,5000,5000,0
240000,1,2,1,31,0,0,0,0,0,0,168376,172809,176012,179175,180809,184383,7648,7900,8000,6500,6900,7000,0
200000,1,3,2,27,-1,-1,0,0,0,0,4484,192047,191248,191678,182676,181568,195316,7019,7493,5275,5786,20031,0
230000,1,1,2,30,0,-1,0,0,0,0,33400,36348,36163,32653,30821,29827,36348,3010,20000,1200,2000,1000,0
50000,1,2,2,30,1,1,-1,2,2,0,13745,-4338,46881,47832,46783,47890,125,52000,2000,0,2000,3700,0
90000,1,1,2,31,1,2,2,0,0,0,33868,34614,33776,34767,35504,36249,1600,0,1563,1300,1300,1438,1
180000,1,1,2,32,2,2,0,0,0,0,220901,207382,201883,196524,192243,186537,0,7820,7000,7000,5000,6000,1
400000,1,2,2,29,0,0,0,0,0,0,237425,242225,246475,252429,257510,262931,8600,8000,9000,8200,8500,8500,1
70000,1,2,2,30,0,0,0,0,0,0,68668,65750,67879,69161,68264,61757,2347,3182,3144,2600,2360,1300,0
200000,1,3,1,30,0,0,0,0,0,0,141785,144933,148103,148137,151505,154728,7000,7000,4000,4000,4000,4000,0
200000,1,1,2,30,2,4,4,4,4,4,173639,176605,179754,182763,184570,184091,7310,7459,7468,6275,3000,0,0
340000,1,2,2,30,0,0,-1,-1,0,0,20865,2611,3255,57920,23207,22659,2000,3255,57920,22659,2000,1000,0
80000,1,3,1,41,0,0,0,0,0,0,81070,63610,58099,52599,52519,46945,2385,5028,21595,5541,1507,3062,0
280000,1,2,2,30,0,0,0,0,0,0,29161,14908,237367,233819,198890,189064,1282,233836,6935,5931,19157,5905,0
400000,1,2,1,32,0,0,0,0,0,0,271974,337765,138235,136102,33340,63684,100000,10007,3601,22000,35802,2013,0
420000,1,1,2,35,0,0,0,0,0,0,413076,414013,417086,348345,287150,261219,15048,16078,12638,50700,20014,10127,0
60000,1,2,2,33,0,0,0,0,0,0,32961,31379,31328,30905,30237,28461,1799,3000,1420,2000,1164,2000,0
20000,1,3,2,45,1,-1,-1,-1,-1,-2,0,390,0,780,0,0,780,0,780,0,0,0,0
30000,1,2,1,38,0,0,-1,-1,-1,-1,18526,12529,5937,5880,1680,0,1500,5937,5888,1680,0,0,1
50000,1,2,3,37,0,0,0,0,0,-1,50239,49642,48381,44113,8522,17948,1799,2060,1014,170,17948,188,0
310000,1,1,1,33,1,2,0,0,0,0,232244,157098,84865,70995,45838,36252,40,3959,2807,2000,3000,2000,0
140000,1,1,1,38,-1,-1,0,-1,-1,-1,1110,24629,22984,4456,3351,9038,24633,10066,4457,3353,9038,0,0
290000,1,2,1,36,0,0,0,0,0,0,154923,159186,323836,112929,62375,63637,6507,6400,4490,2000,2306,2912,0
20000,1,2,2,32,0,0,0,0,0,0,15121,15424,15468,11082,11303,10768,1700,1488,1172,393,415,616,0
50000,1,3,1,45,4,3,2,0,0,0,50419,49331,48268,49075,49475,48575,0,0,2000,1000,1000,2000,1
120000,1,2,1,39,0,0,0,2,2,2,93673,95590,101562,94307,89867,81617,4375,8485,524,6004,5,3073,0
360000,1,2,1,37,1,-2,-2,-2,-2,-2,0,0,0,0,0,0,0,0,0,0,0,0,0
480000,1,1,1,41,1,-2,-2,-2,-2,-2,0,0,0,0,0,0,0,0,0,0,0,0,0
240000,1,2,2,46,0,0,0,0,0,0,262206,257969,256740,246364,127177,33622,9200,12000,5700,3200,1200,1000,1
210000,1,3,2,32,0,0,0,0,0,0,204157,211065,206043,181945,52712,3574,10059,10120,8256,5000,4036,153904,0
50000,1,2,1,47,-1,-1,-1,2,0,-1,390,390,780,780,390,390,390,780,390,0,390,0,0
160000,1,1,2,33,2,2,2,2,2,2,101430,103870,106719,107485,108326,110635,5000,6000,4000,4100,4200,4200,0
60000,1,2,2,33,0,0,0,0,0,-1,56221,58271,58446,53368,-632,15368,3000,3000,3000,0,16000,1000,0
230000,1,1,1,44,1,-1,-1,0,-1,-1,-213,2302,22049,20756,8035,10766,5000,22068,2014,9000,10766,7721,0
50000,1,2,1,33,0,0,0,0,0,0,22384,13538,9199,6879,6753,5440,1320,2000,1284,264,109,390,1
220000,1,1,1,49,-1,-1,-1,-1,-1,-1,1410,580,1386,-14,6160,1307,580,1386,0,6174,1307,1341,0
260000,1,1,1,34,-2,-2,-2,-2,-2,-2,-40,-40,-40,8117,-8,-8,0,0,8157,0,0,1673,0
80000,1,1,1,42,1,2,2,2,2,2,45619,46567,47522,48373,47442,50501,2000,2000,2000,0,4000,0,0
100000,1,2,2,43,0,0,0,2,0,0,42529,43526,46628,45578,46486,47457,1703,3805,0,1663,1719,1728,0
70000,1,1,2,31,0,0,0,0,0,0,47873,52440,55961,63341,64694,67905,6000,5000,10000,3000,5000,3000,0
150000,1,1,2,48,0,0,0,-1,-1,-1,104320,82478,73465,10000,10000,10000,2433,1786,10000,10000,10000,0,0
50000,1,3,1,49,0,0,0,0,-2,-2,18139,9198,10000,0,0,0,1198,1000,0,0,0,0,1
50000,1,2,2,38,0,0,0,0,0,0,52711,47302,48540,48355,18184,18591,1769,2007,1822,651,700,1000,1
510000,1,3,2,31,1,-1,0,0,0,0,0,14370,17023,9706,7271,9551,14370,3500,2500,1380,2380,3000,1
420000,1,2,1,35,-1,-1,-1,-1,-1,-1,9288,16880,28690,13310,3539,2926,17095,28824,13367,3547,2936,9580,0
200000,1,1,1,36,-1,-1,-1,-1,-1,-1,1990,1186,4078,3000,3849,4479,1186,4092,3000,3849,4479,8120,0
160000,1,1,1,41,1,-2,-2,-2,-2,-2,0,0,0,0,0,0,0,0,0,0,0,0,1
20000,1,3,2,48,-1,-1,-2,-1,-1,-1,170,-220,-610,390,0,19993,0,0,1390,0,20773,400,0
180000,1,2,1,33,-2,-2,-2,-2,-2,-2,3187,3198,264,7352,1385,7880,3198,264,7373,1385,7880,0,0
20000,1,3,1,45,0,-1,2,0,0,2,8541,5577,5346,9984,19089,18356,5577,0,5000,10089,0,2000,0
100000,1,2,2,32,-1,2,-1,-1,-1,-1,4080,2271,4100,7980,0,9487,0,4107,7980,0,9487,8333,0
100000,1,2,1,46,1,2,2,0,0,0,22648,23978,23312,24617,25109,25654,2000,0,2000,1200,1100,1200,1
280000,1,2,1,38,-1,-1,-2,-2,-2,-2,3300,0,0,0,0,0,0,0,0,0,0,0,0
230000,1,1,2,45,-2,-2,-2,-2,-2,-2,50500,22771,2652,12097,30096,8961,22771,2652,12097,30096,8961,38591,0
290000,1,1,1,40,0,0,0,0,0,0,97193,98441,95169,93718,89712,82809,6000,4000,4250,5000,3241,3500,0
350000,1,3,1,35,0,0,0,0,0,0,218605,166310,166106,100151,50340,51400,6222,7174,4200,2400,2400,2500,0
490000,1,1,1,41,0,0,0,0,0,0,79712,81707,85703,87725,88727,91483,3000,5000,4000,3000,4000,5000,0
600000,1,1,1,36,0,0,0,0,0,0,372396,416438,459749,455910,463611,466570,50000,50000,15000,20000,15000,7000,0
280000,1,3,1,39,-1,-1,-1,0,0,0,1466,1466,25482,24942,23944,23068,1473,25489,1348,816,934,20007,0
200000,1,1,2,33,2,2,-1,-1,-1,-1,234069,8206,1892,8484,4602,67037,16412,1892,8484,4602,67037,9541,0
50000,1,1,2,31,3,2,2,3,3,3,1050,1050,1050,1050,1050,1050,0,0,0,0,0,0,1
500000,1,1,1,47,1,-1,-1,-1,-1,-1,0,1200,163,1131,150,165,1200,163,1142,150,165,8530,0
220000,1,2,2,35,0,0,0,0,0,0,237976,232993,229896,226036,222487,210628,8300,8500,8000,7900,7800,8000,0
100000,1,2,2,28,-2,-2,-2,-2,-1,-1,0,0,0,0,60,210,0,0,0,60,300,3700,0
80000,1,2,1,45,2,2,2,2,2,0,35169,39069,38166,40642,39689,41043,4500,0,3427,0,2000,3000,1
70000,1,2,2,29,0,0,0,0,-1,-1,58305,61710,64114,66775,161,5746,5000,4000,5000,161,5800,1500,0
290000,1,2,1,36,0,0,0,0,0,0,72774,67311,66183,61332,62445,59213,3500,3000,3000,3000,3000,3000,0
300000,1,2,2,30,-1,-1,0,0,0,-1,18468,60489,63982,124493,16367,41338,61200,45153,102749,186,45079,40000,0
210000,1,2,1,44,1,-2,-2,-2,-2,-2,0,0,0,0,0,0,0,0,0,0,0,0,0
480000,1,1,1,37,1,-1,-1,-1,0,0,6071,7994,8313,25714,25710,20110,8023,8351,25753,14012,10021,12462,0
390000,1,2,1,34,-2,-2,-2,-2,-2,-2,-702,-808,-1141,-1247,-1353,-1459,0,0,0,0,0,0,0
130000,2,1,2,33,2,2,-2,-2,-2,-2,1022,0,0,0,0,0,0,0,0,0,0,0,1
180000,1,3,2,41,0,0,0,0,0,0,183047,182506,183363,183013,142048,142570,6704,6973,7023,7000,6000,5357,0
70000,1,2,1,45,0,0,0,0,0,0,67062,68622,28236,30750,35205,37466,3000,1500,3000,5000,3000,5000,0
30000,1,2,2,40,0,0,0,0,0,0,21617,24133,25239,26314,27074,28723,3200,1800,1800,1500,2250,600,0
90000,1,1,1,38,2,0,0,0,0,0,88937,87866,87343,89786,67803,69324,3103,3500,4200,2426,2613,3000,1
430000,1,1,2,40,-2,-2,-2,-2,-2,-2,2099,8256,4353,471,5779,4468,8297,4391,473,5808,4489,3934,0
50000,1,1,1,49,1,2,0,0,0,0,27231,26500,27533,28569,28901,31095,0,1764,3400,1100,2660,0,1
500000,1,1,1,46,-2,-2,-2,-2,-2,-1,18664,67646,-214,-214,42772,45282,68013,0,0,42986,45508,9055,0
50000,1,3,2,35,0,0,0,0,0,0,38536,39891,41945,44064,45182,47408,2000,2381,2500,1500,3000,0,0
20000,1,2,1,40,1,2,0,0,0,2,8201,8912,10110,10817,11637,11307,1000,1500,1180,1000,0,1000,1
20000,1,2,2,43,0,0,2,2,2,2,5909,8134,7859,9518,9216,10067,2500,0,1800,0,1000,0,0
20000,1,2,1,43,2,0,0,2,0,0,11573,12372,14946,14409,16659,17887,1300,2787,0,2500,1500,0,1
180000,1,4,1,40,0,0,0,0,0,0,78170,80559,82947,84379,85789,94088,4000,4000,3100,3100,10000,6000,0
210000,1,1,2,36,-1,-1,2,-1,-1,-1,931,2562,736,270,-466,1798,2570,0,270,0,3000,0,0
30000,1,1,1,35,1,2,2,2,-1,0,18829,19223,20599,15642,23789,20562,1000,2014,6,25700,800,1989,1
160000,1,2,1,47,-1,-1,-1,-1,-1,0,988,779,637,2667,16746,23591,779,638,2670,16746,7069,7000,0
130000,1,2,1,38,0,0,0,0,0,0,123044,122981,102151,90917,92729,93359,4949,4000,3250,3231,3324,3242,0
60000,1,2,1,45,0,0,0,0,0,0,67719,69501,58536,56705,18352,18195,3000,12423,2000,2000,1000,1000,0
50000,1,2,1,43,0,0,0,0,0,0,48919,48775,48731,48934,29116,28999,1800,2200,1400,582,580,30000,0
200000,1,3,1,49,0,0,0,0,0,0,51437,52580,53732,54837,56025,59511,2000,2000,2000,2100,4400,0,0
320000,1,2,1,34,0,0,0,0,0,0,117983,111695,112030,152291,138731,132197,10009,15000,50551,10000,10000,8000,0
50000,1,2,1,44,2,2,0,0,3,2,127510,123969,128267,139912,136604,134705,0,6300,15300,0,0,9500,1
120000,1,1,1,44,1,2,2,2,2,2,75294,76465,74675,79629,77748,82497,3000,0,6200,0,6000,0,1
360000,1,2,1,44,-2,-2,-2,-2,-2,-2,1824,1740,0,0,1499,4001,1740,0,0,1499,4001,203,0
320000,1,2,1,35,0,0,0,0,0,0,10125,11475,12549,10853,11755,7559,1526,1600,1098,1000,272,300,0
90000,1,1,1,41,0,0,0,0,0,0,88805,86939,86360,67145,30834,50585,3500,4000,3000,2500,42200,1900,0
140000,1,2,1,35,1,2,2,0,0,0,147946,150934,136222,124871,118141,111716,7000,10,6015,4000,4000,5000,0
110000,1,2,2,38,0,0,0,0,-2,-2,106113,57228,10018,0,0,0,1635,1000,0,0,0,0,0
350000,1,2,2,32,0,0,0,0,0,0,262576,237656,222586,205845,174438,157061,10013,10029,10009,5609,6000,10000,0
120000,1,2,1,37,2,2,0,0,0,0,45902,44868,45943,46976,47891,51036,0,2100,2100,2000,4100,3000,1
310000,1,2,1,41,-2,-2,-2,-2,-2,-2,34682,23594,-26,5333,-56,-56,23712,0,5359,0,0,0,0
20000,1,3,2,43,0,0,0,0,0,0,12648,14126,15162,17891,18590,19286,2000,1271,3000,1000,1000,1000,0
350000,1,1,2,30,2,2,-1,2,0,0,832,0,1844,1248,832,416,0,1844,0,0,0,832,1
260000,1,2,1,37,0,0,0,0,0,0,131472,134283,130398,134075,130448,134477,5036,5000,5035,5000,5097,5008,0
90000,1,2,2,44,1,2,2,2,2,0,36835,35949,40567,41604,40637,41824,0,5539,2000,0,2000,3000,0
500000,1,1,1,46,-1,-1,-1,0,0,0,46178,56570,117102,159284,112078,136341,57498,120899,101500,30418,80668,50384,0
280000,1,1,1,32,0,0,0,0,0,0,284556,265099,270705,278771,283434,259699,9500,10750,12500,11000,9600,9200,0
330000,1,2,1,38,0,0,0,0,0,0,179935,177959,175259,153562,157072,158516,8000,6000,5600,6000,6000,6000,1
70000,1,2,1,37,0,0,0,0,0,0,68144,69548,70985,64905,48542,48525,2538,2607,2137,1714,1751,2153,0
230000,1,2,1,35,0,0,0,0,0,-1,22472,20911,24408,8747,-1231,4771,1330,5000,3060,91,6002,0,0
80000,1,1,2,38,-1,0,0,0,0,0,21788,32562,23346,18361,10434,7387,16445,1482,1011,8,111,3509,0
360000,1,1,2,30,-1,-1,-1,0,0,0,10821,5559,3272,13756,12852,20893,5586,3364,13132,10034,16104,14348,0
350000,1,1,2,29,0,0,0,0,-2,-2,16476,21256,25750,0,0,0,5000,5000,0,0,0,0,0
90000,1,1,2,32,2,0,0,0,0,0,63632,131132,66940,68332,70169,66709,3000,2431,2506,3000,2950,4000,1
50000,1,2,2,32,5,4,3,2,0,0,46750,45734,44741,43562,44039,45008,0,0,0,1262,1358,1275,0
380000,1,3,1,34,-1,-1,-1,-1,-1,-1,4539,4119,4686,2363,2416,4718,4131,4700,2382,2423,4732,2353,0
360000,1,1,1,34,-1,-1,-1,-1,-1,-1,6878,49190,38497,14342,17098,4546,49190,38610,14350,17098,4546,6229,0
200000,1,2,2,36,0,0,0,0,0,0,175353,150969,153856,156401,159300,160571,25001,5701,5576,6009,5811,6156,1
170000,1,1,1,35,-2,-2,-2,-2,-2,-2,-21,-21,-21,-21,-21,-21,0,0,0,0,0,0,0
350000,1,2,1,38,1,2,0,0,2,0,70845,69318,71301,75129,71313,68046,0,3500,5500,0,2500,2000,0
180000,1,3,1,36,-1,-1,-1,-1,-1,-1,1321,590,584,1196,3040,8009,590,584,1202,3049,8009,7820,0
270000,1,1,1,39,0,0,0,-1,0,0,18221,5973,6511,49873,44658,40703,3005,3027,49935,5021,2004,5008,0
280000,1,1,1,34,1,-2,-2,-1,-1,-1,0,0,0,17535,9119,18960,0,0,17535,9119,18960,1200,0
150000,1,1,1,40,0,0,0,0,0,-1,133013,123548,94995,52874,64269,73351,4159,4221,3094,30454,100049,5098,1
260000,1,2,1,42,-2,-2,-2,-2,-2,-2,246,246,246,246,246,246,246,246,246,246,246,246,0
150000,1,1,2,39,-2,-1,-1,-1,-2,-2,8766,5890,1000,0,0,0,5950,1010,0,0,0,0,0
200000,1,1,1,42,0,0,2,0,0,0,125722,134514,130952,132290,159160,162928,12400,0,5000,29160,6500,15044,0
80000,1,2,2,48,0,0,0,0,0,0,74349,75524,77448,48108,39104,39526,3400,4000,2000,2000,1423,2200,0
240000,1,1,1,35,0,0,0,0,0,0,188964,183744,168683,155064,148969,148619,8000,6017,6900,5250,5400,6200,0
420000,1,2,1,38,0,0,0,0,0,0,293402,297672,304702,311889,182087,185152,10433,12000,13302,7002,6500,7000,0
500000,1,2,2,33,0,0,0,0,0,0,134558,134503,114682,124240,131006,137911,5185,20031,20029,20058,20127,10000,0
50000,1,3,3,39,0,0,0,0,0,0,31514,32346,26223,25791,19476,19066,1710,1787,1295,825,684,784,0
290000,1,2,1,46,0,0,-1,0,0,-1,31824,20578,13505,13386,12536,5850,1529,13505,6000,5000,6000,0,0
30000,1,2,2,37,0,0,0,0,-1,0,31404,32302,27951,28475,29085,26810,1500,1476,1000,31000,1000,995,1
480000,1,1,1,49,-2,-2,-2,-2,-2,-2,63701,-220,38929,339176,33146,37337,0,39149,344261,33312,37511,31383,0
20000,1,2,2,53,0,0,0,0,0,0,17053,18952,15732,17330,17150,18150,2219,2000,2000,1000,1000,0,1
170000,1,2,1,52,3,2,2,-2,-1,-1,2184,1990,0,0,3955,1278,0,0,0,3955,1278,1316,0
60000,1,3,1,50,-2,-2,-2,-1,-1,-2,1400,373,1299,1170,600,510,373,1299,1172,600,510,600,0
10000,1,3,2,61,0,0,0,0,0,0,7700,8595,9273,9774,9973,9638,1293,1235,1000,199,193,197,1
50000,1,3,2,58,0,0,0,0,0,0,46190,44450,50266,19729,20149,19593,2000,20266,1300,700,700,700,0
50000,1,3,1,60,1,2,0,0,0,0,52198,50062,50284,50740,30175,30407,0,2310,1766,1201,1232,1199,0
20000,1,2,1,56,0,0,0,0,0,0,17768,18378,19077,19467,19155,19098,1600,1689,1469,547,500,547,0
240000,1,4,1,50,0,0,0,0,0,0,236470,242059,235353,240001,190904,193710,9560,9000,8790,8013,8125,8000,0
130000,1,3,2,54,2,0,0,0,0,0,98285,94075,92857,95351,95525,96980,4300,4300,7400,3600,4000,4000,0
130000,1,2,1,48,2,0,0,0,0,0,121409,123106,125614,125451,84103,84436,6000,6592,4000,3000,3062,4000,1
240000,1,1,1,48,0,0,0,0,0,0,234984,234559,240896,135900,135853,127777,9500,11217,4855,4000,3200,3000,0
20000,1,1,2,50,0,0,0,0,0,0,17820,18626,18980,7674,5708,4899,1435,1179,1000,114,98,1874,0
400000,1,1,1,50,0,0,0,0,0,0,16241,14697,12762,13043,10137,8249,1217,1302,1052,510,305,512,0
160000,1,1,1,53,0,0,0,0,0,0,205134,46181,47242,48355,49552,50655,1800,1800,1900,2000,1900,2000,0
550000,1,1,1,53,0,0,0,0,0,0,201417,205430,209720,214030,218096,210264,7110,7353,7534,7385,7253,15000,0
300000,1,1,1,55,0,0,0,0,0,0,127480,130168,134080,126996,127820,130325,4810,6164,6069,4425,4412,4123,0
480000,1,1,1,66,-1,-1,-1,-1,-1,-1,3820,4665,5367,21222,9083,84804,4665,5473,21284,9088,84804,6285,0
110000,1,2,1,49,0,0,0,0,0,0,106264,107417,108803,82231,25687,27266,4400,3600,4138,1000,2000,2000,0
50000,1,2,1,56,0,0,0,0,0,0,28358,25278,24713,22379,18943,15464,1416,1471,1147,531,464,451,0
170000,1,3,1,61,0,0,0,0,0,0,167535,166521,168824,164597,94094,92177,6000,7000,5000,4000,3500,3600,0
350000,1,1,1,50,0,0,0,0,0,0,93676,91832,88719,87968,84596,82785,3240,5006,4014,3010,3043,5003,0
160000,1,1,1,51,2,0,0,0,2,2,150,1380,1481,2623,2457,4912,1230,1331,2473,0,2500,0,1
500000,1,3,1,50,-1,-1,-1,-1,-1,-1,339,2744,4402,339,339,339,2744,4402,339,339,339,0,0
240000,2,2,1,34,-2,-1,0,0,0,0,0,2712,92496,95057,96974,98977,2712,90000,3346,2717,2796,2826,0
80000,2,1,2,29,2,2,2,2,2,2,41355,40395,43231,42236,44924,44072,0,3800,0,3400,0,3816,1
30000,2,2,2,22,0,0,2,0,0,0,27219,28987,27849,27451,24358,21192,3600,0,1400,487,424,0,0
70000,2,2,2,22,0,0,0,0,0,0,66007,57354,58204,58171,47135,44585,2057,2168,2000,2007,2000,2000,0
50000,2,3,2,23,0,0,0,0,0,0,29496,30504,30785,29405,26594,26732,1503,1493,1393,912,940,1000,0
80000,2,2,1,23,0,0,0,0,0,-2,54600,56379,55875,7552,0,0,3300,2640,1056,0,0,0,0
50000,2,1,2,23,0,0,0,0,0,0,49711,50820,41981,2888,2640,2140,2019,2564,1000,0,500,6859,0
50000,2,1,2,23,0,0,0,0,0,0,40111,41380,25865,26568,27249,27665,2252,1737,1440,1121,1004,1013,0
150000,2,2,2,24,1,2,0,0,0,0,65542,28311,23978,17853,34527,28277,0,2145,10000,22000,3000,5093,0
200000,2,2,2,24,0,0,0,0,0,0,52143,53186,55929,194441,146190,141550,1910,3600,141000,5100,5200,5100,0
110000,2,2,2,25,1,2,0,0,0,0,113385,109924,111805,108207,75808,78490,3900,6000,4380,3000,5000,10000,0
20000,2,3,2,22,0,0,0,0,0,0,16063,14928,14012,11965,11867,12850,1565,2006,2011,7000,2000,4000,0
80000,2,2,2,25,0,0,2,2,2,0,36841,39645,40713,41153,40036,40778,3900,2000,1575,0,1700,3700,1
150000,2,1,2,26,0,0,0,0,-1,-1,38580,38168,37775,36390,390,390,2000,3473,1000,390,390,390,0
50000,2,2,2,24,0,0,0,0,0,0,50870,49831,47162,47696,36476,32654,1985,2316,1850,1500,1200,5196,0
130000,2,2,2,25,0,0,2,0,0,0,45134,52180,49874,52000,53590,54606,9000,0,5000,4000,3000,3500,0
210000,2,3,2,25,0,0,0,0,0,0,118408,120176,118191,104908,95946,118796,8600,5000,4000,3000,29066,5000,1
50000,2,3,1,23,2,0,0,0,0,0,32847,29705,15445,16782,16960,17208,1941,1263,1600,754,671,831,1
50000,2,2,2,24,2,2,2,2,2,2,41500,39938,41688,45625,45907,44662,0,2700,4960,1700,0,3000,1
50000,2,1,2,23,1,-1,2,0,0,0,-69,7721,3079,7095,7237,6446,7790,0,4095,245,234,266,1
80000,2,2,2,25,0,0,0,0,0,0,77440,78418,78015,79571,80121,77304,3500,3000,3500,3000,3000,3000,0
80000,2,2,2,25,0,0,0,0,0,0,80115,77427,77657,70105,39751,14765,75004,3096,1887,1081,2044,0,0
30000,2,2,2,22,0,0,0,0,0,0,29449,30308,26186,27698,28987,29568,1402,2000,2000,2000,2500,2000,0
60000,2,3,1,23,2,0,0,0,0,0,60406,57491,59137,59345,29399,29339,2055,2570,1620,1020,1050,1080,0
100000,2,1,2,26,0,0,0,0,0,0,81463,83098,63848,64692,66114,67396,4000,3000,2500,2500,2500,2600,0
230000,2,1,2,25,0,0,0,0,0,0,35101,35695,11657,13258,12459,6886,5000,5000,3000,669,5000,19000,0
90000,2,2,2,25,0,0,0,2,0,0,103541,100190,99522,89674,10874,0,5000,8500,0,217,0,10610,1
70000,2,1,2,25,0,-1,-1,-1,-2,-2,5328,212,41069,-367,-367,-367,212,42000,0,0,0,0,0
200000,2,3,2,29,-1,-1,-1,-1,-1,-1,326,326,326,326,326,326,326,326,326,326,326,326,0
30000,2,2,1,28,0,0,0,0,0,0,8704,9698,11022,12032,12134,12439,1300,1488,1498,600,500,750,0
50000,2,2,2,24,0,0,2,0,-1,0,16691,15412,12420,13156,28315,28908,3500,0,1329,29328,1049,1186,0
130000,2,1,2,26,-1,-1,-1,-1,-1,-1,1094,1271,1205,1798,299,1280,1293,1205,1798,299,1280,3368,0
160000,2,1,2,27,1,-2,-2,-2,-2,-2,0,0,0,1900,0,2018,0,0,1900,0,2018,0,0
30000,2,2,1,25,0,0,0,0,0,0,28848,27932,27474,28351,26389,26992,2000,1524,1401,917,1000,2000,0
200000,2,1,1,32,-2,-2,-2,-2,-2,-2,14202,0,505,0,0,0,0,505,0,0,0,4950,0
80000,2,2,1,27,1,2,2,2,2,-1,3970,1603,3740,2000,0,2096,0,2191,0,0,2096,0,1
230000,2,1,2,28,0,0,0,-2,-2,-1,231591,102650,0,0,0,915,4650,0,0,0,915,4306,0
130000,2,2,1,26,2,2,2,2,0,0,5169,6228,6065,3489,3489,1163,1300,1250,0,0,0,0,1
30000,2,1,2,28,0,-1,-1,-1,-2,-2,13568,3166,821,0,0,0,3166,821,0,0,0,0,0
20000,2,1,2,25,0,0,0,0,0,0,17977,17776,18886,19551,18964,19676,2000,1700,1300,662,1000,747,0
150000,2,2,1,24,1,-1,-1,-1,-1,-1,-122,16711,8004,521,3776,165,16924,8004,521,3776,165,356,0
50000,2,1,2,27,0,0,0,0,-2,-2,45190,45277,44941,0,0,0,5277,4941,0,0,0,0,0
50000,2,1,2,22,0,0,0,0,0,0,38393,36240,31675,31849,31323,32620,2000,2000,2000,1500,3023,0,0
160000,2,1,2,27,0,0,0,2,2,0,97375,112373,119017,104417,62975,53299,20000,10000,3017,0,3000,2000,0
200000,2,2,2,23,0,0,-2,-2,-2,-2,61650,0,0,0,0,0,0,0,0,0,0,0,1
300000,2,2,2,25,-2,-2,-2,-2,-2,-2,780,390,334,780,2590,1490,390,334,780,2590,1490,11813,0
210000,2,2,2,27,0,0,0,0,0,0,46066,38952,29735,15381,12475,10535,1951,3034,3000,3000,3000,92,0
50000,2,3,1,24,1,-2,-1,0,0,0,-1037,-1037,49024,49806,30212,30419,0,52806,1872,1200,1100,1250,0
30000,2,1,1,23,2,0,0,0,0,0,25665,26669,28080,28836,28812,29400,1433,1844,1600,576,588,600,1
50000,2,2,2,23,0,0,0,-2,-2,-2,48424,45300,-100,-100,-100,650,1500,100,0,0,750,247,0
200000,2,2,1,34,-2,-2,-2,-2,-2,-2,17822,19741,18718,15033,12785,8426,19855,18914,15112,12849,8468,27378,0
110000,2,1,2,27,0,0,0,0,0,0,69970,66423,61951,59428,53678,52254,4009,5083,5002,4000,3000,5050,0
80000,2,2,2,27,0,0,0,0,0,0,23424,20510,20330,17050,10926,10068,5000,3500,3000,0,1000,10000,0
210000,2,2,2,27,0,0,0,0,0,0,83381,85097,86928,89471,91282,93309,3100,3200,4000,3300,3500,3500,0
200000,2,1,2,26,0,0,0,0,2,2,71574,74755,76945,82914,83733,80498,5000,4000,8000,2900,0,5700,1
240000,2,2,2,25,-2,-2,-2,-2,-2,-2,0,0,0,0,0,0,0,0,0,0,0,0,0
10000,2,2,2,33,-2,-1,0,0,2,2,-216,2784,5723,8607,8336,10209,3000,3000,3000,0,2000,0,0
220000,2,3,2,32,0,0,0,0,0,0,209259,192365,184198,171391,178742,164793,7000,15000,6000,10000,10000,7000,0
130000,2,2,1,34,2,2,2,2,2,2,28967,30776,33071,32336,34186,34588,2500,3000,0,2600,1000,1500,1
330000,2,1,1,41,1,-2,-2,-2,-2,-2,0,0,0,0,0,0,0,0,0,0,0,0,1
410000,2,2,1,42,0,0,0,0,0,0,407873,412650,415917,389659,342329,344974,18026,18026,14095,12037,15026,13026,0
100000,2,3,1,46,0,0,2,2,0,0,80402,86137,84998,85627,78245,79929,8000,1100,3000,3000,3100,3100,0
110000,2,1,2,28,0,0,0,0,0,0,91286,91850,84849,84362,59391,59129,8080,14298,2519,6616,1953,5300,0
450000,2,1,1,39,-1,-1,-1,-1,-1,0,3664,4587,4562,5001,39243,25512,4595,4562,5001,39292,0,62597,0
70000,2,2,2,41,0,0,0,0,0,0,72593,72526,70138,51781,29117,29264,4000,36500,2300,1500,2000,3000,1
80000,2,3,1,44,-1,-1,-1,-1,-1,-1,817,1131,817,1907,1962,1865,1131,1000,1907,2000,2000,700,0
210000,1,3,2,46,0,0,0,0,0,0,46743,50936,53107,53717,53255,55160,5000,4000,2350,2000,3000,3000,0
160000,2,2,2,33,0,0,0,0,0,0,140122,140225,140745,139923,140815,139935,6500,5211,5000,5000,5000,5000,0
500000,2,2,1,38,-1,-1,0,0,0,0,250,1384,6324,7353,5536,8321,1384,5000,1224,3003,3506,3552,0
120000,2,2,2,32,0,0,-2,-2,-2,-2,40420,0,0,0,0,0,0,0,0,0,0,0,0
300000,2,2,1,33,0,0,0,0,0,0,16260,11613,12893,10841,11900,0,1500,1513,1000,1059,0,0,0
70000,2,2,2,30,2,2,2,0,0,2,14232,15398,14866,15611,16753,16343,1700,0,1300,1400,0,1400,1
120000,2,2,2,30,-1,2,2,-1,-1,-2,5713,1492,0,6407,0,0,0,0,6407,0,0,3000,0
360000,2,1,2,36,-1,-1,-1,-1,0,0,4279,9398,26510,50810,20800,0,9398,26510,51109,2080,0,10080,0
90000,2,1,2,29,0,0,0,0,0,0,91643,90717,89053,82623,70740,69237,3338,3096,4000,3000,2829,2500,0
260000,2,2,1,35,-2,-2,-2,-2,-2,-2,4539,10417,7364,8144,8422,7740,10417,7364,8144,8422,7740,26318,0
30000,2,2,1,39,-1,-1,-1,-1,-1,-1,4042,5060,2300,0,780,0,5327,2300,0,780,0,0,0
420000,2,2,2,32,0,0,0,0,0,0,476396,470185,481811,473498,368338,348300,16007,19031,17014,12121,20014,11014,0
180000,2,2,1,41,0,0,0,0,0,0,110856,99925,102359,96462,96846,95549,5000,5024,4300,3500,4000,4000,0
500000,2,3,1,38,-2,-2,-2,-2,-2,-2,-40,-40,-40,-40,7980,20603,0,0,0,8020,20706,36759,0
340000,2,2,1,42,0,0,0,0,0,0,226644,225033,219702,132852,124168,119568,8000,9222,5000,4500,4500,3834,0
50000,2,3,1,45,0,0,0,0,0,0,20080,18866,21549,26163,26684,27753,1317,3000,5000,956,1500,3000,0
80000,2,1,2,43,0,0,0,-2,-1,-1,80958,77783,-478,-1739,1261,1261,1556,0,0,4261,1261,540,0
20000,2,1,2,29,1,-1,-1,-1,-1,-1,0,2494,3967,1364,600,0,2494,3967,1370,600,0,0,0
110000,2,2,1,35,0,0,0,0,0,0,28969,29568,30379,84257,84762,86139,1500,1706,55000,3200,3300,3300,0
140000,2,2,1,46,0,0,0,0,0,0,82497,83206,85862,86676,88948,54312,2978,3997,3140,3707,2104,1946,0
300000,2,1,1,34,2,0,0,2,0,0,74917,70878,68463,52987,46867,16335,3028,4560,78,3171,5015,5047,1
130000,2,2,1,39,0,0,0,0,0,0,125816,125804,124030,119966,89588,91178,7166,7501,6621,3501,3501,3612,0
180000,2,1,2,34,0,0,0,0,0,2,85129,88701,91356,94820,100740,99015,5000,5000,5000,7500,0,6000,1
370000,2,1,2,30,-1,-1,-1,-1,0,0,17004,19254,342,18295,14386,11961,19254,432,19584,0,0,1569,0
290000,2,2,1,33,0,0,0,0,0,0,149495,117275,110481,107735,100195,84268,3721,3700,4005,4000,3000,2928,0
20000,2,2,2,29,0,0,0,0,0,0,17648,13580,14204,15345,17764,20049,3000,5007,3000,3000,3000,3000,0
260000,2,1,1,31,0,0,-1,0,0,0,33142,34048,55117,57782,184810,171006,2000,56714,4100,160000,7000,7000,0
70000,2,1,2,27,0,0,2,0,0,0,72227,68097,65636,66114,66142,68380,6000,0,3000,2500,4100,4100,0
340000,2,2,3,35,-2,-2,-2,-2,-2,-1,132,132,132,132,132,112847,132,132,132,132,112847,5005,0
530000,2,2,1,44,0,0,0,0,0,0,562326,532374,537543,541019,468571,478034,20010,25022,21003,18003,20000,20004,1
60000,2,3,1,45,0,0,0,0,0,0,62396,36034,30534,28442,24544,24998,1500,1500,1404,1100,1000,1000,0
110000,2,2,1,31,0,0,0,0,0,0,109814,110215,40084,41101,41834,42874,4665,1670,1977,2000,2000,2000,0
60000,2,2,1,32,1,2,0,0,0,0,61291,57946,59534,60615,30592,28656,0,3120,3050,1136,1200,1206,1
500000,2,1,2,45,-2,-2,-2,-2,-2,-2,0,0,1742,27291,0,0,0,1742,27291,0,0,6386,0
300000,2,3,1,37,1,-2,-1,-1,0,0,43459,26115,26283,16624,6316,8394,26137,26443,16624,6166,8078,25763,0
20000,2,2,1,48,1,-2,-2,-2,-2,-2,0,0,0,0,0,0,0,0,0,0,0,0,1
500000,2,1,1,44,0,0,0,0,0,0,111937,104203,96617,97437,185322,179697,4000,4009,17446,100000,10000,20000,0
150000,2,2,1,35,0,0,0,0,0,0,216793,198866,193870,188045,178892,167419,4818,5024,4051,3788,3622,1215,0
510000,2,1,2,40,8,7,6,5,4,3,477094,469882,461402,452405,443657,437305,0,0,0,0,0,14000,1
170000,2,1,1,35,2,2,2,2,2,2,131909,133178,131711,139143,140987,144187,4800,2000,11000,5500,5500,5400,1
290000,2,2,1,30,0,0,0,0,0,0,284054,283149,284434,275889,218834,220695,10222,11019,9019,8010,8002,8001,0
200000,2,2,1,33,1,-1,0,0,0,0,-7082,12270,29787,32040,7773,12681,21179,20000,3000,1000,5000,500,0
50000,2,1,2,34,-1,-1,-1,-1,-1,-1,1884,1077,4886,3682,3190,2451,1077,5693,4255,3190,2451,4425,0
400000,2,1,2,37,1,-1,-1,-1,-1,-1,6914,72574,42176,75513,57104,53542,73036,42386,75865,57379,53787,13833,0
60000,2,1,2,31,-1,0,-1,2,2,2,2631,3610,855,111,411,261,2000,900,0,300,0,6500,1
320000,2,1,1,35,-1,2,-1,-1,-1,-1,6793,3659,232702,3529,14212,1166,5,232702,3529,14212,1200,8200,0
210000,2,2,1,34,-1,-1,-1,0,0,0,25650,1360,31793,32943,30019,30657,1360,31793,1943,819,763,2280,0
450000,2,1,2,32,0,-1,-1,-1,0,0,46437,7875,0,1000,17446,11062,7875,0,1000,16446,0,0,0
200000,2,1,1,42,-1,-1,-2,-1,-1,-1,2374,0,0,5144,0,931,0,0,5144,0,931,0,0
150000,2,2,1,42,0,0,0,0,2,0,15878,10389,6067,4823,6208,4824,1300,1040,1378,1560,128,239,0
160000,2,2,2,30,0,0,0,0,0,0,151620,150984,152705,102160,102969,105149,7300,6004,5170,4000,4000,4200,0
50000,2,2,3,45,0,0,0,0,0,0,44797,50215,49420,46434,45349,40755,46012,3000,1590,1285,1544,1761,0
180000,2,4,1,44,0,0,0,0,0,2,151538,133924,136707,139438,143513,141119,6256,6434,6506,10813,0,5557,0
180000,2,3,2,45,0,0,0,2,0,0,76942,77952,80269,66855,67128,67257,4003,5603,3,2504,2511,3021,0
110000,2,2,1,31,-1,2,2,-1,-1,-1,832,832,416,416,416,416,416,0,416,416,416,416,1
160000,2,1,2,32,-1,-1,-1,-1,-1,-1,9441,5714,5030,3181,4998,1250,5726,5037,3182,5000,1252,749,0
300000,2,1,2,30,-1,-1,-1,2,-1,-1,452,-6,835,665,2386,456,3,1466,70,2397,457,1003,1
300000,2,2,2,30,0,0,0,-2,-2,-1,133115,41300,0,0,0,2538,2300,0,0,0,2538,47473,1
310000,2,1,2,28,0,0,0,0,0,0,269832,261818,234621,242570,246073,248376,15327,10000,12000,9019,10024,15040,0
120000,2,3,1,43,0,0,0,0,0,0,116032,114987,117491,118513,75278,77070,4201,5001,4134,2700,3000,5030,0
200000,2,1,1,39,-1,-1,-1,-1,0,0,11399,395,5094,9204,9403,4602,400,9500,9250,5000,0,5000,0
140000,2,2,1,40,0,0,0,0,0,0,98221,97548,98457,102811,104605,106917,3600,5000,6000,5000,4000,10000,0
200000,2,2,2,31,0,0,0,0,0,0,203265,203147,203017,203109,203494,203920,7471,7848,8957,8000,7775,7341,0
490000,2,2,1,30,0,0,0,0,0,0,195330,200768,206026,203938,198453,200496,8683,10021,8017,16270,6599,6024,0
520000,2,1,1,43,0,0,0,0,0,0,146124,145785,147972,157115,196804,21550,6024,18069,30000,46805,21550,1287,0
210000,2,1,2,29,-1,-1,-1,-1,0,0,1383,484,971,3764,2221,266,484,980,4000,266,0,1913,0
430000,2,1,1,38,1,-1,-1,-2,-2,-1,-469,215,-101,-1217,-2333,2351,1000,0,0,0,5000,12000,0
310000,2,2,1,46,-2,-2,-2,-2,-2,-2,53474,11913,6629,34342,1900,5807,11919,6629,17171,3800,5807,1380,0
160000,2,2,1,40,-1,-1,-2,-2,-2,-2,6102,0,0,0,0,0,0,0,0,0,0,0,0
200000,2,3,1,45,0,0,0,0,0,-1,54721,52285,48615,41322,0,4300,2209,2109,10006,0,4300,1191,0
90000,2,1,2,27,2,2,0,0,0,0,28206,27459,28514,29733,30138,33248,0,1800,2000,1200,3600,0,1
210000,2,1,1,46,-2,-2,-2,-2,-2,-2,0,477,971,0,386,0,477,972,0,386,0,0,0
200000,2,1,1,31,-1,-1,-1,0,0,-1,11715,5209,10634,10982,1966,4883,5289,10641,2011,9,4890,15,0
720000,2,2,2,38,1,-2,-2,-2,-2,-2,5065,2184,1744,7323,711,970,2184,1744,7323,711,970,491,0
100000,2,2,1,30,-1,0,0,0,-1,-1,100037,101163,102712,99925,836,79013,3607,4001,2449,2836,79263,2442,0
200000,2,2,1,30,0,0,0,-2,-2,-2,25874,16298,0,0,0,0,1048,0,0,0,0,0,0
300000,2,1,2,48,-2,-2,-2,-2,-2,-2,0,0,0,0,0,0,0,0,0,0,0,0,0
210000,2,2,1,29,-2,-2,-2,-2,-2,-2,3814,-6,6456,0,2746,11613,0,6462,0,2746,11613,11753,0
50000,2,3,2,44,0,0,0,0,0,0,43828,40684,37338,31278,31811,28656,1947,1829,1644,4405,1104,2504,0
210000,2,1,1,35,-2,-2,-2,-2,-2,-2,2020,4055,0,0,0,0,4055,0,0,0,0,150,0
290000,2,3,2,35,0,0,0,0,0,0,159165,167485,167930,171146,174889,179149,11000,5600,5500,5500,6000,5500,0
500000,2,1,1,35,-1,-1,-1,-1,-1,-1,3290,10881,2517,2957,889,40855,11000,2517,2957,1000,41000,170,1
80000,2,2,1,35,3,2,0,0,0,0,78317,71421,59564,56592,52766,48208,9,2203,3006,3005,2005,2000,1
670000,2,1,1,43,0,0,0,0,0,0,55893,59131,61900,58225,61329,49369,10075,10063,10060,10028,10042,10055,0
150000,2,3,2,28,-2,-2,-2,-2,-2,-2,0,0,0,0,0,0,0,0,0,0,0,0,0
150000,2,1,2,28,0,0,0,0,0,0,12799,13726,14648,12115,12613,15225,1600,1500,1600,1000,3000,2200,0
50000,2,1,2,30,-2,-2,-2,-2,-2,-2,0,2070,0,0,0,0,2070,0,0,0,0,0,0
140000,2,2,1,36,-1,-1,-1,2,-1,2,430,303,8934,580,9071,6317,303,9061,0,9071,0,656,1
200000,2,2,1,29,-2,-2,-2,-2,-2,-2,8350,14139,3580,6386,868,10415,14185,7425,6386,868,10647,4320,1
160000,2,3,1,45,-2,-2,-2,-2,-2,-2,2869,2357,5608,1851,2801,3268,2361,5608,1851,2801,3268,2096,0
90000,2,2,2,43,0,0,2,0,0,0,17503,20898,20263,20145,24845,23745,4000,0,3000,8000,5000,5000,0
70000,2,2,1,48,0,0,0,0,0,0,20744,22093,23432,24217,19108,19649,2000,2000,1500,1000,1000,1000,0
130000,2,1,2,27,0,0,0,0,0,0,36487,37029,35595,36200,34081,31542,3000,3000,3000,2000,3000,3000,0
370000,2,2,1,47,-2,-2,-2,-2,-2,-1,1859,2232,4556,4333,2504,3431,2243,4578,4354,2516,3438,37467,0
140000,2,2,2,30,3,2,2,2,-1,-1,3043,4168,1420,0,49,49,1423,2,0,49,0,0,1
200000,2,1,1,34,-1,2,-1,0,0,0,860,430,3130,7585,11056,97451,0,3130,5000,4000,90000,15000,0
80000,2,2,1,37,0,0,0,0,0,0,81218,74073,68763,69192,70574,70470,2527,3691,2337,2512,2743,2463,1
50000,2,3,1,38,0,0,0,0,0,0,50312,50145,49386,19818,18540,19109,6000,3120,4300,1000,1000,1000,0
400000,2,1,1,28,-1,-1,-1,-1,-1,0,8716,211,4168,4049,4566,2578,211,4188,4061,4586,12,3837,0
280000,2,2,2,39,0,0,0,0,0,0,123997,126272,126953,106551,99592,100607,5600,5400,5006,3250,3400,3500,0
140000,2,2,1,37,0,0,0,0,0,0,58081,51013,54343,27537,9751,12569,5000,5000,5000,3000,3000,5000,0
500000,2,1,1,37,0,0,0,0,0,0,501369,505753,395522,312315,265742,248866,17204,13173,10143,7519,8866,7154,0
150000,2,2,2,44,0,0,0,0,0,0,37050,39471,41515,43879,44446,45394,3000,2636,3000,1528,1600,2000,0
90000,2,1,2,33,0,0,0,0,0,0,55937,57107,59753,61755,63629,54423,2100,4000,3000,3000,2323,2000,0
30000,2,2,1,46,1,2,0,0,0,0,26840,25311,25906,25494,24986,24915,0,1804,1200,500,737,0,0
210000,2,1,1,36,-1,-1,0,0,-1,-1,1630,25903,21313,0,1515,556,25903,1000,0,1515,556,19964,0
280000,2,1,1,37,-1,-1,-1,-1,0,0,733,168,786,1028,889,698,168,786,1028,698,0,0,0
200000,2,3,1,41,-1,-1,-1,-1,-1,2,3000,187,1306,3142,3332,1686,187,1306,3332,1686,0,1496,0
350000,2,1,1,30,0,0,0,0,0,0,43548,39873,52449,53581,45320,43421,15000,15000,6000,1013,1445,5000,0
230000,2,2,1,43,0,0,0,0,0,0,41435,42106,43532,44504,44267,45564,1674,3000,2011,1574,2000,2000,0
80000,2,2,2,34,1,-2,-1,-1,-1,0,-3,-3,1266,1347,2495,1248,0,1269,1351,2498,3,0,0
240000,2,1,1,32,2,2,2,2,2,2,209368,204501,223137,226470,229706,234889,0,22000,8500,8500,9000,0,1
30000,2,1,2,30,0,0,0,0,0,0,4480,8381,12085,16788,18388,23228,4000,5000,5000,2000,5000,500,0
160000,2,2,1,44,-1,-1,-2,-2,-2,-2,1224,0,0,0,0,0,0,0,0,0,0,0,1
180000,2,1,2,30,-2,-2,-2,-2,-2,-2,50055,5320,9758,6494,32830,3267,5320,10008,6500,32830,3267,2650,0
150000,2,1,2,31,1,-2,-2,-2,-2,-2,-512,-512,-512,-512,-508,-913,0,0,0,4,0,0,0
150000,2,1,2,26,0,0,2,0,0,0,65421,69087,63156,57147,53383,48556,4850,2000,2000,2000,2000,1500,0
300000,2,2,2,30,-2,-2,-2,-2,-2,-1,850,850,850,850,850,3688,850,850,850,850,4384,9480,1
90000,2,2,1,35,-1,0,0,-1,-1,-1,5488,2380,0,1700,1700,0,1000,0,1700,1700,0,1664,0
170000,2,2,2,34,-1,-1,-1,-1,-1,-1,3105,1599,1122,1692,648,0,1599,1122,1692,648,0,631,0
50000,2,2,2,34,0,0,0,0,0,0,31673,27572,29022,29368,16930,17284,1449,1899,1245,576,596,578,0
50000,2,3,1,34,-1,-1,-1,-1,0,0,390,390,390,11779,11615,11466,390,390,11779,403,415,406,0
360000,2,2,1,47,-2,-2,-2,-2,-2,-2,0,0,0,0,0,0,0,0,0,0,0,0,1
170000,2,1,1,45,0,0,0,0,0,0,166388,165243,156688,151405,127090,126388,7300,7067,6443,4617,4711,4673,0
100000,2,1,1,39,0,0,0,2,2,2,2998,3885,7298,7032,7913,7642,1100,3500,0,1000,0,5000,1
110000,2,2,2,40,0,0,0,0,0,0,111720,86877,133187,65025,62777,62105,3406,2357,2239,3617,2247,2500,1
180000,2,2,1,34,2,2,2,2,2,2,93155,95008,97088,98093,99578,101828,4300,4500,3500,4000,4000,4000,1
210000,2,2,1,41,-1,0,-1,-1,-1,-1,13340,42862,9584,7978,6728,6728,42000,9600,7978,6728,6728,6728,0
500000,2,2,1,36,0,0,0,0,0,0,261502,286708,311641,326298,270968,315889,30000,30000,20507,50000,50047,20413,0
120000,2,2,1,46,-2,-2,-2,-2,-2,-2,0,0,0,0,0,0,0,0,0,0,0,0,1
120000,2,2,1,39,-2,-2,-2,-2,-2,-2,280,6192,2134,0,0,0,6192,2142,0,0,0,0,0
110000,2,2,2,40,0,0,0,0,0,0,96155,96752,98884,98501,34250,35874,5000,5000,3000,3000,3000,3000,0
390000,2,1,1,41,0,0,2,0,0,-2,48378,52279,51176,52286,0,0,4705,0,2712,0,0,0,0
20000,2,2,2,38,1,2,2,4,3,2,10683,12729,14734,14190,13721,13848,2500,2501,0,0,441,1,0
210000,2,1,1,30,1,-1,-1,-1,-1,-1,0,820,718,424,631,843,820,718,424,631,843,0,0
120000,2,2,2,37,0,-1,-1,-1,-1,-1,3014,380,380,380,380,380,760,380,380,380,380,530,0
470000,2,1,1,39,-1,0,0,0,0,0,235490,125853,143646,113422,96921,94405,25853,20745,13422,6921,5645,6114,0
450000,2,1,1,49,-2,-2,-2,-2,-2,-2,0,0,0,0,0,0,0,0,0,0,0,0,0
80000,2,2,1,50,2,0,-1,0,0,0,89901,85406,75789,77870,73601,76751,6000,81789,3870,4601,4751,4718,1
70000,2,3,1,49,1,2,2,2,2,0,9915,9607,11913,12518,12022,12179,0,2468,1100,0,500,600,0
240000,2,1,1,50,-2,-2,-2,-2,-2,-2,498,-2,497,-3,-3,-3,0,499,0,0,0,0,0
10000,2,1,2,56,1,2,2,2,0,0,12006,6367,9839,6998,3183,1151,1000,4000,0,0,0,0,0
90000,2,3,1,52,0,0,0,0,0,0,42567,43578,44881,43906,43767,43619,2022,2325,1510,1199,2380,1204,0
30000,2,3,1,54,2,2,2,2,0,0,24180,23498,26400,25682,26155,27972,0,3600,0,1200,2400,0,1
120000,2,3,1,58,1,2,2,2,2,2,79400,81490,83496,84333,85444,87323,4000,3900,3100,3400,3400,3400,1
80000,2,3,1,69,0,0,0,0,0,0,79862,80921,79627,80610,62447,60850,3000,3000,3000,2324,2500,3000,0
10000,2,3,1,51,0,0,2,0,0,2,4416,6733,6480,7495,8735,8453,2400,0,1131,1371,0,1794,0
30000,2,3,1,51,1,2,2,0,0,0,30128,31325,29953,30332,29871,28977,2000,0,1962,1395,1000,2000,0
30000,2,1,1,52,-1,2,-1,2,-1,0,4743,390,1000,543,18127,23563,390,1000,3,20077,10000,1854,0
450000,2,3,1,56,1,-1,-1,-1,-1,-1,-4,831,-3,646,-2,418,835,0,649,0,420,1204,1
30000,2,2,1,51,1,2,3,2,2,0,16490,18908,18321,19618,19008,19301,3000,0,1900,0,750,750,1
390000,2,1,2,53,-2,-2,-1,-1,-2,-2,450,1540,690,0,0,0,1540,690,0,0,0,717,0
200000,2,2,1,50,-2,-2,-2,-2,-2,-2,411,453,348,359,672,1620,453,348,359,672,1620,384,0
200000,2,3,1,51,0,0,0,0,0,0,99036,99625,99016,101661,103011,103384,3520,4500,5200,4500,3950,4300,0
360000,1,1,1,34,0,0,0,-1,-1,-1,3187,3758,-1360,113091,114251,117922,1025,1361,116380,4001,5001,4001,0
200000,1,1,2,27,0,0,2,0,0,0,186778,206582,201714,177469,184502,191529,23000,157,10000,10000,10000,17000,1
80000,2,3,1,55,2,2,0,0,0,0,71905,70150,72017,73816,75584,77365,0,3000,3000,3000,3000,3000,1
250000,2,2,2,55,-2,-2,-1,-1,0,0,603,1867,2470,3887,4731,8710,1867,2661,3887,1000,4000,1000,0
30000,1,2,2,23,0,0,-2,-2,-2,-2,41300,0,0,0,0,0,0,0,0,0,0,0,0
30000,1,2,2,23,1,2,0,0,0,-1,29772,28707,29235,14040,500,22292,0,1600,1000,0,22292,1000,0
50000,1,2,2,24,-1,-1,-1,-1,-1,-1,999,593,-7,2636,-39,13000,594,0,2643,0,13039,128,0
20000,1,2,2,23,0,0,0,0,0,0,19178,18852,16648,19395,20271,20445,2000,1500,4000,2000,2000,2900,0
50000,1,3,2,22,2,0,0,-1,0,0,47021,48423,44450,956,976,1976,2543,2150,956,20,1000,1000,1
20000,1,2,2,22,0,0,0,2,0,0,19555,17152,19637,18671,20116,17617,2000,3100,1000,2000,1000,1100,0
300000,1,2,2,26,-2,-2,-2,-2,-2,-2,0,0,0,0,0,0,0,0,0,0,0,0,0
30000,1,1,2,24,-1,-1,2,-1,3,2,5857,20190,18794,6650,6118,2235,18794,0,6650,0,0,13000,0
80000,1,1,2,23,-1,-1,-1,-1,0,0,444,444,444,888,888,444,444,444,888,444,0,1038,0
30000,1,2,2,24,-1,-1,-1,-1,-1,-1,1473,390,390,390,0,780,390,390,390,0,780,0,1
10000,1,2,2,24,1,2,2,2,2,2,6496,6246,8965,8672,9525,9228,0,3000,0,1000,0,800,1
30000,1,1,2,24,0,0,0,0,0,0,14857,16302,17333,18735,18952,19195,2000,1598,2000,825,698,701,0
60000,1,2,2,27,5,4,3,2,-1,0,67940,65957,64005,61769,51722,44956,0,0,0,51722,16000,1100,1
30000,1,3,2,26,0,0,2,0,0,0,25535,28738,27999,28097,28670,7770,3641,0,1000,573,1000,0,0
90000,1,3,2,27,2,2,2,2,2,0,88072,90221,91898,91334,59253,58519,4500,4000,2090,0,2078,2900,1
50000,1,1,2,25,2,0,0,0,0,0,48966,49985,50760,49535,30358,30302,2130,1905,1811,1100,1100,1200,0
10000,1,2,2,25,0,0,0,0,0,0,7806,8615,7851,8704,8877,9063,1114,1292,1145,318,329,331,1
30000,1,2,2,26,1,2,0,0,0,0,21871,21222,22555,23874,14500,16500,0,1681,2000,2000,2000,2000,0
80000,1,3,2,27,0,0,2,2,2,0,10100,59714,62163,62756,61149,62464,50000,4000,2200,0,2300,5108,0
40000,1,1,2,29,1,2,2,2,2,2,37681,36775,39982,38979,39479,39329,0,3800,0,1200,0,0,0
360000,1,1,2,29,-2,-2,-2,-2,-2,-2,6001,5868,-1,592,-8,-8,5874,1,593,0,0,0,0
360000,1,3,1,27,-2,-2,-2,-2,-2,-2,1097,778,2999,-1,-1,-1,780,3021,0,0,0,0,0
80000,1,2,2,27,1,2,2,2,2,2,63467,66811,68247,68531,69808,70544,5000,3100,2000,3000,2000,4000,1
20000,1,2,2,23,0,0,0,0,0,0,13422,14886,15927,11939,10782,12599,2000,1667,2309,2000,2000,2000,0
150000,1,1,2,26,-2,-1,0,0,-1,-1,600,360,1401,2360,70,420,360,1041,1000,70,660,0,0
50000,1,3,2,24,1,2,2,0,0,0,52354,52651,51056,49515,42189,19938,2211,0,2174,2000,6473,0,1
210000,1,1,2,28,-2,-2,-2,-2,-2,-2,15648,2008,-4291,-4291,-4291,-4291,2500,0,0,0,0,0,0
210000,1,2,2,28,-1,0,0,0,-2,-2,4432,5373,6200,0,0,0,1173,1000,0,0,0,0,0
50000,1,2,2,27,0,0,0,0,0,0,19657,20723,21784,22794,23115,23752,1700,1700,1679,1000,1010,1400,0
180000,1,1,2,26,0,0,0,0,0,0,131653,132462,130598,98336,86862,88618,5002,5004,3416,3074,3500,3179,0
100000,1,2,2,28,0,0,2,0,0,0,82238,100753,93209,89813,55359,32227,20000,0,3501,3021,5011,53408,0
260000,1,1,2,29,-1,-1,-1,-1,-1,-1,396,792,4970,4012,3651,5600,792,4970,4012,3651,5600,396,1
240000,1,1,2,29,0,-1,-1,-1,-1,-1,13980,9969,1276,0,8621,0,9969,1276,0,8621,0,1300,0
220000,1,1,2,27,0,0,-1,-1,-1,-1,34686,8,1744,55164,49967,7839,8,2178,55200,50148,10107,0,0
170000,1,1,2,31,0,0,0,0,0,0,166701,164561,166894,170102,165015,165571,5887,6894,6102,5807,6241,7000,0
200000,1,1,1,30,3,2,2,2,2,2,2500,2500,2500,2500,2500,2500,0,0,0,0,0,0,1
50000,1,1,2,27,2,2,-2,-1,2,2,1893,0,0,71,71,3871,0,0,71,0,3800,0,1
300000,1,1,2,27,-2,-2,-2,-2,-2,-2,0,0,0,0,0,0,0,0,0,0,0,0,0
130000,1,2,2,31,0,0,0,0,0,0,122486,116437,112881,96191,88934,90633,6013,4911,3533,3301,3607,5516,1
30000,1,2,1,32,0,0,0,2,0,0,22503,24802,29367,28108,26717,11693,3000,5000,0,1003,1000,1000,0
120000,1,2,1,29,-1,-1,2,-1,0,0,579,2718,1280,3783,2522,1261,3580,0,3822,0,0,1261,0
20000,1,1,2,27,1,2,3,2,3,2,4473,7216,6958,7496,7231,7269,3000,0,800,0,300,0,1
250000,1,3,1,34,-2,-2,-2,-2,-2,-2,0,0,0,0,0,0,0,0,0,0,0,0,1
500000,1,1,1,39,-2,-2,-2,-2,-2,-2,2514,810,8041,68595,72011,77931,810,8081,68595,72011,77931,3608,0
10000,1,1,1,40,2,-1,-1,-2,-2,-2,3567,1000,0,0,0,0,5000,0,0,0,0,0,1
500000,1,1,1,46,-2,-2,-2,-2,-2,-2,11100,16966,10000,14218,62208,83611,16966,10000,14218,62500,83611,61880,0
160000,1,2,1,32,1,2,0,0,0,0,5525,4039,3656,3801,2540,2279,0,1094,1500,0,1000,0,1
260000,1,1,1,40,0,0,-1,-1,-1,-1,22325,27508,3923,9059,3360,3657,7590,3945,31086,3377,3667,493,0
50000,1,2,1,35,2,2,2,0,0,0,58175,56749,52792,50167,31778,32427,2600,0,1400,0,649,32100,1
500000,1,3,1,39,0,0,0,0,0,0,41597,50849,54927,57972,60224,71198,10000,4927,3972,3224,11980,5765,0
130000,1,3,1,38,0,0,0,0,-1,0,6360,5375,5476,6931,99416,99702,1088,1189,2646,104590,3358,3314,0
80000,1,3,1,47,0,0,0,0,0,0,70062,19669,20696,21709,22348,22988,1321,1348,1361,1000,1000,2000,0
210000,1,2,2,38,0,0,-1,-1,-1,-2,101776,14260,40236,19011,-1031,-4873,1032,40252,19011,0,0,0,0
290000,1,1,1,45,-2,-2,-2,-2,-2,-2,2316,2131,2476,9746,7092,5449,2143,2485,9793,7123,5460,300,0
280000,1,1,2,35,0,0,0,0,0,0,210465,200959,146652,132527,70421,60235,10299,7200,5886,3000,5000,5000,0
440000,1,2,1,34,0,0,0,0,0,0,267475,237324,186359,119829,87068,23533,10506,8833,5456,2519,875,1018,0
320000,1,1,1,29,0,0,0,0,0,0,40271,91965,86047,82233,72175,77831,60043,5036,5075,5017,10077,3062,0
260000,1,4,2,35,0,0,0,0,0,0,138834,143518,146714,148787,152306,155690,7000,7000,6000,6001,6000,6000,0
50000,1,2,1,29,0,0,0,0,0,0,39124,40474,41220,42332,43227,44530,2000,1700,1800,1600,2000,2000,0
180000,1,1,1,49,0,0,0,0,0,0,62087,63444,65420,67722,70970,72670,3000,3000,4000,5000,3000,5000,0
90000,1,1,1,37,0,0,0,0,0,0,91641,85906,87138,87141,66964,65898,3100,4300,3900,2313,2378,2647,0
240000,1,1,1,33,0,0,0,0,0,0,167835,170978,172217,163786,81611,79817,7200,8400,7000,3000,2900,3100,0
10000,1,3,1,41,0,0,0,0,0,3,6270,7303,8375,9268,10630,10188,1300,1350,1200,1500,0,0,0
10000,1,2,2,28,1,2,2,2,2,2,3717,3659,5640,5401,6811,6567,150,2200,0,1500,0,6000,1
180000,1,1,1,48,0,0,0,0,0,0,163461,167140,160707,162477,166861,171083,8000,8000,6000,7000,7000,7000,0
60000,1,1,1,38,1,-2,-2,-2,-1,-1,0,0,0,0,1040,0,0,0,0,1040,0,0,0
360000,1,2,2,44,0,0,0,0,0,0,189003,154847,122037,119366,86285,83589,6050,5033,5055,3021,2363,3000,0
190000,1,3,1,41,0,0,0,0,0,0,30425,31419,32450,33458,34122,34833,1467,1498,1506,1170,1209,1215,0
360000,1,3,1,41,-2,-2,-2,-2,-2,-2,0,0,0,0,0,0,0,0,0,0,0,0,1
260000,1,1,1,38,0,0,0,0,0,0,162820,153457,143580,133477,122545,120772,6024,6012,6000,5000,5000,4000,0
360000,1,1,1,32,-1,-1,-2,-2,-2,-2,2500,0,0,0,0,0,0,0,0,0,0,0,0
200000,1,3,1,40,0,0,-1,0,0,-2,205277,127,3627,6303,73,-63,269,3700,3000,390,128,90000,0
220000,1,1,2,38,0,0,0,0,0,0,209044,211453,217237,198681,202479,206221,7705,9656,7189,7404,7490,7517,0
180000,1,2,1,48,0,0,0,0,0,0,178440,176624,76565,82825,81763,66120,8000,10000,10000,10000,10000,3000,0
310000,1,2,2,35,0,0,0,0,0,0,124617,126982,125072,126416,132772,137519,6015,5006,5006,10004,8007,5017,0
500000,1,1,1,46,-2,-2,-2,-2,-2,-2,0,0,1656,1400,0,0,0,1656,1400,0,0,0,0
250000,1,1,1,49,0,0,0,0,0,0,236430,243445,246357,250942,205081,209309,11000,11500,11000,7500,7500,8000,0
50000,1,3,1,40,0,0,0,0,0,0,46850,31923,47574,7613,7613,7756,2068,18135,2000,1000,1000,2000,0
310000,1,1,1,45,-2,-2,-2,-2,-2,-2,8918,13813,6099,6255,5512,5451,14000,6129,6286,5539,5478,3613,0
340000,1,1,1,49,-2,-2,-2,-2,-2,-2,1689,655,361,301,457,297,655,361,301,457,297,366,1
230000,1,3,2,29,1,-1,-1,-1,-1,-1,-4,1496,4872,0,1241,-383,1500,5000,0,1241,0,2000,1
350000,1,3,2,41,-2,-2,-2,-2,-2,-2,-331,1656,1440,27000,872,12600,2155,1440,27000,872,12600,0,0
140000,1,1,2,36,2,0,0,0,0,0,75384,74177,65336,53578,49288,43870,4000,4000,3500,2000,2500,1800,1
130000,1,3,1,43,2,2,2,2,2,2,55544,57428,58917,60352,61167,63042,3400,3000,3000,2400,3000,2400,0
200000,1,2,1,35,0,0,2,0,0,2,187487,200774,196933,187887,101278,99382,16000,0,6451,9000,0,4000,1
360000,1,2,2,39,-1,-1,-1,-1,-1,-1,10027,8929,34635,26645,18088,8703,8975,34825,26674,18112,8719,4861,0
60000,1,2,1,35,2,0,0,0,2,2,9501,10560,11312,13050,12578,14008,1500,1200,1900,0,1600,0,1
150000,1,4,1,34,0,0,0,0,0,0,92000,94000,96000,98000,100000,0,2000,2000,2000,2000,0,0,0
190000,1,3,2,35,0,0,0,0,0,0,170928,170290,175630,171572,161319,151119,6500,8031,7510,5500,6000,5500,0
500000,1,1,1,43,1,-2,-2,-2,-1,-1,0,0,0,0,177,4716,0,0,0,177,4716,1000,0
230000,1,3,2,41,0,0,0,0,0,0,9552,11376,13185,14648,15419,15423,2000,2000,2000,1000,562,2000,1
270000,1,1,1,40,0,0,0,0,0,0,3686,4699,5718,6727,6861,7005,1084,1103,1112,246,255,651,0
360000,1,1,1,38,0,0,0,-1,0,0,47026,88355,54913,25407,22179,337,48564,10072,25821,609,1,10425,0
490000,1,3,1,45,0,0,2,0,0,0,56294,57088,55597,55040,51938,60606,8000,0,5000,3000,10000,3000,0
240000,1,2,1,48,0,0,0,0,0,0,236767,236769,238769,235603,233374,230897,8622,8922,8519,8499,8418,8420,0
400000,1,3,1,42,0,0,0,0,0,0,95014,97074,98274,84698,58612,55610,5000,3532,4005,1482,1452,3000,1
200000,1,1,1,36,1,-2,-2,-1,0,-1,-95,-95,-95,5,1005,21,0,0,100,1000,500,0,0
90000,1,1,2,29,2,2,2,2,2,2,11512,12524,13523,13704,13882,14015,1500,1500,700,700,500,0,1
100000,1,3,2,30,0,0,0,0,2,2,37709,39588,42455,45173,46134,45263,2500,3500,3420,2000,0,6000,1
50000,1,2,2,42,0,0,0,0,0,0,7217,8291,9649,10975,11292,11610,1200,1500,1500,500,500,500,0
230000,1,1,2,34,-1,-1,-1,-1,-1,-1,476,476,476,476,476,4145,476,476,476,476,4145,476,0
90000,1,2,1,41,0,0,-1,0,0,0,3014,-1750,76674,77974,80064,81747,1757,79786,2836,3657,2972,6228,0
10000,1,3,2,42,1,2,2,2,0,0,8090,6339,8623,5885,4417,5190,0,2586,0,1000,1000,345,1
90000,1,2,1,31,0,0,2,0,0,0,77107,93894,91508,86167,49479,50704,20000,0,3752,1726,2003,2000,0
380000,1,4,1,48,-1,-1,-1,-1,0,-1,17670,10179,11824,23991,13944,20962,10233,13826,24071,4065,21061,28484,0
240000,1,1,1,35,-1,-1,-1,0,-1,-1,2024,2007,21790,17102,13367,22659,2017,21817,1120,13434,22772,22820,0
30000,1,1,2,29,0,0,0,0,0,-1,17960,18968,19958,21448,15567,22,1610,1600,2050,341,22,5000,0
80000,1,1,1,46,2,2,2,2,2,2,40509,40551,42592,43296,43892,43060,1000,3000,1700,1600,0,3500,0
250000,1,3,1,28,0,0,0,0,0,0,249827,191305,90497,92278,93354,95309,8500,3899,3913,3186,3301,3525,0
20000,1,1,2,30,2,2,2,2,0,0,16855,17272,19820,19104,19646,20527,1000,2832,0,658,1151,0,1
180000,1,2,1,49,-2,-2,-2,-2,-2,-2,0,0,0,0,45,0,0,0,0,45,0,2380,0
280000,1,1,2,32,0,0,0,0,0,0,217798,202676,199490,181857,183324,177920,10050,10123,10001,6244,6315,7037,0
150000,1,1,2,30,0,0,0,0,0,0,201864,121338,146685,137993,90715,92759,13230,31280,5979,7760,6000,260000,0
420000,1,1,1,40,-1,-1,-1,2,2,-2,4110,-150,6254,6023,0,0,0,6404,20,0,0,0,0
100000,1,2,1,30,0,0,0,0,0,-2,37218,33720,24666,10550,0,0,1641,1200,1000,0,0,0,0
20000,1,2,2,44,0,-1,-1,0,0,0,19696,203,19378,19961,19962,19981,203,20710,1305,696,712,860,0
400000,1,1,1,49,-1,-1,-1,-1,-2,-2,38810,58265,49415,0,0,0,58265,49415,0,0,0,0,0
50000,1,2,2,39,0,0,0,0,0,0,26842,23540,16980,16908,17327,17895,2500,2010,1500,1000,1000,900,0
50000,1,3,1,42,0,0,0,0,0,0,45220,46272,47330,48337,49298,50510,1800,1800,1800,1748,1990,2500,0
280000,1,2,1,39,-2,-2,-2,-2,-2,-2,1525,7391,5234,3316,2970,3978,7430,5234,3316,2970,3978,3258,0
280000,1,2,2,31,0,0,0,0,0,0,136798,129735,118249,115422,114694,113047,4528,4340,3994,3968,4068,3966,0
30000,1,2,2,37,2,2,2,0,0,0,25811,29066,28322,29251,15525,0,3700,0,1800,3925,0,0,1
50000,1,1,2,38,0,0,0,0,0,0,50620,47164,48004,49307,19218,19465,3000,3014,6047,1000,2320,3000,0
160000,1,2,1,39,0,0,0,0,0,2,14658,15666,16694,17697,19023,18584,1258,1286,1289,1615,0,1000,1
260000,1,1,2,29,0,0,0,0,0,0,56050,52079,52083,46703,47500,45030,6000,6000,5000,5000,4000,5000,0
50000,1,2,2,28,2,2,2,2,2,0,45769,47213,48162,48576,43700,44853,2500,2000,1523,200,2000,3388,0
160000,1,2,1,35,2,2,2,0,0,0,155327,159293,154957,157788,160282,100213,8000,0,7300,7000,4400,1200,1
360000,1,1,2,37,1,-1,-1,-1,-1,-1,-2,513,1070,-10,2107,627,515,1075,0,2117,630,375,0
500000,1,3,1,43,0,0,0,0,0,0,57313,54997,44226,40712,37311,27068,4060,5014,5005,4000,5000,0,0
230000,1,2,1,39,1,-1,2,0,0,-1,-430,16659,1982,1982,991,5400,18675,0,991,0,5400,0,0
180000,1,2,2,41,-2,-2,-2,-2,-2,-2,0,900,910,0,0,0,900,910,0,0,0,0,0
20000,1,3,2,47,-1,0,0,-2,-2,-1,3897,4774,-10,-10,-10,3990,1004,0,0,0,4000,2000,0
250000,1,1,1,35,0,0,0,0,-1,0,70767,78906,84078,70507,2841,12606,10000,10000,10000,3000,10000,5000,0
80000,1,2,1,45,-1,-1,-1,-1,-1,-1,10290,40000,0,2303,71637,7893,40000,0,2303,71637,1796,0,0
170000,1,3,1,45,-1,0,0,0,0,0,34778,40441,40937,34090,34894,36829,10000,5000,2000,2000,3000,2000,0
60000,1,2,1,41,1,-1,0,0,0,0,-1582,56557,55839,47797,8062,8284,59852,5011,5000,2500,1000,5000,0
230000,1,2,1,41,0,0,0,0,0,0,301038,305327,213058,216260,215968,174195,9405,7769,7757,8030,6549,5226,1
100000,1,1,1,35,1,2,-1,-1,0,0,3515,2975,2342,12016,10203,5323,10,3141,12021,135,507,6,0
50000,1,2,2,44,0,0,0,0,0,0,10101,6295,7333,8349,8362,8727,1300,1300,1300,300,500,500,0
150000,1,1,2,32,2,2,2,2,2,2,126115,128860,131426,132703,129080,136996,6300,6100,4900,0,10200,5100,0
500000,1,1,1,35,2,0,0,-1,0,0,510367,473584,167682,501496,508213,496801,24913,5872,508229,18089,14070,15009,1
100000,1,3,1,50,2,3,2,2,3,2,66204,64551,66924,72209,70451,72179,0,4000,7000,0,3000,3000,0
10000,1,3,1,51,1,-1,2,2,0,0,0,950,1170,780,780,0,950,1000,0,0,0,0,0
110000,1,2,1,50,1,-1,0,0,0,0,-10682,50928,54711,55926,18030,18367,62000,5000,3000,2000,1000,2000,0
20000,1,2,1,47,2,0,0,0,0,0,17305,17917,18600,19034,19022,19046,1295,1368,1192,570,606,600,1
50000,1,1,2,54,2,0,0,0,0,0,9159,10474,10184,6279,7693,15083,1500,1508,1000,1500,1000,2000,0
100000,1,3,1,54,2,2,2,3,2,2,81507,83154,88223,85924,86803,88745,3900,7300,0,3200,3500,3420,1
50000,1,1,2,53,0,0,0,0,0,0,49512,50463,49793,50032,18336,18720,1771,2061,1300,643,666,686,0
500000,1,1,1,58,1,2,0,0,-1,-1,65005,63099,64610,64133,264,264,0,2787,1312,264,264,4709,0
20000,1,3,2,62,0,0,0,0,0,0,16303,17314,18343,19331,18541,18929,1286,1315,1303,663,686,744,0
50000,1,3,2,51,2,2,0,0,0,0,51264,48695,32617,18834,15810,15786,68,1510,1724,0,366,1455,1
20000,1,2,1,55,0,0,2,0,0,2,10301,12871,12374,13392,14938,14557,2750,0,1231,1777,0,4859,1
130000,1,2,2,54,0,0,0,0,-2,-2,30184,31795,31467,-440,-240,-240,2419,1000,0,200,0,0,0
30000,1,2,3,53,1,-2,-1,2,0,0,0,0,4070,3825,3825,0,0,4070,0,0,0,0,1
490000,1,2,1,51,1,-2,-1,2,0,0,-16,-16,5498,282,28688,26302,0,7504,0,28606,0,2499,1
330000,1,3,1,53,0,0,0,0,0,0,141061,144526,148420,152341,149998,-2,3856,3926,3966,3000,2,0,0
360000,1,3,2,54,-2,-2,-2,-2,-2,-2,390,390,390,390,390,390,390,390,390,390,390,96702,0
80000,1,2,2,59,2,2,2,2,2,0,24756,29818,29060,31133,24135,22970,5500,13,4000,5,2005,2005,1
180000,1,3,2,55,0,0,0,0,0,0,193095,186835,182287,159992,145387,137632,6900,7100,5659,5100,4900,4400,0
20000,1,2,1,52,-2,-2,-2,-2,-2,-2,990,2990,790,1590,2359,2780,2990,790,1590,2359,2780,1200,0
40000,1,3,1,50,1,2,0,-1,-1,-2,35879,34625,36757,20650,0,0,0,3078,21650,0,0,0,1
200000,1,1,1,52,1,-2,-2,-2,-2,-2,-768,-768,-768,-768,-768,-768,0,0,0,0,0,1536,0
50000,2,2,1,29,0,0,0,0,0,0,49895,48434,47827,28935,28224,27547,1867,1521,1419,969,997,952,1
50000,2,2,1,34,0,0,0,2,0,0,11340,11367,10982,10243,10826,11699,3200,3000,1000,1000,1000,2000,0
100000,2,1,2,28,0,0,0,0,-1,0,4864,9089,13534,16158,6700,7730,5800,6000,4375,6700,3000,0,0
80000,2,1,2,25,0,0,0,0,0,0,53685,15291,20694,25435,30510,36101,3291,5694,5435,5510,6101,6742,0
200000,2,2,2,26,0,0,-2,-2,-1,0,153900,0,0,0,3533,4053,0,0,0,3533,1000,1500,0
80000,2,2,2,22,0,0,0,0,0,0,1742,2524,5097,6107,7141,7355,1200,3000,1500,1500,700,500,0
80000,2,2,2,24,-1,-1,-1,-1,-1,-1,386,1392,18634,5433,2053,5781,1396,18754,5449,2059,5798,3098,0
10000,2,2,2,21,2,2,3,2,0,0,6795,10398,10094,9768,8430,20735,3905,0,0,300,2165,2666,1
80000,2,1,2,23,0,0,0,0,0,0,78366,67801,68034,55674,48649,47041,2540,2442,1810,1661,1668,1663,0
130000,2,2,1,24,0,0,0,0,0,0,66072,68223,70638,72955,74877,76334,3000,3001,3000,2500,2200,2200,0
100000,2,2,1,24,-1,-1,0,-1,-1,-1,53309,7500,15477,23472,12500,14666,7500,10035,23500,12500,14666,79053,0
120000,2,2,2,24,0,0,0,0,0,0,93338,91207,89890,88030,88579,89566,3261,4793,3013,3014,3522,3007,0
50000,2,2,2,22,0,0,0,0,0,0,50635,49488,48099,50021,50352,50740,1760,1888,3464,1717,1766,2500,1
30000,2,1,2,24,-1,0,0,0,0,0,1991,2621,4211,4709,4805,2848,2000,2000,1000,96,0,3000,0
130000,2,3,1,23,0,0,0,0,0,0,109592,113508,115633,96898,46425,0,5733,5659,4680,2325,0,0,0
120000,2,2,2,24,0,0,0,0,0,0,55829,53799,53021,53216,49194,48487,2000,2600,4241,1700,2500,1500,0
140000,2,2,1,24,0,0,0,0,0,0,62755,64001,65341,66674,68003,69424,2285,2365,2413,2431,2514,3000,0
20000,2,2,1,23,0,0,0,0,0,0,17049,16178,17218,18630,19029,19579,15000,1600,2000,1000,1000,531,0
280000,2,1,2,25,-2,-2,-2,-2,-2,-2,985,500,500,0,500,4778,505,500,0,500,4778,4898,0
20000,2,1,2,24,-1,-1,-1,-1,-1,-1,440,4023,440,440,440,440,4023,440,440,440,440,440,0
30000,2,2,1,23,0,0,0,0,2,0,21710,23021,23851,26067,25357,25887,1670,1500,2609,0,930,946,1
20000,2,1,2,24,0,0,0,2,0,0,19335,20094,19495,18845,19023,17928,1415,3600,0,700,4500,1900,0
50000,2,2,2,25,0,0,0,0,0,0,46895,45929,44709,28179,28877,29217,2000,1740,1400,1000,1000,1100,0
80000,2,3,2,23,0,0,0,0,0,0,66909,67465,65470,57187,29058,26790,2451,3017,1557,1500,1000,1239,0
60000,2,2,2,25,0,0,0,0,0,0,75932,60693,50324,58688,30099,16810,3121,3000,12000,30000,12000,28618,1
30000,2,2,2,23,2,2,2,2,2,2,34048,33053,33506,41931,38638,35343,0,1800,9851,0,1183,5132,0
50000,2,1,2,23,1,2,0,0,0,0,50638,49484,45095,9299,3054,0,0,2155,1000,1500,0,3294,1
50000,2,2,2,24,0,0,0,0,-2,-2,30344,47000,33034,0,0,0,20002,1000,0,0,0,0,0
50000,2,1,2,25,0,0,0,0,0,0,41892,43875,45052,44938,40655,40930,3000,2200,2000,2000,2000,3000,0
50000,2,1,2,25,0,0,0,0,0,0,30587,30440,30367,30621,30150,30246,1800,1900,1800,1500,1450,1500,0
100000,2,2,2,25,-2,-2,-1,0,0,0,880,880,2926,60540,60929,64121,880,2926,58801,2200,5000,3000,0
280000,2,2,1,26,0,-1,-1,-1,-1,-1,6056,804,4712,1728,2076,1709,1200,4720,1728,2076,1709,7508,0
100000,2,2,2,26,2,2,2,2,2,2,30067,36705,35847,37939,38619,37868,7500,0,3500,1600,0,1600,1
100000,2,1,1,28,1,2,-1,-1,0,0,11059,10105,388,90907,91550,92907,0,388,90907,3413,3359,4824,0
290000,2,1,2,26,-1,0,0,-1,0,0,55758,7970,7106,8901,16813,15723,5029,5035,8925,11030,5077,3425,0
40000,2,1,2,25,-1,-1,-1,-1,-1,-1,20216,8851,17940,31308,12009,32846,8851,18220,31319,12009,33482,13785,0
170000,2,3,2,26,2,2,2,0,0,0,63977,63630,51986,90196,50464,48282,2550,0,3500,3000,2001,3000,0
50000,2,1,2,26,1,-2,-2,-2,-2,-2,-18,-18,-18,-18,-18,-18,0,0,0,0,0,0,0
200000,2,1,2,26,0,0,0,0,0,0,29339,21624,22409,11671,5493,3288,2000,1770,2003,900,1800,1569,0
200000,2,1,2,26,-2,-2,-2,-2,-2,-2,2364,442,33442,2140,964,2075,442,33448,2140,964,2075,7511,0
80000,2,1,2,26,0,-1,-1,2,2,2,1238,376,2281,1356,355,-520,376,2281,0,0,0,35893,0
150000,2,1,2,26,0,0,0,0,0,0,151812,145411,132560,121003,69091,55543,7005,6612,4540,2426,1854,2424,0
360000,2,1,2,27,-2,-2,-2,-2,-2,-2,2434,3881,2394,2441,2441,2441,3900,2406,2453,2453,2453,2453,0
50000,2,3,2,25,0,0,0,0,-2,-2,8298,5841,3750,0,0,0,1250,1000,0,0,0,40277,0
70000,2,1,2,26,0,0,0,0,0,0,69754,71377,71225,64644,68427,69893,2791,2939,2364,4876,2557,3599,0
280000,2,2,2,29,-2,-2,-2,-2,-2,-2,190601,4987,651,3126,3707,11225,4987,651,3126,3707,11225,10482,0
300000,2,3,2,27,0,0,0,0,0,0,17376,17538,16425,11976,3012,0,1294,11236,1032,9,0,0,0
150000,2,2,1,28,0,0,0,0,0,0,97069,100743,103528,105623,106583,108909,5300,5300,5300,4200,4200,4200,0
210000,2,1,2,29,1,-2,-2,-2,-2,-2,0,0,0,0,0,0,0,0,0,0,0,0,1
140000,2,1,2,26,0,0,0,0,0,0,137789,135240,211542,132019,101731,108687,5000,7027,6032,4000,8700,0,1
50000,2,1,1,27,1,2,0,0,2,0,19029,18431,22782,32304,31519,23724,0,5000,10000,0,6724,13385,0
220000,2,1,2,28,0,0,0,0,0,0,215779,196299,202596,198845,194885,92905,8600,11000,6000,10082,3400,3825,0
20000,2,2,1,28,2,2,2,0,0,0,17023,18432,17848,19103,19229,18856,2000,0,1574,700,688,687,1
80000,2,2,1,27,-1,-1,-1,-1,-1,-1,2805,1995,0,680,2862,5539,1995,0,680,2862,5539,0,0
30000,2,3,2,28,2,0,0,-1,-1,0,1946,1473,0,157,24767,24991,1000,0,3160,25000,1000,2000,0
280000,2,2,2,28,-2,-2,-2,-2,-2,-2,0,0,0,0,0,0,0,0,0,0,0,0,0
80000,2,2,1,28,0,0,0,0,-1,0,150651,52233,81162,71470,28718,27813,3905,81000,1513,47921,10000,2001,0
130000,2,1,2,27,0,0,0,0,-1,-1,37319,38252,46741,42881,367,46265,2031,10000,1000,367,61170,1200,0
60000,2,1,1,28,-1,-1,-1,-1,-1,-1,2848,1469,1647,1355,1458,1631,1469,1675,1355,1458,1631,1931,0
180000,2,1,1,27,0,0,0,0,0,0,152158,155181,158437,161664,164873,168344,5539,5741,5852,5881,7607,6135,0
170000,2,1,1,30,-1,-1,-1,-2,-1,-1,364,14662,0,0,1861,-167,14662,0,0,1861,0,334,0
200000,2,1,2,28,-2,-2,-2,-2,-2,-2,7618,7961,1452,6248,4112,0,7961,1452,6248,4112,0,3428,0
360000,2,2,1,30,0,0,-2,-2,-2,-2,19918,-182,-6877,-5377,-2377,-377,500,0,2000,3000,2000,3000,0
180000,2,1,2,31,-2,-2,-2,-2,-2,-2,4522,1763,1571,0,4775,0,1771,1571,0,4775,0,0,0
150000,2,1,2,28,-1,-1,-2,-2,-2,-2,3470,0,0,0,0,0,0,0,0,0,0,0,0
220000,2,1,2,28,-1,0,-1,0,-1,-1,6601,8312,2102,4707,7216,6565,5026,2102,4000,7216,6565,4757,0
30000,2,2,2,29,2,0,0,0,-2,-2,28541,16436,18146,0,0,0,1385,5000,0,0,0,0,1
400000,2,1,2,29,-1,-1,0,0,0,0,5567,13011,22396,26359,41627,16709,13011,10001,5023,20150,5082,4134,0
160000,2,1,1,30,-1,-1,-1,0,-1,-1,960,3597,3633,2707,6087,4852,3597,3633,2702,6087,4852,9425,1
310000,2,1,2,29,0,-1,0,-1,-1,-1,8454,14570,21897,4316,771,2888,14581,11139,15347,793,7390,1436,0
80000,2,3,1,35,1,2,2,2,2,2,68423,70002,71389,73788,74463,72834,3300,3100,4204,2790,0,3043,1
140000,2,1,1,40,2,2,2,2,2,2,21952,27540,31785,30980,33162,32497,6300,5000,0,3000,0,3000,1
50000,2,2,2,26,0,0,0,0,0,0,49296,39427,35674,31113,31734,32488,1614,1546,1461,1082,1210,1203,0
140000,2,1,1,41,0,0,0,0,0,0,80603,80193,73318,70523,55318,50236,3000,3336,2372,1453,1536,1300,0
150000,2,2,1,40,-2,-2,-2,-2,-2,-2,3042,41036,16465,40215,5024,19924,41243,16548,40442,5049,20023,6035,0
210000,2,1,2,29,-1,-1,-1,-1,-1,-1,18662,6220,199,0,10024,-18,6224,199,200,10024,0,0,0
160000,2,2,2,45,1,-2,-2,-2,-2,-1,0,0,0,0,0,388,0,0,0,0,388,3099,0
220000,2,4,1,35,-1,-1,-1,-1,-1,-1,1849,326,12681,84674,35326,1026,326,12681,84674,35326,1026,3088,0
140000,2,3,2,43,0,0,0,0,0,0,140832,131883,123504,126441,129345,137539,5006,4500,5000,5000,10490,5000,0
110000,2,3,2,43,2,2,0,0,0,0,114614,111306,112173,93675,59095,60336,0,5000,3000,2100,2500,2100,1
420000,2,1,1,39,0,0,0,0,0,0,298753,304964,312224,315822,275393,278745,13000,14000,11230,10000,8091,6965,1
300000,2,1,1,37,0,-1,-1,-1,-2,-1,4476,2521,3529,-5364,-8943,4057,3017,4506,0,0,14000,12000,0
230000,2,2,1,39,-2,-2,-2,-2,-2,-2,0,0,1052,0,1931,0,0,1052,0,1931,0,3915,0
20000,2,2,1,43,1,2,0,0,0,0,17188,16619,17341,18352,18716,19109,0,1294,1305,669,694,697,0
500000,2,1,2,35,-1,-1,-1,-1,0,0,33214,18521,22802,22518,25733,19715,18694,22948,22571,14067,7598,4042,0
100000,2,3,1,42,0,0,0,0,0,0,58543,54902,54590,53037,54100,53889,2004,1966,1884,1903,1940,2000,0
200000,2,3,1,42,-1,-1,-1,-1,-1,-1,2213,5283,1863,9323,1612,1619,5286,1863,9323,1612,2054,5808,0
200000,2,3,1,36,0,0,0,0,0,0,167385,171476,175956,171340,177236,181978,8000,8045,8000,8000,7000,18000,0
220000,2,1,1,46,3,2,2,0,0,0,249449,243517,228368,224414,196229,190050,9501,0,10000,7200,7001,6900,0
210000,2,2,2,41,-2,-2,-2,-2,-2,-2,0,8333,0,0,0,0,8333,0,0,0,0,0,0
20000,2,3,2,48,1,3,2,4,5,4,18038,18445,21556,22824,22192,21271,1000,3700,1900,0,0,0,1
300000,2,1,2,32,0,0,0,0,0,0,169223,179223,199223,202486,200935,-6,10000,20000,11022,4935,6,2844,0
120000,2,1,2,32,1,-2,-2,-2,-1,-1,0,0,0,0,9310,0,0,0,0,9310,0,0,0
150000,2,2,1,44,0,0,0,0,0,0,49716,50198,50543,50774,51074,50425,2000,1845,1772,1768,1808,1764,0
50000,2,2,1,31,2,0,0,0,0,0,44105,33089,22829,13216,16100,16696,2000,2506,3000,3000,1070,5203,0
200000,2,1,2,31,-2,-2,-2,-2,-2,-2,0,0,0,0,0,0,0,0,0,0,0,0,0
150000,2,1,1,46,0,0,0,0,0,0,135748,136681,140019,143237,140658,143344,5000,5000,5000,5000,5000,5000,0
360000,2,2,1,40,-1,-1,-1,-1,-1,-1,29540,27930,692,41301,10889,2017,27930,692,41303,10893,2017,13894,0
160000,2,2,1,42,0,0,0,0,0,0,25338,27601,31818,34270,35698,37122,3000,5000,3000,2000,2000,2000,0
310000,2,2,1,42,-2,-2,-2,-2,-2,-2,2851,4609,2109,14109,2109,2218,7869,2109,14109,2109,2218,1809,0
500000,2,1,1,40,0,-1,0,0,0,-1,18436,2574,1390,3186,1649,2507,3001,1320,2007,1651,2517,4180,0
310000,2,3,1,45,0,0,0,0,0,0,311401,218298,222424,220058,199376,189840,21084,20000,12000,15000,8000,15000,0
400000,2,2,2,35,2,0,0,0,0,0,61245,109943,222085,223350,213831,210563,50016,120018,10071,8037,8018,8809,1
100000,2,1,1,37,1,-2,-2,-2,-2,-2,0,0,0,0,0,0,0,0,0,0,0,150,1
150000,2,2,2,42,0,0,0,0,0,0,255207,249205,245393,29526,6990,0,6301,8000,5000,6800,0,0,0
120000,2,1,1,37,0,0,0,0,-1,-1,21128,16121,12027,5870,2994,-175,5020,5000,1000,2994,0,0,0
100000,2,3,1,48,-1,-1,-1,-1,-1,-1,390,5333,15798,390,2265,1823,5333,15798,390,2265,1823,780,0
80000,2,3,1,42,-1,-1,-1,-1,-1,-1,4571,4905,9764,3829,4248,3747,4905,9764,3829,4248,3747,3569,0
30000,2,2,1,43,0,0,2,0,0,2,26806,30035,29274,31460,33890,31224,4000,0,3000,2900,0,1091,0
260000,2,3,1,44,0,0,0,0,0,0,259346,234428,176632,129022,131447,135699,9428,6729,5022,4447,5699,5498,1
160000,2,1,1,38,-1,-1,-1,-1,-1,-1,316,873,1392,0,696,696,873,1392,0,696,696,696,1
230000,2,1,2,31,-2,-2,-2,-2,-2,-2,-7,6785,0,147,0,0,6792,0,147,0,0,176,0
320000,2,2,2,36,-1,-1,-1,-1,-1,-1,396,396,396,596,13386,396,396,396,596,13386,396,396,0
30000,2,2,1,32,1,-2,-2,-2,-2,-2,0,0,0,0,0,0,0,0,0,0,0,0,1
70000,2,2,2,32,2,0,0,0,0,0,67955,58404,50036,36908,29439,19494,3007,1794,2000,967,1000,870,1
50000,2,2,2,36,2,0,0,0,0,0,39125,40169,41461,36901,18499,18244,2000,2000,2090,1000,648,2000,1
180000,2,2,1,38,-1,-1,0,-1,-1,-1,390,10426,21430,21040,2234,12485,10426,11820,21040,2234,10641,0,0
30000,2,2,1,31,3,3,2,2,2,2,25320,24620,25522,26008,25294,26928,0,1600,1200,0,2200,0,1
50000,2,2,1,42,0,0,0,0,0,0,48706,49704,50851,50868,12003,9679,1809,1956,2234,369,330,343,0
80000,2,2,1,29,1,2,2,2,2,2,85738,80445,82639,83357,78188,79492,0,7400,3000,0,5700,3000,0
50000,2,2,2,27,1,2,2,2,2,2,11966,12967,13962,13440,14416,14043,1500,1500,0,1200,0,1500,0
350000,2,2,2,28,-2,-2,-2,-2,-2,-2,3738,7555,36553,8997,13074,5107,7555,36698,9124,13074,5107,18830,0
110000,2,2,1,42,-1,-1,-1,-1,-1,-1,776,776,776,776,776,926,776,776,776,776,926,776,0
260000,2,1,2,33,-1,-1,-1,-1,-1,6,465,460,0,3600,2250,1650,460,0,3600,2250,0,0,0
50000,2,3,1,41,0,0,0,0,0,0,46456,47445,48847,50065,17304,17824,1760,2162,2380,619,798,1000,0
200000,2,1,1,45,-1,-1,-1,-1,-1,-1,69288,0,1800,1795,58932,29331,0,1800,2000,60000,29331,0,0
450000,2,2,1,36,-1,-1,-1,-1,-1,-1,3087,2081,198,9532,3420,130,2081,198,9532,3420,130,878,0
100000,2,2,1,39,-2,-2,-2,-2,-2,-2,518,0,0,0,0,0,0,0,0,0,0,0,0
400000,2,1,2,30,-1,-1,0,0,0,0,634,5939,6624,8004,10390,21325,5939,2624,3004,3090,11325,3282,0
20000,2,3,1,39,1,2,2,2,2,0,8562,9478,8198,9752,9447,10290,1200,0,1700,0,1000,1500,1
460000,2,2,1,39,-1,-1,-1,-1,-1,-1,11403,14015,2978,11402,12072,7090,14029,2978,11402,12802,7090,793,0
100000,2,3,1,40,-2,-1,2,2,-2,-1,3234,6163,3786,3789,2195,3691,6163,0,3809,0,3691,1328,0
50000,2,2,1,36,0,0,0,0,0,0,46714,47404,48786,49768,27838,84810,1766,2148,2130,1200,1012,2034,0
260000,2,4,2,39,0,0,0,0,0,0,174591,175093,176088,155624,141976,141305,10000,10000,7619,7000,8000,7000,0
210000,2,1,1,38,0,0,-1,-1,0,0,8420,8106,4168,23067,19972,45864,3000,4521,24000,10000,30000,6432,0
320000,2,1,2,41,-2,-2,-2,-2,-2,-2,2197,1376,3342,11970,9700,38473,1376,3343,11973,9700,38473,29757,0
80000,2,1,2,27,-1,-1,2,-1,-1,-1,988,12922,12261,2393,407,2888,12961,0,2403,407,3176,7336,1
50000,2,1,2,27,0,0,0,0,0,0,4950,5924,4766,5652,5772,4392,1068,1114,1000,120,0,0,1
220000,2,2,2,29,2,0,0,0,0,0,28992,36106,33494,29518,29569,28587,8000,3000,3000,6000,5000,1136,0
270000,2,1,1,37,-2,-2,-2,-2,-2,-2,264,217,253,189,-75,525,217,300,200,0,600,200,0
180000,2,2,1,44,-2,-2,-2,-2,-2,-2,6529,6622,6572,3179,11875,7633,6626,6583,3179,18462,7633,6007,0
350000,2,2,1,49,-2,-2,-2,-2,-2,-2,16173,9122,12228,19850,8800,4260,9122,12228,19850,8800,4260,17660,0
170000,2,2,2,35,0,0,0,0,0,0,121231,124208,118111,92592,96114,99628,5000,5000,10000,5000,5000,5000,0
230000,2,2,1,35,2,2,2,2,-1,-1,1214,964,1214,464,214,-536,500,1000,0,500,0,0,1
240000,2,1,1,40,-2,-2,-2,-2,-2,-2,0,0,0,0,0,0,0,0,0,0,0,0,1
200000,2,2,2,32,0,0,0,2,0,0,127132,126380,124413,118419,121047,123719,5058,11518,0,4600,4800,4300,0
150000,2,2,2,34,0,0,0,0,0,0,39883,34983,23772,20410,14818,7565,2068,1331,1029,353,208,20711,0
160000,2,1,1,38,0,0,0,0,0,0,132932,134384,131724,131767,133195,126064,8005,15000,10000,7000,5000,8000,0
140000,2,2,2,32,2,0,0,2,2,2,103181,107446,125702,124182,124155,137176,6000,20000,2000,3500,15000,6000,0
210000,2,1,1,35,0,0,0,0,0,2,67374,55004,56221,57181,61327,60227,2500,2700,2500,5100,0,3000,0
100000,2,3,1,44,2,2,0,0,0,2,12724,12228,13255,13959,14921,14539,0,1529,1233,1195,0,1300,1
30000,2,3,2,35,0,0,0,0,0,0,27873,27326,27648,27859,27084,27133,1441,1479,1406,1097,2031,0,0
260000,2,4,2,30,-2,-2,-2,-2,-2,-2,5106,280,6158,9439,5492,397,280,6160,9439,5492,397,1790,0
80000,2,2,1,34,-1,-1,-1,-1,0,-1,1383,5030,1964,7541,3201,5026,5030,1964,7568,0,5026,2371,0
80000,2,3,1,32,-2,-2,-2,-2,-2,-2,0,0,0,0,0,0,0,0,0,0,0,0,0
220000,2,1,1,35,1,-2,-2,-2,-2,-2,0,0,0,0,0,0,0,0,0,0,0,0,0
50000,2,1,1,45,-1,-1,-1,-1,-1,-1,7963,1664,5408,2734,7976,0,1669,5413,2734,7976,0,7000,0
30000,2,2,1,42,0,0,0,0,0,0,22943,47912,25023,25768,26410,27960,1700,1755,1500,1000,1909,1000,0
340000,2,2,2,31,5,4,4,3,2,0,589654,581775,572677,384060,304508,247178,3000,0,0,1000,4320,287982,1
120000,2,2,1,41,-1,-1,-1,-1,-1,0,919,8209,421,4502,6013,5094,8209,421,5000,6013,0,7600,0
100000,2,3,1,39,0,0,0,0,0,0,97944,99580,92297,184134,70400,0,4296,4068,2037,1408,0,0,0
230000,2,2,2,38,0,0,0,0,0,0,75459,76607,78868,80343,82564,74531,3000,3500,3000,3500,3000,3000,0
80000,2,3,2,43,0,0,0,0,0,0,80707,77532,77492,78362,50001,50035,3332,3051,2600,1877,1767,1797,0
200000,2,1,1,34,-2,-2,-2,-2,-2,-2,2955,5895,15146,11575,11564,13744,5938,15682,11633,11622,13813,22699,0
290000,2,3,1,49,2,2,2,0,0,0,301651,329277,275075,280512,202300,207510,34905,0,10951,7238,8467,10188,1
100000,2,1,2,28,2,0,0,0,0,0,4523,7267,9967,19706,20378,22038,3000,3000,10000,1000,2000,4000,1
120000,2,2,2,28,-1,-1,-1,-1,-1,-1,792,0,792,0,396,396,0,792,0,396,396,396,0
50000,2,2,2,30,0,0,0,0,0,0,46795,46285,43282,14713,19583,14959,2169,1966,1130,5000,1000,441,1
210000,2,1,2,30,0,0,0,0,0,0,52514,52053,52558,52515,52108,51758,2449,3000,2500,2000,2000,2000,0
140000,2,2,2,35,0,0,0,0,0,0,84873,82471,84235,82432,81465,83160,4000,4010,3800,3200,3100,3000,0
360000,2,1,1,48,0,0,0,0,0,0,202783,202036,202918,202197,199002,197781,10000,10000,10000,7500,8000,8000,0
80000,2,1,2,44,0,0,2,2,3,2,41630,48893,47831,57000,55489,57450,8000,0,10000,0,3000,2500,1
170000,2,1,2,44,-1,-1,-1,-1,-1,-1,2500,804,2016,3957,4956,482,804,5991,3957,5444,482,626,0
340000,2,1,3,42,-1,-1,-1,-1,-1,0,139808,176743,34402,205931,265431,270237,873552,1215471,889043,621000,20000,145000,0
200000,2,4,1,39,-2,-2,-2,-2,-2,-2,20218,25242,3930,0,0,0,25267,3930,0,0,0,0,0
240000,2,2,1,35,-1,2,-1,-1,-1,-1,528,264,264,264,264,414,0,264,264,264,414,264,1
200000,2,3,1,29,-1,-1,-2,-2,-2,-1,161,0,0,0,0,1063,0,0,0,0,1063,1089,0
160000,2,1,2,28,-2,2,0,0,0,0,4145,3930,5859,10299,11825,13121,0,2000,5008,3007,2000,2000,0
240000,2,2,1,43,0,0,0,0,0,0,244103,240733,236553,241215,230480,234610,9102,8602,9013,8195,8202,7902,1
180000,2,2,3,41,0,0,0,0,0,0,141137,130282,109327,77752,66202,58557,5481,4399,3008,2150,2147,2120,0
500000,2,2,2,48,-1,0,0,0,0,0,30252,47506,28171,26498,45212,35223,38009,28005,22000,33000,22000,10000,0
290000,2,2,1,35,0,0,0,0,0,0,285679,277275,199437,154369,110016,27774,10050,8007,4005,2500,13000,2060,0
260000,2,1,1,36,0,0,2,0,0,0,131971,139305,89200,79702,79025,79997,10000,0,3012,3000,3000,4000,0
180000,2,3,1,44,1,-2,-2,-2,-2,-2,0,0,0,0,0,0,0,0,0,0,0,0,0
160000,2,2,1,31,-1,-1,0,0,-2,-2,1133,31964,24805,0,0,0,31964,1003,0,0,0,0,0
360000,2,1,1,36,1,-2,-2,-2,-2,-2,-1,-1,-1,-1,-1,-1,0,0,0,0,0,0,0
340000,2,1,2,44,-2,-2,-2,-2,-2,-2,2732,2183,4103,12950,11372,2434,2183,4142,12950,11372,2434,2222,0
60000,2,1,2,46,0,0,0,0,0,0,16017,30073,18385,20732,21196,23175,22000,3000,3000,1000,3000,0,0
130000,2,2,1,38,-1,-1,-1,0,0,0,5636,8485,6263,24571,18817,13481,8510,6279,24516,16,34,6,0
280000,2,2,1,41,1,-1,-1,-1,-1,-2,268,509,0,121,0,0,509,0,121,0,0,0,0
150000,2,2,1,37,-1,0,0,0,0,0,104460,101914,103297,100603,98188,101441,6000,4573,5000,5000,5000,4100,0
180000,2,3,1,31,0,0,0,0,0,0,68450,69818,71298,72729,73627,75086,3100,3200,3210,2700,2800,3000,0
50000,2,1,1,45,1,2,-1,0,0,0,6805,532,17453,18444,18855,18886,0,17453,1290,701,901,1000,0
300000,2,3,2,33,-1,-1,-2,-2,-2,-2,76922,-694,-694,-694,-694,-694,0,0,0,0,0,5000,1
40000,2,2,1,37,0,0,0,0,2,0,5366,6541,16390,9891,9594,9798,1273,2000,3538,0,500,500,0
50000,2,1,1,39,-1,-1,-2,-2,-1,-1,2080,-60,-60,-60,6000,228,0,0,0,6060,228,1911,0
30000,2,2,1,41,0,0,0,0,0,0,20061,17435,14452,13050,11083,9249,1542,2002,2000,900,1500,1500,0
210000,2,2,1,36,-1,-1,0,-1,-1,-1,2853,8028,10827,5385,1187,1552,8037,6018,5388,1191,1554,1870,0
230000,2,2,2,43,2,2,2,2,2,3,206245,215936,221001,220886,239299,237297,13126,10000,5000,23700,2000,3,1
50000,2,4,1,41,0,0,0,0,0,0,46148,47711,47645,47552,48512,49622,4000,5000,3000,2000,2000,2000,1
300000,2,4,2,45,1,-1,-1,-2,-2,-2,0,1669,0,0,0,0,1669,0,0,0,0,289,0
210000,2,2,1,46,-1,2,-1,-1,-2,-2,594,594,21445,0,0,0,0,21451,0,0,0,0,0
220000,2,3,2,33,-1,0,0,0,0,0,179430,177387,175378,178367,177657,180346,7041,6921,6858,6219,6409,6659,0
60000,2,2,1,45,0,0,0,0,-1,-1,60244,59868,58221,16305,3124,29484,3000,2577,1525,3124,29484,1326,0
20000,2,2,1,31,1,2,2,2,0,0,9701,9401,11903,11420,11342,12157,0,2969,0,408,1000,0,0
180000,2,2,2,34,0,0,0,0,0,0,18314,18630,19126,12939,6939,3439,2000,2000,1042,0,0,191,0
130000,2,3,1,33,1,-2,-2,-2,-2,-2,0,0,0,0,0,0,0,0,0,0,0,0,0
280000,2,1,2,30,-1,-1,-1,-2,-2,-2,26679,52223,25088,9427,2829,198,52223,25100,9427,2838,198,4139,0
220000,2,2,1,34,0,0,0,0,0,0,36242,38320,39700,40737,42743,44052,3000,2000,2000,3000,2000,3000,0
360000,2,1,1,43,-2,-2,-2,-2,-2,-2,0,0,0,0,0,3078,0,0,0,0,3078,0,0
200000,2,1,1,39,1,-2,-2,-1,-1,-1,0,0,0,522,0,1073,0,0,522,0,1073,0,0
100000,2,2,1,35,0,0,0,0,0,0,77394,76081,61898,53035,15785,7762,2640,3007,2300,200,290,50000,1
210000,2,2,2,38,0,0,0,0,0,0,76418,78798,82525,84353,87835,79481,5000,5000,3200,5000,3000,2500,0
200000,2,2,1,48,-2,-1,2,2,-1,-1,-1123,2711,3030,1695,10569,9777,4165,1700,5,10624,9816,9208,1
240000,2,2,1,34,0,0,0,0,0,0,7806,10142,12211,13828,11337,11577,2481,2550,2167,1000,389,1000,0
300000,2,3,2,40,-1,-1,-1,-1,-1,-1,390,390,390,390,390,390,390,390,390,390,390,390,0
450000,2,3,2,40,-1,-1,-1,-1,0,0,5453,25948,53938,14602,18065,19239,26731,55367,15174,10528,10037,48551,0
50000,2,3,2,30,0,0,0,2,-1,-1,16986,6929,8743,1000,5557,5027,1186,2000,0,5557,470,0,1
140000,2,2,2,40,-2,-2,-2,-2,-2,-2,0,1887,0,0,0,0,1887,0,0,0,0,0,0
150000,2,1,2,34,1,-1,-1,-2,-2,-2,0,53,0,0,0,0,53,0,0,0,0,0,0
180000,2,1,1,40,1,-1,-1,-2,-2,-2,0,319,0,0,0,0,319,0,0,0,0,207,1
180000,2,2,2,28,-1,-1,-1,-1,-1,-1,416,416,416,416,416,832,416,416,416,416,832,0,1
320000,2,1,2,28,-1,-1,-1,0,0,0,331,1081,6144,14977,9473,8002,1085,6146,9473,0,5,1386,1
90000,2,1,2,28,2,3,2,0,0,2,88627,86357,84131,85225,90347,85725,0,0,3400,6500,0,3301,1
50000,2,3,1,50,0,0,0,0,0,0,12164,13475,14197,15207,15509,15834,1521,1243,1253,555,575,579,0
170000,2,1,1,50,-1,-1,-1,-1,-1,-1,1978,2191,3185,0,582,3779,2191,3185,0,582,3779,75,0
290000,2,2,1,50,0,0,0,0,0,0,272799,261286,246740,224260,233251,226100,10109,10126,7095,30227,40213,40211,0
60000,2,3,1,58,1,2,0,0,0,0,26259,25544,26578,27828,28271,28868,0,1750,2000,1200,1200,1131,0
10000,2,2,3,52,1,4,3,2,2,0,8546,8267,7992,8610,8325,8441,0,0,900,0,400,900,1
80000,2,2,1,51,0,0,0,0,0,0,42731,23086,23661,24678,25766,26351,1365,1500,1412,1500,1000,1100,1
230000,2,2,2,53,0,0,0,0,0,0,148058,161291,136908,118358,115497,118539,20074,6246,8836,5955,8984,4507,0
450000,2,1,1,54,-2,-2,-2,-2,-2,-2,2500,0,0,0,0,0,0,0,0,0,0,0,0
330000,2,3,1,53,0,0,0,0,0,0,287021,191065,290451,192123,196860,-3140,6802,102428,4100,4937,3140,184036,0
310000,2,2,1,50,-1,-1,-1,0,-1,-1,316,316,6464,7016,4351,17016,316,6464,1000,4351,17016,1206,0
280000,2,2,1,51,2,2,2,2,0,0,258764,279451,280882,218619,201679,195934,25000,7500,0,6500,7000,6000,0
160000,2,2,1,52,-1,-1,2,-1,-1,-1,465,10451,9385,2260,1313,947,10451,0,4560,2626,1894,7428,0
50000,2,2,1,51,1,2,2,-2,-2,-2,4746,4496,0,0,0,0,0,0,0,0,0,0,0
140000,2,1,2,54,1,3,2,2,2,2,17962,17381,18104,17516,18721,18280,0,1300,0,1500,0,1900,1
80000,2,3,1,57,0,0,0,0,0,0,80297,65002,62321,43303,40866,40573,3410,13800,3557,1620,1520,1805,0
40000,2,3,1,60,0,0,0,0,0,0,14019,15780,18519,21058,8204,9899,2000,3000,3000,6000,2000,2000,0
360000,2,1,2,54,-1,-1,-1,-2,-1,-1,4463,3270,0,0,621,0,3270,0,0,621,0,0,0
350000,2,1,1,59,-2,-2,-2,-2,-2,-2,0,0,0,0,0,42800,0,0,0,0,42800,0,0
130000,2,2,2,52,0,0,0,0,0,0,124007,124919,119553,116530,113962,113972,6000,5000,4214,4500,5000,4200,0
70000,2,2,1,51,2,2,2,2,2,2,42815,43913,44911,45772,46611,47508,2100,2000,1900,1900,1800,1900,1
30000,2,3,1,67,2,2,2,0,0,0,27943,30734,28092,29112,29555,28536,3580,0,1800,1200,1083,1200,0
20000,2,3,1,56,0,0,0,0,0,0,19774,14990,14071,15512,17081,21108,2009,2000,2000,2000,5016,11,0
20000,2,2,2,53,2,4,4,3,3,2,17474,18396,17826,18547,19118,18679,1500,0,1300,1170,0,1600,0
100000,2,2,2,56,-2,-1,2,-1,-1,-1,390,780,390,390,3863,390,780,0,390,3863,390,390,0
300000,2,2,1,53,-2,-2,-2,-2,-2,-2,7733,7424,8042,7733,7733,7733,7424,8351,7733,7733,7733,7733,0
160000,2,3,1,74,0,0,0,-1,-1,-1,79201,69376,66192,16905,0,19789,3783,2268,16905,0,19789,26442,0
280000,2,1,1,56,-2,-2,-2,-2,-2,-2,4320,4789,9957,12492,3464,3936,4811,9957,12492,3469,3936,3845,0
50000,1,1,2,29,0,-1,-1,2,0,0,50085,2127,6093,5850,9558,15371,3000,4000,0,4000,6000,0,1
50000,1,3,2,26,0,0,0,0,0,0,50343,24132,20109,19932,19762,10708,1319,1902,1200,30,1031,20201,0
50000,1,3,2,25,0,0,2,2,0,0,39686,43685,44694,43673,44659,49512,5000,2000,0,2000,6000,300,0
20000,1,2,2,23,1,2,2,0,0,2,17081,16809,17541,18250,19463,19010,300,1305,1305,1518,0,1861,1
10000,1,3,3,22,0,0,0,0,0,0,9473,9661,9001,9768,9233,9154,1288,1400,1200,300,800,500,1
20000,1,2,2,24,2,2,2,2,0,0,5266,6026,15855,16295,17023,17388,1000,10000,1000,1000,639,2822,1
10000,1,1,2,24,0,0,2,0,0,0,7760,8928,8386,7512,7615,7621,1471,1100,1107,600,264,544,0
50000,1,2,2,24,0,0,0,0,0,-1,49411,50385,50207,48974,19090,780,2100,2183,1211,1362,390,780,0
20000,1,2,2,23,0,0,0,0,0,0,16994,18105,19504,19974,11548,10784,1700,2000,1011,300,216,0,0
20000,1,2,2,24,0,0,0,0,-2,-2,15940,19222,20650,0,0,0,3572,2000,0,0,0,0,0
50000,1,2,2,25,0,0,0,0,-2,-2,43793,41739,20650,0,0,0,1651,1650,0,0,0,0,0
70000,1,3,2,25,1,2,0,0,0,0,69447,67209,56580,24991,16036,16667,0,4000,1500,3000,2500,5000,1
20000,1,3,2,25,3,2,2,4,4,4,1650,1650,1650,1650,1650,1650,0,0,0,0,0,0,1
20000,1,2,2,25,1,2,3,2,0,0,18885,21563,20943,20152,19754,19204,3300,0,0,2,384,2488,1
20000,1,2,2,25,0,0,0,0,0,2,17927,17384,13648,13924,15685,15292,1500,1500,1400,2000,0,2500,0
20000,1,3,2,24,0,0,0,0,0,0,19438,16944,17990,19671,19244,19443,1273,1319,2000,674,693,693,0
180000,1,2,1,26,-1,-1,-1,-1,-1,-1,396,396,396,396,396,396,396,396,396,396,396,396,0
80000,1,2,1,26,2,0,0,0,0,0,31740,74415,56435,40620,37356,35091,50000,1796,2126,1539,1807,1715,0
110000,1,2,2,26,0,0,0,0,0,0,61167,60549,55400,10711,10868,11079,2721,2422,1132,289,341,327,0
50000,1,2,2,24,0,0,0,0,0,0,19267,23553,21507,17827,7655,7881,5000,1700,2000,500,500,500,0
60000,1,1,2,25,0,0,0,0,0,0,58479,58839,53235,38533,39639,39619,3000,2018,1900,2000,1500,1900,0
50000,1,2,2,25,0,0,0,0,0,2,29425,30932,32128,33588,38106,37364,2000,2000,2000,5100,0,4000,0
240000,1,2,2,26,0,0,0,0,0,0,24779,28630,29095,28883,28372,24033,5000,1700,1500,755,3000,120000,0
50000,1,2,2,26,-1,-1,-1,-1,-1,-1,581,581,581,581,581,581,581,581,581,581,581,581,0
310000,1,1,2,26,-1,0,0,0,0,0,47330,48947,49738,53602,40510,43742,4000,5000,5052,9950,5000,5000,0
110000,1,2,1,30,2,2,2,2,2,2,88168,90585,89555,87410,85576,84021,7300,3800,3000,3100,3000,3000,1
110000,1,1,2,26,0,0,0,0,0,0,65215,130746,69834,71245,72199,73711,2375,10000,3170,2735,2829,3138,0
110000,1,2,1,26,0,0,0,0,0,0,52489,53615,54803,55729,57001,58036,2000,2050,1895,2068,1982,1995,0
40000,1,2,2,27,1,3,2,2,3,2,40933,39630,40340,42332,41023,42722,0,2000,3304,0,3000,1200,0
180000,1,1,2,26,0,0,0,0,2,0,23758,31278,124718,133102,124279,123748,9000,100000,12000,0,4800,6500,0
50000,1,3,2,26,0,0,0,0,0,0,50632,49654,49746,50365,35157,19796,1808,2084,1703,975,683,657,0
10000,1,2,2,27,-1,0,0,0,0,0,5002,6014,7111,8120,9120,0,1103,1200,1200,1000,0,0,0
50000,1,2,2,28,0,0,2,2,0,0,5281,7025,7758,8459,8635,7473,2000,1000,1000,282,1000,500,0
20000,1,2,2,27,1,6,5,4,4,3,19388,18807,18235,18654,18073,17501,0,0,1000,0,0,0,0
10000,1,1,2,27,0,0,0,0,0,0,8907,6599,7736,8492,8138,4990,1500,1400,1000,1009,1000,1598,0
60000,1,1,2,27,0,0,0,0,0,0,5370,7268,10131,11644,14430,17180,2000,3000,2000,3000,3000,2000,0
50000,1,2,1,28,0,0,0,-2,-2,-2,49139,50125,0,0,0,0,2500,0,0,0,0,0,0
200000,1,1,2,29,1,2,0,0,0,0,7885,7613,9318,10297,17321,21263,0,2003,2063,8000,4033,2199,1
80000,1,1,2,27,0,0,0,0,0,0,63132,61397,70223,53429,28689,24827,2378,10000,23000,5000,10000,6000,0
80000,1,1,1,27,-1,-1,0,-1,-1,0,2197,3613,4820,867,1154,2473,3613,1500,867,1500,1500,3700,0
290000,1,1,2,28,-2,-2,-2,-2,-2,-2,346,0,2765,6116,10462,1052,0,2765,6200,10479,1052,1481,1
160000,1,2,2,28,-1,2,2,-2,-1,-1,530,530,-102,-418,-418,1647,0,102,316,123,2847,2,0
150000,1,2,2,28,0,0,0,-2,-2,-2,157051,161665,0,0,0,0,8566,1500,0,0,0,0,0
240000,1,1,2,28,0,0,0,0,0,0,227346,231891,240146,245552,91382,93177,8308,12000,10373,3403,4000,4000,0
200000,1,1,2,28,-1,-1,2,-1,-1,-1,5765,12386,2662,6023,8303,171059,12453,12,6053,8337,171074,5036,0
130000,1,2,2,29,0,0,0,0,0,0,58299,59352,51420,48140,34893,33986,2626,8585,1620,698,725,843,0
50000,1,2,2,29,0,0,0,-2,-2,-2,28818,26000,0,0,0,0,2000,300,0,0,0,0,0
50000,1,3,1,31,1,1,-2,-2,-2,-2,43200,0,0,0,0,0,6000,0,0,0,0,0,0
10000,1,2,1,29,0,0,0,0,0,0,8099,9727,5732,6576,7472,8359,2000,3000,1104,1000,1000,2000,0
50000,1,2,2,28,0,0,0,0,0,0,48591,48896,48587,37211,28248,28430,2300,2000,1432,988,1600,1600,0
140000,1,4,2,30,-2,-2,-2,-1,-1,0,2663,1823,1823,1769,84042,89381,1823,1823,1769,85096,9000,4000,0
310000,1,1,2,30,-1,0,0,0,0,0,48931,207890,24113,65010,67144,60592,207000,20000,60126,20000,25000,6000,0
500000,1,1,1,30,-1,-1,-1,-2,-2,-2,6049,2500,0,0,0,0,2500,0,0,0,0,0,0
280000,1,1,2,29,-2,-2,-2,-2,-2,-2,10660,5123,8467,2510,591,14994,5123,8467,2510,591,14994,5000,0
220000,1,2,1,30,0,0,0,0,0,2,15746,17537,14856,35705,25649,5018,16780,14469,35278,4647,19,8438,0
50000,1,3,2,30,0,0,0,0,-1,-1,9610,9132,8681,8039,4952,390,1147,1169,1000,4986,390,390,1
50000,1,1,2,29,0,0,0,2,0,0,5249,14427,19819,18567,23535,28620,10000,6000,0,5630,6000,5000,0
210000,1,2,2,26,0,0,-2,-2,-1,2,9358,-27,-27,-27,3073,2878,0,0,0,3100,0,2003,0
50000,1,4,2,27,0,0,0,0,0,-2,47830,47863,34725,15735,0,0,6143,2354,4147,0,0,0,0
150000,1,1,2,27,0,0,0,0,0,0,85500,86009,86108,89006,89775,87725,3956,4031,10006,3266,4040,1698,0
250000,1,2,1,32,-1,-1,-2,-1,0,0,79319,0,0,174749,171541,175042,0,0,174749,0,3501,146794,0
500000,1,1,1,39,0,0,0,0,0,0,133598,167378,171106,174500,137406,204975,54209,4607,4603,5224,207440,7509,0
10000,1,2,1,42,2,2,3,2,2,2,4770,9182,8893,8928,9586,9294,4505,0,334,801,0,1487,1
10000,1,3,2,46,0,0,0,0,0,0,9592,8844,7560,7134,7280,0,1150,1166,2000,146,0,0,1
70000,1,2,1,33,-1,-1,0,0,0,0,390,4924,5566,6139,5868,6399,4924,1113,1076,195,1000,235,1
100000,1,3,2,48,0,0,0,0,0,0,58430,36846,35538,34958,34039,33650,2000,2000,2000,2000,2000,20000,0
50000,1,2,1,36,3,2,2,7,7,7,2400,2400,2400,2400,2400,2400,0,0,0,0,0,0,1
50000,1,2,1,42,1,-1,-1,-1,0,-1,0,3095,5850,4300,2800,3000,3095,5855,4300,2500,3000,500,0
150000,1,1,2,30,0,0,0,0,0,0,147112,122159,125470,119007,101928,103989,4518,6000,4055,13980,4000,3950,0
50000,1,2,1,49,0,0,0,0,0,-1,48481,48526,50056,49735,14240,890,2313,2313,2082,677,890,14441,1
150000,1,4,1,36,0,0,0,0,0,0,181335,188576,188864,188547,193087,196559,14000,7000,5000,8000,7000,5000,0
190000,1,2,1,35,1,-2,-1,-1,-2,-2,0,0,100104,0,0,0,0,100104,0,0,0,0,0
20000,1,2,1,32,0,0,0,0,0,0,23055,24070,25183,25961,27491,40106,1400,1500,1275,1805,2000,2728,1
200000,1,2,1,37,-1,-1,-1,-1,-1,-1,3506,4713,2519,3960,6797,4414,4727,2526,3971,6827,4427,5603,0
20000,1,2,2,39,-1,0,0,2,0,0,18646,17746,19953,19183,17703,12100,2000,3200,0,0,1100,0,1
20000,1,2,2,33,0,0,0,0,0,0,13479,14944,16392,17789,18238,17638,2000,2000,2000,1000,800,700,0
130000,1,1,1,40,2,2,0,0,0,0,80987,79085,82799,86407,88959,97487,0,5000,5000,4000,10000,3724,1
30000,1,1,2,49,0,0,0,2,0,0,25144,25831,29122,28277,20390,20555,1500,4500,0,900,1000,2000,0
60000,1,2,1,37,0,0,0,-1,-1,-1,6742,9582,-27,15273,14766,14687,3000,18,15300,5000,15132,6500,0
50000,1,2,2,37,5,4,3,2,0,0,19859,19268,18687,17956,17710,18710,0,0,0,354,1000,1000,0
20000,1,3,1,38,0,0,0,0,0,0,17224,16533,17557,18666,19037,19434,1267,1291,1400,681,703,600,0
500000,1,1,1,37,0,0,2,0,0,0,474934,507062,491956,430637,376657,356636,40024,325,15296,12137,12312,14113,0
90000,1,2,1,45,-1,3,2,2,-1,-1,3664,3449,1776,-1170,390,390,0,0,0,1560,390,930,1
50000,1,2,2,48,0,0,0,0,0,0,44385,45637,46815,16927,17263,17628,1992,2170,1282,618,643,1000,0
50000,1,2,2,42,0,0,0,0,0,0,49165,46466,47145,47658,48209,48579,1800,1814,1717,1658,1858,2000,0
340000,1,2,2,30,0,0,0,0,0,0,233770,216978,181217,172862,171353,170048,8100,8000,6102,6628,6517,4500,1
80000,1,2,2,29,-1,-1,-1,0,0,0,28175,0,68227,68040,69840,69840,0,68227,2000,2000,0,0,0
60000,1,3,1,42,0,0,0,0,0,0,19489,20496,21702,22360,19760,0,1336,1542,1200,500,0,0,0
70000,1,2,1,42,4,4,4,4,4,4,59130,59831,61873,63359,64221,65706,2272,3614,3100,2500,3100,1000,1
50000,1,3,1,32,0,0,0,0,0,-1,47974,43680,22133,12882,8131,3983,3000,2871,1000,163,3983,3771,1
250000,1,1,2,29,0,0,0,0,0,0,240725,200603,150035,145876,100971,50333,10022,7004,5414,2500,1010,48440,0
310000,1,1,1,47,-2,-2,-2,-2,-2,-2,-1874,-2474,-2474,-74,2226,-484,0,0,2400,2300,0,0,0
240000,1,2,1,31,2,0,-1,2,2,-1,60511,41296,2181,1175,-13,2487,2300,2185,4,0,2500,0,1
30000,1,2,1,44,1,2,2,0,0,0,12351,13068,12568,13880,13849,14816,1216,0,1528,497,1192,0,0
500000,1,2,1,33,0,0,0,0,0,0,5322,5920,6061,7289,8313,6490,1125,1280,1791,1528,1512,1370,0
30000,1,2,2,38,0,0,2,2,2,2,29770,27400,28935,28934,30313,30330,6000,2273,780,2635,1033,611,0
230000,1,2,1,35,0,0,0,0,0,0,174274,176853,180639,180117,179717,124117,7004,10000,5000,0,5000,189600,0
240000,1,2,1,36,0,0,0,0,-2,-2,230523,237022,235890,0,0,0,11828,6100,0,0,0,0,0
10000,1,2,1,45,1,2,2,2,2,-2,6321,6075,10062,6267,-610,-220,0,4312,0,0,780,1150,0
100000,1,3,1,30,0,0,0,2,0,0,50512,49374,51644,45920,21659,10861,2000,5138,75,1032,32,15127,0
200000,1,1,2,37,-2,-2,-2,-2,-2,-2,4279,3774,706,5177,3792,12035,3856,706,5192,3808,12035,33436,0
300000,1,1,1,38,-2,-2,-2,-2,-2,-2,0,0,0,0,0,0,0,0,0,0,0,0,1
290000,1,1,2,33,0,0,0,0,0,0,277227,279189,265077,241284,102450,104544,10681,15089,8801,7450,4544,4028,0
150000,1,4,2,29,0,0,0,0,0,0,200442,206334,206221,69995,60000,0,8500,8000,2500,1500,0,0,1
90000,1,2,1,30,1,2,0,0,0,2,45271,44247,45287,46332,49715,48788,0,2055,2100,4476,0,3800,0
210000,1,2,1,31,-1,-1,2,-1,-1,-1,1748,2488,740,2048,740,740,2488,0,2048,740,740,740,0
20000,1,1,2,31,-2,-2,-2,-1,-1,-1,668,355,0,600,5275,841,355,0,600,5275,841,763,0
90000,1,2,2,32,0,0,0,-2,-2,-2,88903,34000,0,0,0,0,7000,0,0,0,0,0,0
200000,1,2,2,34,0,0,0,0,2,0,176642,180421,185722,196732,188930,192647,7000,8500,16000,0,7500,15000,0
200000,1,3,2,42,-1,0,0,0,0,0,2753,4520,7151,9641,14927,17345,3006,5019,5013,10007,5006,10003,0
200000,1,2,1,37,0,0,0,0,0,0,149303,156632,136685,137432,138059,126615,30000,30000,4148,15100,8029,15004,0
20000,1,2,2,36,0,0,0,0,-2,-2,20528,16287,7415,0,0,0,1300,1000,0,0,0,1180,1
400000,1,2,2,37,1,-1,0,0,0,0,396343,394858,395716,385947,305542,271385,423903,15100,14600,13000,9500,9500,0
100000,1,3,1,49,0,0,0,0,0,0,99721,86232,83745,79107,63811,48863,3500,5000,3000,3000,1732,4700,0
100000,1,2,2,32,0,0,0,0,0,0,85366,87064,89401,90470,44610,45806,3114,3738,3059,1450,1765,1473,0
340000,1,1,2,33,1,-2,-2,-2,-2,-2,0,0,0,0,0,0,0,0,0,0,0,0,1
180000,1,4,1,34,-2,-2,-2,-2,-2,-2,0,0,0,0,0,0,0,0,0,0,0,0,0
150000,1,4,1,36,0,0,0,0,0,0,216482,220889,133616,136378,139219,142172,5500,3800,3900,4000,4100,4100,0
10000,1,2,1,37,1,-2,-1,3,2,0,-265,-265,5235,5007,4779,7680,0,5500,0,0,3000,2000,1
200000,1,2,1,42,0,0,0,0,0,0,76929,74701,69669,13877,9789,116868,5000,4070,3000,2078,115000,6000,0
150000,1,1,1,43,-1,3,2,-1,-1,-1,832,832,416,416,416,416,0,416,416,416,416,0,1
320000,1,1,2,30,0,0,0,0,0,0,95526,97737,101151,104203,108867,40411,5000,5000,5000,5364,5010,5013,0
340000,1,3,1,36,0,0,0,0,0,0,362178,303611,92112,75710,63870,52671,10116,3300,5000,10000,10000,30000,1
390000,1,2,1,37,0,0,0,0,0,0,174603,178087,185212,187648,192538,198828,6379,10000,7001,8001,10000,10000,0
20000,1,3,2,49,0,0,0,-2,-2,-2,16787,18464,0,0,0,0,2074,0,0,0,0,0,0
300000,1,1,1,46,-1,-1,-1,-1,-1,-1,132760,1968,4436,839,5792,7053,1977,4458,862,5821,7088,9647,0
120000,1,3,1,47,0,0,0,0,0,0,71777,73282,75499,77739,78666,80399,2700,3400,3500,2815,3000,3000,1
410000,1,1,2,34,0,0,0,-1,-1,-1,468749,411016,420393,1467,1421,-15,17259,18600,1474,1428,0,0,1
150000,1,2,1,35,1,-2,-2,-2,-2,-2,-18,-18,-18,-18,-18,-18,0,0,0,0,0,0,0
50000,1,2,1,40,0,0,0,0,0,0,49073,49531,44002,44356,19344,19354,1691,1942,1296,674,693,1000,0
130000,1,3,2,40,0,0,0,0,0,0,129548,129438,129388,127628,64345,62373,6000,6000,5161,2239,3000,2291,0
130000,1,3,1,45,-1,-1,-1,-1,-1,-1,1475,1826,2831,2756,1585,1215,1826,2831,2756,1585,1215,2402,1
210000,1,2,2,30,-1,-1,-1,-1,0,-1,4206,3980,7509,1252,626,626,3980,7509,1252,0,626,626,0
170000,1,1,2,30,0,0,0,0,-2,-2,129848,89684,31050,0,0,0,5115,2500,0,0,0,0,0
220000,1,2,1,41,0,0,-1,-1,-2,-2,45075,8840,1369,5924,1759,1824,8840,6643,5924,1759,1824,7022,0
180000,1,1,1,32,-2,-2,-2,-2,-2,-2,0,0,0,0,0,0,0,0,0,0,0,0,0
50000,1,3,2,42,0,0,0,0,0,0,43998,49123,49397,50360,19971,19694,10000,4000,5000,3000,4500,2000,0
